billing_date,client_id,service_code,resource_id,billable_hours,capacity_hours,bill_rate_gbp,amount_billed_gbp,cost_inr,status
2025-11-25,C008,Hd,R4954,703.5,830.6,GBP 22.00,"15,476.32","569,940",Credit
"May 11, 2025",C006,SOC,R3942,150.3,184.8,GBP 42.00,"6,313.74","224,557",BILLED
2025-08-26,C001,aut,R1449,190.5,240.4,£52.00,"£9,904.20","₹376,663",BILLED
21/02/2025,C011,DEV,R6308,17.1,22.1,£45.00,£769.15,"36,675",Billed
2025-07-03,C007,OFP,R4460,173.6,202.4,16.00,"GBP 2,777.61","₹115,438",billed
"Jul 4, 2025",C005,dev ,R3459,96.3,117.4,45.00,"4,334.56","206,643",Billed
2025-12-19,C008,noc,R4971,194.1,244.2,28.00,"(£1,630.32)","206,637",billed
25/05/2025,C008,hd ,R4858,629.6,747.5,22.00,null,"₹489,186",Draft
2025-08-07,C999,Ofp,R5917,135.3,159.0,£16.00,"£2,165.25","₹90,256",BILLED
2025.01.02,C002,noc,R1847,357.4,430.4,28.00,"10,006.96","₹382,251",BILLED
2025.05.04,C009,Ofp,R5389,178.2,209.3,£16.00,"£2,850.65","114,105",Billed
19/11/2025,C009,CLD,R5470,96.4,128.8,£48.00,"£4,626.02","₹183,057",Credit
2025-09-02,C002,noc,R1960,570.2,703.1,£28.00,"(4,789.55)","611,092",billed
"Feb 24, 2025",C005,OFP,R3392,260.6,305.0,£16.00,"£4,169.05","177,602",credit
2025-12-22,C010,soc ,R5965,28.8,36.2,£42.00,"1,210.27","41,261",Credit
2025.12.08,C005,AUT,R3532,90.6,109.6,£52.00,"£4,711.17","₹175,858",BILLED
2025-05-11,C002,SOC,R1905,557.8,700.3,42.00,"23,428.92","₹801,166",BILLED
"Apr 16, 2025",C001,Soc,R1385,436.1,535.2,£42.00,"£18,317.57","660,762",Billed
05/05/2025,C001, HD,R1394,919.5,1077.1,22.00,"£20,229.28","732,344",billed
2025-07-23,C012,SOC,R6828,17.0,21.4,£42.00,713.50,"₹25,645",credit
"Dec 28, 2025",C002,Dev,R2011,468.3,597.9,£45.00,"21,074.13","987,324",credit
2025.05.22,C005,Ofp,R3434,385.9,436.2,16.00,"6,175.09","254,318",Credit
2025.08.18,C012,CLD,R6843,19.6,24.4,£48.00,-,"38,459",billed
2025-12-20,C005,Soc,R3528,103.8,138.0,GBP 42.00,"£4,360.99","₹153,569",credit
2025.06.04,C004,aut,R2941,139.3,181.1,52.00,"7,245.22","INR 266,987",Billed
2025.08.17,C004,Noc ,R2958,355.3,421.0,28.00,"£9,947.48","382,379",credit
2025-12-25,C006,DEV,R4038,131.0,173.1,45.00,"5,895.15","INR 274,903",Billed
"Jul 4, 2025",C002,Hd,R1929,884.9,1022.4,22.00,"£19,468.81","₹736,842",credit
"Sep 2, 2025",C010,CLD,R5926,18.9,24.0,£48.00,£907.14,"₹35,750",BILLED
2025-11-06,C012,OFP,R6890,185.6,221.6,16.00,"£2,969.11","₹120,469",billed
2025-12-07,C008,noc,R4972,205.2,258.2,£28.00,"5,744.90","₹226,517",draft
2025-05-23,C008,Aut ,R4871,40.2,49.8,null,"£2,089.62","75,673",Draft
"Oct 5, 2025",C008,DEV,R4947,168.3,214.8,£45.00,"£7,573.40","358,336",Draft
24/07/2025,C005,Ofp,R3462,848.7,990.3,16.00,#N/A,"₹530,514",credit
19/06/2025,C007,AUT,R4445,30.9,39.4,GBP 52.00,"1,604.82","62,876",draft
2025-11-05,C009,noc,R5464,352.5,435.1,£28.00,"£9,870.04","377,369",billed
2025-09-01,C012,soc ,R6854,43.6,54.8,£42.00,"£1,830.64","66,210",Draft
"Aug 20, 2025",C010,Noc ,R5909,52.0,62.8,28.00,"GBP 1,456.82","55,017",Credit
2025.11.25,C009,SOC,R5467,95.0,121.9,£42.00,"£3,990.19","₹138,962",credit
2025.03.12,C001, HD,R1368,972.6,1138.0,£22.00,"21,396.18","₹806,422",BILLED
2025-08-09,C006,OFP,R3987,176.5,209.0,16.00,error,"116,144",credit
2025-09-12,C012,Hd,R6850,267.0,307.3,22.00,"5,873.73","220,333",draft
2025-09-01,C006,dev ,R3995,74.4,93.5,£45.00,"£3,348.24","154,393",Billed
2025-01-25,C003,Soc,R2353,257.3,318.6,£42.00,"10,806.93","₹367,422",billed
12/05/2025,C009,Hd,R5374,538.9,625.2,£22.00,"£11,854.78","436,156",BILLED
16/03/2025,C004,Ofp,R2908,251.9,291.0,16.00,#N/A,"159,517",BILLED
02/03/2025,C004,Soc,R2899,544.6,681.3,42.00,"22,874.68","₹818,365",draft
2025-09-16,C002,soc ,R1963,520.3,627.7,£42.00,"£21,853.52","767,471",Credit
2025.09.12,C009,noc,R5436,297.8,341.0,£28.00,"8,337.09","322,357",billed
2025.12.01,C009,noc,R5480,291.2,345.9,£28.00,"£8,153.51","302,131",Draft
"Jun 9, 2025",C004,Noc ,R2935,548.8,659.3,£28.00,"£15,365.65","576,636",billed
2025-03-09,C012,cld,R6778,30.0,38.6,48.00,"£1,440.87","INR 57,588",BILLED
2025-08-03,C006,aut,R3984,null,32.5,-,"1,381.39","INR 51,316",credit
07/09/2025,C001,SOC,R1455,370.4,466.5,42.00,"15,555.93","₹545,147",credit
2025-06-20,C999,Ofp,R4448,464.0,n/a,16.00,"7,424.09","₹313,482",billed
2025-08-13,C005,soc ,R3468,116.9,143.2,42.00,"(GBP 1,472.72)","₹173,779",draft
2025-01-13,C999,Cld ,R3885,143.1,193.2,GBP 48.00,"(£2,060.43)","265,450",Billed
2025.11.20,C999,soc ,R6878,14.5,17.6,42.00,£607.73,"20,963",Credit
05/06/2025,C004,DEV,R2939,538.3,690.9,GBP 45.00,"£24,222.12","₹1,128,194",Credit
2025-12-23,C011,NOC,R6447,188.0,227.4,£28.00,"£5,262.88","₹202,681",Billed
"May 1, 2025",C006,Hd,R3936,370.7,450.1,22.00,"£8,155.16","₹292,531",Draft
2025.06.28,C008,Soc,R4878,92.5,117.4,£42.00,"£3,883.25","138,864",draft
"Jul 28, 2025",C009,ofp ,R5419,610.7,720.1,16.00,"£9,770.69","₹401,487",Billed
22/06/2025,C002,HD,R1914,561.3,678.2,£22.00,"(£3,704.56)","₹449,803",draft
"Aug 25, 2025",C012,NOC,R6838,67.9,77.8,GBP 28.00,"1,901.18","73,604",Billed
12/02/2025,C004,ofp ,R2889,242.3,279.7,£16.00,"3,876.51","162,280",BILLED
26/06/2025,C003,noc,R2424,-,593.3,£28.00,"13,738.23","₹522,652",credit
2025-08-08,C001,SOC,R1444,352.9,432.0,£42.00,"£14,823.54","₹518,667",Credit
2025.01.08,C004,HD,R2861,573.0,687.9,£22.00,"£12,605.48","₹462,443",billed
"Jun 22, 2025",C010,dev ,R5886,22.6,29.0,£45.00,"1,017.85","₹46,826",Credit
2025-09-07,C002,AUT,R1968,190.9,243.1,£52.00,"9,927.18","INR 353,523",Draft
"Feb 16, 2025",C011,Cld ,R6304,21.6,25.7,£48.00,"£1,037.92","₹40,494",Billed
"May 14, 2025",C005,cld,R3428,192.6,239.8,48.00,"9,244.47","₹383,848",Credit
14/02/2025,C008,DEV,R4823,130.8,165.8,45.00,"GBP 5,885.16","₹269,293",Draft
2025-03-27,C012,Soc,R6776,13.9,16.5,£42.00,GBP 582.73,"20,058",billed
"May 19, 2025",C009,aut,R5386,37.4,47.5,null,(583.20),"71,727",credit
2025-10-17,C008, HD,R4936,677.6,772.3,22.00,"£14,908.02","₹558,666",credit
2025.08.04,C001,hd ,R1439,745.5,843.4,22.00,"£16,401.57","₹612,267",BILLED
21/03/2025,C008,Cld ,R4836,130.1,163.0,null,"6,246.93","₹249,212",Draft
2025-08-24,C006,AUT,R3985,27.7,33.9,GBP 52.00,"£1,439.66","53,315",billed
09/04/2025,C003,ofp ,R2403,250.2,293.9,£16.00,,"₹164,859",Draft
2025.07.04,C002,AUT,R1941,418.4,537.2,£52.00,"(6,526.52)","₹790,852",Credit
2025-02-05,C007,OFP,R4399,259.5,300.5,16.00,"4,151.52","166,900",credit
"Oct 9, 2025",C012,aut,R6868,18.4,23.5,52.00,£958.39,"INR 35,538",Draft
"Jan 8, 2025",C007,ofp ,R4387,189.2,225.2,£16.00,"£3,026.57","122,302",billed
"Jul 15, 2025",C002,Soc,R1935,387.1,462.5,£42.00,"16,256.79","₹547,506",credit
12/11/2025,C001,aut,R1499,190.9,239.3,£52.00,"£9,926.14","367,429",billed
2025-05-09,C009,CLD,R5382,102.2,129.1,48.00,"4,907.17","198,702",Credit
2025-11-22,C002,Aut ,R1997,135.7,176.4,£52.00,"7,058.00","₹267,737",Draft
2025-08-26,C002,Cld ,R1948,187.4,245.2,£48.00,"8,995.96","370,634",credit
2025-11-28,C012,hd ,R6874,156.4,191.4,£22.00,"3,440.26","124,077",credit
2025.12.06,C002,CLD,R2009,185.6,240.0,£48.00,"£8,909.12","INR 358,751",BILLED
"Feb 4, 2025",C999,Soc,R3384,107.0,131.1,GBP 42.00,"4,495.93","158,443",billed
2025-10-07,C001,HD,R1468,777.5,900.3,£22.00,"£17,106.04","629,398",Billed
2025-05-05,C009,AUT,R5387,35.8,45.5,£52.00,"1,860.06","69,569",Draft
01/05/2025,C999,Dev,R6807,15.7,20.4,-,£708.10,"₹32,419",Credit
19/08/2025,C005,SOC,R3467,115.9,142.0,£42.00,"4,868.44","₹163,559",credit
2025-12-22,C011,Dev,R6455,17.2,22.6,45.00,775.06,"35,487",credit
22/11/2025,C002,aut,R1996,144.4,187.7,null,"7,510.20","280,259",Credit
2025-07-05,C006,soc ,R3965,134.1,172.9,,"£5,631.75","INR 195,539",Billed
2025-07-15,C010,AUT,R5900,10.7,12.8,52.00,£556.38,"₹20,939",Draft
"Apr 19, 2025",C007,Dev,R4418,79.3,102.5,£45.00,"£3,567.74","₹165,690",BILLED
2025.05.27,C011,soc ,R6345,18.1,21.8,42.00,759.69,"₹26,792",BILLED
"Jun 21, 2025",C002,AUT,R1924,430.0,521.9,52.00,"22,361.58","INR 811,140",credit
"Nov 16, 2025",C005,CLD,R3514,131.9,167.5,48.00,"6,331.49","265,258",Billed
"Jan 5, 2025",C005,Noc ,R3365,230.2,272.1,£28.00,"£6,444.79","INR 247,830",Billed
"Dec 16, 2025",C001,ofp ,R1516,835.2,965.2,16.00,"£13,362.58","₹533,435",Draft
2025-06-08,C010,hd ,R5880,238.5,291.8,22.00,"£5,247.42","201,118",Billed
11/02/2025,C999,CLD,R5832,22.7,27.8,£48.00,"£1,091.48","₹45,964",billed
02/12/2025,C009,NOC,R5481,327.8,389.3,£28.00,"9,177.52","INR 353,698",draft
2025-11-20,C012,hd ,R6872,185.4,226.9,22.00,"4,079.31","₹152,563",BILLED
"Nov 21, 2025",C008,Ofp,R4965,184.0,217.4,£16.00,"2,943.48",NA,billed
2025-11-12,C006, HD,R4017,366.0,445.8,£22.00,"8,052.98","289,045",Billed
06/08/2025,C003,Aut ,R2455,326.0,408.9,52.00,"£16,949.84","₹610,519",draft
08/05/2025,C012,HD,R6799,240.8,280.8,£22.00,"5,298.31","₹195,380",Billed
"Aug 11, 2025",C001,CLD,R1445,664.1,851.8,NA,"£31,876.51","INR 1,294,466",Billed
2025.08.18,C002,Noc ,R1946,375.5,446.3,28.00,"(£3,154.11)","395,402",billed
2025-03-23,C011,cld,R6320,29.4,36.3,48.00,"1,410.97","56,536",credit
2025.08.12,C008,Ofp,R4915,155.0,173.6,16.00,"GBP 2,479.41","₹101,719",Billed
13/10/2025,C008,Cld ,R4944,102.0,125.1,£48.00,n/a,"₹193,969",Credit
"May 12, 2025",C009,noc,R5377,300.9,370.2,28.00,"£8,424.20","₹317,602",billed
2025.09.20,C008,dev ,R4929,108.7,142.9,45.00,"£4,892.54","₹228,296",Credit
2025-06-08,C005,Dev,R3443,115.5,142.9,45.00,"£5,199.21","₹242,564",Credit
2025-09-12,C004,DEV,R2979,161.3,218.9,£45.00,"£7,257.94","338,493",Billed
2025-09-23,C009,aut,R5442,48.4,61.5,52.00,"GBP 2,517.57","94,059",billed
2025.03.21,C010,dev ,R5845,16.7,21.2,£45.00,£750.09,"₹34,819",billed
2025.05.18,C003,Noc ,R2408,274.7,326.5,£28.00,"7,691.63","294,659",Credit
2025.06.12,C002,Ofp,R1926,270.1,316.5,£16.00,"4,321.73","₹173,778",BILLED
2025.08.25,C001,dev ,R1447,145.2,193.0,£45.00,"£6,532.32","306,436",billed
"Nov 4, 2025",C009,cld,R5469,90.9,121.5,48.00,"4,363.38","164,378",draft
14/01/2025,C009,NOC,R5320,291.0,342.7,28.00,"£8,148.53","306,062",credit
2025-02-12,C009,Noc ,R5339,312.5,n/a,28.00,"8,750.97","320,782",Credit
2025.03.02,C001,AUT,R1378,139.1,180.9,52.00,error,"₹274,118",BILLED
2025-10-28,C004,DEV,R2995,247.6,310.4,45.00,"£11,142.26","525,187",draft
15/10/2025,C012,Ofp,R6869,145.5,166.8,£16.00,"£2,328.71","₹96,616",Draft
2025-07-27,C009,AUT,R5417,32.4,40.8,£52.00,"1,685.46","₹61,724",billed
2025-09-13,C003,HD,R2458,750.1,,22.00,"£16,501.30","601,543",billed
2025-08-09,C006,AUT,R3983,29.7,36.3,£52.00,"GBP 1,543.57","₹57,003",draft
2025-02-11,C011,Aut ,R6309,8.5,10.8,£52.00,£442.17,"₹15,790",credit
17/09/2025,C009,hd ,R5433,422.4,492.1,£22.00,"£9,293.31","₹346,293",Credit
"Jun 10, 2025",C010,OFP,R5890,222.6,253.5,16.00,"£3,562.28","₹150,358",credit
"Jul 17, 2025",C005,noc,R3450,352.3,412.1,£28.00,"£9,864.14","₹361,798",billed
2025-09-20,C002,Hd,R1959,722.7,896.6,£22.00,"15,900.13","565,901",Draft
"May 20, 2025",C011,Soc,R6346,15.0,18.0,£42.00,£629.33,"₹23,206",credit
"May 24, 2025",C010,OFP,R5877,411.4,483.3,£16.00,"(£1,974.72)","₹270,969",Credit
2025-04-20,C009,Cld ,R5367,74.6,95.7,£48.00,"3,580.40","144,224",BILLED
20/09/2025,C012,Dev,R6857,49.5,63.1,£45.00,"£2,228.29","₹103,205",BILLED
2025-08-01,C001,HD,R1437,597.6,676.1,£22.00,"£13,147.84","509,745",billed
2025.11.24,C012,Aut ,R6886,4.6,5.8,GBP 52.00,£239.14,"₹8,614",Credit
23/10/2025,C005,noc,R3494,408.4,481.7,£28.00,"11,434.56","₹439,860",BILLED
12/08/2025,C011,SOC,R6389,20.7,25.6,£42.00,GBP 867.51,"₹29,715",draft
07/09/2025,C004,cld,R2977,416.7,520.4,48.00,"20,003.79","INR 812,146",BILLED
2025-11-10,C010,NOC,R5949,109.6,141.0,28.00,#N/A,null,Billed
2025-10-10,C011,cld,R6421,23.4,28.8,48.00,"£1,120.95","₹44,486",draft
2025-10-24,C012,Cld ,R6864,60.2,77.5,£48.00,"£2,891.01","115,492",BILLED
2025-12-20,C008,OFP,R4983,281.8,327.3,16.00,"4,508.24","181,420",Billed
2025.01.23,C003, HD,R2348,455.8,556.8,22.00,"(3,008.10)","371,031",billed
2025-10-24,C005,Noc ,R3493,355.2,419.0,£28.00,error,"369,592",Credit
2025-10-26,C002,dev ,R1981,155.2,192.4,£45.00,"GBP 6,983.30","₹334,825",Draft
2025-05-12,C002,Soc,R1904,NA,684.8,£42.00,"£22,910.48","₹813,849",BILLED
2025-09-28,C011,Ofp,R6414,251.5,295.5,£16.00,"£4,023.74","₹166,411",credit
15/01/2025,C002,dev ,R1854,245.5,318.6,£45.00,"11,047.41","509,980",Credit
28/05/2025,C003,Cld ,R2415,339.9,444.2,48.00,"£16,317.37","665,506",draft
"May 10, 2025",C006,Noc ,R3939,276.3,313.5,28.00,"£7,737.18","₹294,088",draft
2025-01-09,C005,hd ,R3362,619.4,699.0,22.00,"13,626.11","510,349",Billed
2025.02.04,C010,Cld ,R5834,22.5,27.5,48.00,"GBP 1,081.92","41,633",draft
2025-11-22,C001,noc,R1489,392.2,475.7,£28.00,"£10,981.82","428,624",BILLED
2025-12-27,C004,SOC,R3020,367.8,457.2,£42.00,"£15,448.47","545,387",credit
10/02/2025,C010,Dev,R5836,21.4,27.4,£45.00,£963.32,"43,201",Credit
"Jul 27, 2025",C004,hd ,R2943,1603.2,1994.0,-,"35,271.16","₹1,298,967",Draft
12/02/2025,C003,Dev,R2374,161.5,206.2,45.00,"7,269.58","336,160",draft
2025-05-12,C009,Dev,R5385,75.8,95.4,£45.00,"£3,411.01","₹153,400",Draft
"Apr 3, 2025",C009,ofp ,R5373,267.9,300.0,16.00,"4,285.86","₹176,791",billed
2025.05.01,C004,AUT,R2930,99.3,NA,£52.00,"5,161.22","INR 185,614",credit
18/04/2025,C006,hd ,R3923,419.2,489.4,22.00,"£9,221.77","₹341,333",Billed
2025-10-18,C004,Aut ,R2997,157.3,198.7,£52.00,"8,182.17","₹302,918",BILLED
"May 28, 2025",C011,AUT,R6354,5.7,7.2,£52.00,294.75,"₹11,172",draft
14/04/2025,C008,Dev,R4852,109.6,141.1,45.00,"4,930.62",,Draft
"Aug 8, 2025",C006,Ofp,R3986,156.2,184.9,£16.00,"£2,498.82","₹105,090",BILLED
2025-05-26,C002,Ofp,R1912,252.7,296.7,£16.00,"4,042.87","₹167,241",draft
2025-08-27,C006,Noc ,R3975,245.4,null,£28.00,"6,869.89","270,780",draft
2025.03.28,C002,Soc,R1879,502.4,646.6,42.00,"(6,329.88)","₹730,916",Billed
2025-05-08,C011,ofp ,R6356,238.5,280.6,£16.00,"£3,816.51","INR 159,684",credit
2025-02-24,C005,NOC,R3382,309.6,352.3,£28.00,"8,669.77","329,654",Billed
2025-07-21,C008,noc,R4892,260.8,320.3,GBP 28.00,"7,303.57","276,295",Billed
"Apr 8, 2025",C011, HD,R6329,513.6,613.3,£22.00,"11,299.29","419,679",Draft
2025-10-04,C004,dev ,R2994,257.1,322.4,£45.00,"11,571.27","537,140",BILLED
2025-11-16,C009,Dev,R5472,144.5,189.4,-,"£6,501.53","294,620",credit
2025-10-09,C999,SOC,R1975,1175.1,1442.2,£42.00,"49,353.52","INR 1,750,309",BILLED
2025-09-26,C009,NOC,R5435,285.8,327.3,28.00,"8,002.24","313,617",BILLED
21/04/2025,C006,AUT,R3933,29.1,36.8,,"£1,513.35","56,428",billed
2025-04-01,C006,hd ,R3922,424.3,495.3,£22.00,"9,333.91","352,611",billed
2025.01.27,C006,aut,R3888,47.7,58.4,£52.00,"£2,478.62","₹91,607",BILLED
"Jun 9, 2025",C007,Aut ,R4447,32.9,42.0,52.00,"£1,712.25","₹65,258",Draft
2025-10-06,C010,CLD,R5939,21.9,27.2,GBP 48.00,"£1,050.15","₹41,847",draft
06/02/2025,C002,CLD,R1866,212.7,267.1,48.00,"10,210.55","411,558",Draft
08/03/2025,C003,Soc,R2381,313.6,393.2,GBP 42.00,#REF!,"₹452,443",Billed
2025-09-26,C005,noc,R3480,726.1,882.6,28.00,"20,331.43","₹792,755",credit
02/11/2025,C001,OFP,R1502,255.6,306.8,GBP 16.00,"£4,089.06","174,030",draft
"Apr 10, 2025",C001,hd ,R1382,1843.4,2143.7,£22.00,"£40,555.90","1,529,797",BILLED
2025.11.14,C004,cld,R3006,279.3,354.2,48.00,"£13,405.18","541,241",draft
2025-07-01,C008,hd ,R4890,1218.6,1394.0,£22.00,"26,809.45","₹991,194",credit
2025-10-26,C004,soc ,R2991,388.9,497.6,42.00,"16,332.88","₹576,679",Draft
"Feb 14, 2025",C004,Cld ,R2881,258.7,319.5,48.00,"12,418.84","522,513",billed
"Jun 6, 2025",C004,soc ,R2936,592.9,729.6,£42.00,"£24,902.74","863,368",draft
2025-01-12,C002,Aut ,R1857,132.1,165.2,£52.00,"£6,871.27","₹244,092",Draft
2025-08-25,C008,AUT,R4914,25.8,30.9,52.00,#N/A,"₹49,907",Credit
09/11/2025,C003,AUT,R2497,187.6,233.3,£52.00,"£9,756.20","₹368,334",Credit
2025-03-24,C009,soc ,R5353,292.4,354.0,42.00,"£12,281.07","₹424,864",Billed
2025-10-18,C009,Soc,R5451,154.5,186.5,42.00,"£6,487.61","230,089",billed
"Oct 23, 2025",C009,Aut ,R5458,34.1,42.1,£52.00,"£1,773.41","66,281",Credit
"May 23, 2025",C003,Ofp,R2420,201.1,237.6,16.00,NA,"₹133,658",credit
2025-06-18,C012,cld,R6819,52.0,66.5,£48.00,"2,497.44","₹99,744",BILLED
27/05/2025,C010,DEV,R5873,20.2,26.4,£45.00,£907.22,"₹42,386",Billed
"Jun 13, 2025",C005,NOC,R3437,621.4,701.3,28.00,"£17,400.52","₹674,299",Billed
"Feb 12, 2025",C012,soc ,R6762,16.3,21.4,42.00,685.79,"₹23,769",draft
2025-08-06,C002,aut,R1954,190.7,236.9,£52.00,"9,915.91","372,852",Credit
19/06/2025,C003,DEV,R2429,249.8,311.3,£45.00,"11,241.64","518,400",BILLED
2025.05.07,C008,soc ,R4863,78.0,97.2,£42.00,"£3,275.06","₹117,414",credit
2025-05-18,C005,DEV,R3429,181.1,230.5,45.00,"£8,147.38","378,869",draft
2025.09.24,C012,NOC,R6853,78.5,96.0,£28.00,"2,198.71","81,930",Billed
2025.06.13,C001,OFP,R1424,366.2,417.0,£16.00,"£5,859.26","INR 249,950",BILLED
2025.06.19,C006,Aut ,R3958,26.2,n/a,£52.00,"£1,360.93","51,341",BILLED
"Mar 10, 2025",C006,HD,R3912,374.8,456.4,£22.00,"(£2,473.92)","₹305,722",Draft
02/10/2025,C006,dev ,R4011,81.0,100.0,45.00,"£3,642.84","₹166,088",draft
03/01/2025,C001,noc,R1341,1038.2,1244.9,£28.00,"29,070.67","₹1,107,597",draft
2025-04-22,C009,noc,R5363,574.7,687.0,£28.00,"£16,091.38",-,Billed
2025-01-28,C004,Hd,R2859,447.8,537.6,22.00,"GBP 9,850.55","INR 358,094",credit
13/05/2025,C012,Dev,R6809,n/a,18.7,£45.00,£649.41,"₹29,663",Credit
2025-10-22,C005,OFP,R3506,326.2,379.3,£16.00,"5,219.76","₹212,856",Billed
2025-03-06,C001,OFP,R1380,403.7,450.3,16.00,"£6,458.43","₹267,715",Billed
25/04/2025,C002,soc ,R1892,318.6,383.9,£42.00,"13,382.97","₹474,119",credit
2025-11-15,C001,soc ,R1491,345.6,441.7,£42.00,"GBP 14,513.59","₹513,924",credit
2025-03-04,C004,noc,R2896,n/a,454.2,£28.00,"10,352.60","₹402,448",Draft
"Jan 24, 2025",C011,noc,R6288,112.9,134.6,,"3,161.95","₹118,743",billed
13/04/2025,C001,DEV,R1389,441.6,562.5,45.00,"19,873.70","INR 895,912",Draft
2025.02.04,C007,Aut ,R4398,35.6,45.6,52.00,"£1,850.83","₹68,073",credit
2025-08-11,C010,AUT,R5913,9.3,11.9,NA,£485.36,"₹18,484",BILLED
"Feb 1, 2025",C009,Ofp,R5347,184.3,211.0,16.00,(£884.84),"₹124,723",credit
23/06/2025,C010,AUT,R5887,6.4,8.1,£52.00,332.00,"INR 12,434",Credit
2025-01-28,C010,HD,R5815,213.8,252.7,£22.00,"4,702.76","177,206",Credit
2025-10-09,C006,Dev,R4010,78.7,97.2,GBP 45.00,"£3,541.71","₹164,453",draft
2025-03-01,C005,CLD,R3402,122.8,151.9,£48.00,"£5,896.20","236,669",Billed
"Mar 11, 2025",C008,soc ,R4834,108.9,134.1,£42.00,"£4,572.09","161,124",Credit
25/03/2025,C008,dev ,R4837,74.5,97.7,£45.00,"£3,353.28","₹159,633",Credit
2025-04-21,C008,AUT,R4855,30.0,36.7,£52.00,"1,559.80","57,874",BILLED
2025-07-07,C999, HD,R6368,178.2,209.6,£22.00,"£3,921.25","150,052",Credit
03/01/2025,C003,ofp ,R2363,177.1,211.7,£16.00,"£2,834.31","115,622",billed
2025-06-22,C999,hd ,R3951,563.7,659.9,22.00,"12,401.67","463,582",Credit
13/05/2025,C008,DEV,R4869,95.4,125.1,45.00,"4,295.16","₹203,729",credit
2025.06.16,C008,SOC,R4879,113.9,144.6,42.00,"£4,783.23","₹170,673",draft
05/01/2025,C003,cld,R2358,220.6,269.0,£48.00,NA,"₹421,414",Credit
15/11/2025,C999,Soc,R3003,411.5,520.4,£42.00,"17,284.88","₹595,614",Draft
"Jan 2, 2025",C999,soc ,R6290,26.1,33.3,£42.00,"£1,096.88",null,draft
2025-04-06,C004,soc ,R2912,376.7,458.6,42.00,"£15,821.35",n/a,billed
2025-12-15,C011,aut,R6458,5.7,7.2,£52.00,£294.67,"₹10,872",credit
2025-02-22,C008,noc,R4818,595.1,690.7,GBP 28.00,null,"₹650,084",BILLED
21/05/2025,C007,hd ,R4424,320.1,376.4,22.00,"£7,041.45","263,557",Billed
"Aug 2, 2025",C005,AUT,R3475,79.1,98.6,£52.00,"4,115.67","₹156,326",Draft
"Mar 7, 2025",C007,Dev,R4407,109.8,143.0,45.00,"4,943.10","₹226,905",Draft
2025.01.21,C011,Hd,R6287,297.0,349.1,22.00,"£6,533.75","₹240,288",Draft
2025.01.28,C008,HD,R4802,414.7,485.2,22.00,"£9,122.57","₹342,620",draft
2025-02-23,C002,Hd,R1861,896.4,1050.0,£22.00,"19,720.66","747,507",Credit
13/04/2025,C005,NOC,R3409,257.6,312.1,28.00,"£7,212.03","₹274,772",credit
2025-04-13,C008,Soc,R4848,117.4,151.8,£42.00,"£4,931.90","₹171,860",Credit
2025.11.06,C006,NOC,R4020,281.9,346.6,28.00,"7,892.02",NA,credit
17/02/2025,C006,soc ,R3897,79.6,102.1,42.00,"GBP 3,345.15","₹116,178",Billed
"Jun 25, 2025",C002,ofp ,R1925,252.4,295.7,£16.00,"4,038.46","165,885",Draft
2025-06-11,C003,Ofp,R2432,226.1,264.7,£16.00,"£3,616.89","146,540",credit
08/09/2025,C011,Noc ,R6402,64.2,76.5,£28.00,(£539.03),"67,541",BILLED
"Jan 21, 2025",C001,CLD,R1346,212.0,270.4,£48.00,"10,176.74","₹401,241",draft
2025.12.10,C004,hd ,R3015,891.8,1032.0,£22.00,"£19,620.23","718,030",Credit
2025-05-24,C006,Soc,R3941,136.2,167.4,42.00,"£5,720.60","₹201,806",credit
2025.01.16,C003,Hd,R2347,381.7,466.3,£22.00,"£8,397.41","303,633",Draft
07/07/2025,C009,soc ,R5410,88.2,108.9,£42.00,"£3,706.36","INR 135,679",Credit
2025-10-12,C009,DEV,R5456,80.5,107.7,45.00,"3,623.84","INR 163,365",BILLED
10/07/2025,C010,Ofp,R5904,151.8,182.4,16.00,"£2,428.29","₹102,281",credit
10/11/2025,C010,AUT,R5956,7.2,9.3,£52.00,375.29,"₹14,045",credit
2025.05.19,C008,noc,R4860,280.2,335.3,£28.00,"7,845.96","296,954",Billed
27/01/2025,C011,Aut ,R6295,6.2,7.5,52.00,321.52,"₹11,966",Draft
"Feb 28, 2025",C002,noc,R1862,356.5,420.9,£28.00,"9,981.78","₹386,251",Billed
2025-08-17,C003,SOC,R2449,272.7,338.5,£42.00,"£11,452.34","₹393,366",Credit
09/06/2025,C008,Aut ,R4885,32.6,41.8,52.00,(508.05),n/a,billed
2025-11-26,C001,dev ,R1498,175.1,222.1,£45.00,"7,881.12","363,855",BILLED
"May 2, 2025",C010,NOC,R5868,210.5,254.2,£28.00,"£5,895.12","220,034",Billed
2025-05-23,C001,Soc,R1398,361.4,447.2,42.00,"(£4,553.71)","₹529,393",Billed
2025.10.15,C001,Soc,R1472,432.2,541.5,£42.00,"GBP 18,150.55","₹641,105",draft
2025.11.22,C002,Hd,R1986,1983.5,2352.2,£22.00,"£43,636.42","₹1,568,006",BILLED
27/07/2025,C011,Aut ,R6382,6.4,7.8,52.00,£333.47,"₹12,576",BILLED
2025-09-02,C006,HD,R3989,1057.2,1230.1,£22.00,"GBP 23,257.86","₹875,542",draft
11/12/2025,C003,Ofp,R2509,253.9,300.2,16.00,"£4,062.03","₹169,756",credit
"Jul 19, 2025",C005,hd ,R3448,531.3,615.4,£22.00,"£11,689.70","435,413",credit
2025-06-27,C001,OFP,R1423,,412.0,16.00,"5,789.64","239,640",draft
"Oct 3, 2025",C009,DEV,R5455,76.2,102.0,45.00,"GBP 3,430.90","₹165,542",credit
2025.02.15,C008,AUT,R4826,23.6,29.7,£52.00,"£1,228.81","₹45,454",Credit
2025-01-18,C009,AUT,R5330,52.6,65.0,£52.00,"£2,734.40","₹103,041",Draft
2025.11.02,C006,Noc ,R4021,332.9,409.3,28.00,"£9,319.94","₹342,251",draft
"Jul 8, 2025",C002,noc,R1932,467.4,568.0,GBP 28.00,"£13,087.85","505,481",billed
"Sep 20, 2025",C005,CLD,R3483,122.1,153.3,£48.00,"£5,862.30","₹227,510",credit
2025-10-13,C006,Cld ,R4009,103.4,133.5,48.00,"£4,963.31","₹200,297",draft
"Jun 11, 2025",C008,DEV,R4884,117.1,156.3,45.00,#REF!,"₹245,606",draft
2025-09-18,C002,cld,R1964,574.8,732.5,48.00,"27,589.40","₹1,070,055",billed
2025-01-08,C009,Cld ,R5325,72.9,92.8,GBP 48.00,"GBP 3,501.35","₹144,284",Billed
2025.12.01,C012,dev ,R6900,13.7,17.0,45.00,£615.27,"₹28,751",Draft
2025.01.12,C011,Ofp,R6298,536.4,609.8,£16.00,#REF!,"₹355,859",draft
2025-01-08,C004,Aut ,R2871,148.5,177.2,52.00,"£7,721.80","₹296,436",credit
"Sep 25, 2025",C001,CLD,R1459,238.2,294.1,£48.00,"11,433.35","460,684",Credit
2025-05-13,C004,Aut ,R2931,100.3,121.0,-,"GBP 5,217.33","₹194,268",Credit
25/07/2025,C008,AUT,R4900,31.9,39.7,£52.00,"1,659.02","₹63,538",Draft
15/07/2025,C009, HD,R5405,1133.2,1378.0,22.00,"24,931.42","920,239",BILLED
"Oct 28, 2025",C005,HD,R3491,1001.8,1161.2,22.00,"£22,038.59","812,302",BILLED
2025-02-04,C007,cld,R4392,70.8,95.1,48.00,"3,396.57","138,203",billed
06/01/2025,C008,Hd,R4801,389.9,456.2,22.00,"£8,576.70","₹320,326",billed
2025.03.24,C008,ofp ,R4843,155.2,182.1,16.00,"GBP 2,482.41","₹102,434",credit
05/02/2025,C001,Dev,R1360,168.8,213.0,£45.00,"7,596.65","₹350,783",BILLED
"Jan 25, 2025",C005, HD,R3361,571.8,645.2,£22.00,"12,578.68","465,058",billed
07/10/2025,C011,Aut ,R6428,6.3,8.2,£52.00,£327.49,"INR 11,985",Billed
2025-01-06,C006,soc ,R3884,258.2,316.2,42.00,"£10,845.10","₹393,382",draft
"Jan 10, 2025",C012,Ofp,R6759,201.5,230.0,£16.00,"3,223.70","₹130,391",Billed
2025-05-26,C003, HD,R2406,523.9,616.7,22.00,"£11,525.97","₹423,384",credit
2025-04-17,C002,aut,R1897,206.1,262.2,52.00,"10,719.75","405,157",billed
2025.03.20,C011,ofp ,R6328,168.7,196.0,GBP 16.00,"2,699.71","₹111,288",Credit
2025-08-08,C004,Soc,R2959,404.2,525.0,£42.00,"£16,977.89","600,789",BILLED
2025-09-14,C001,aut,R1463,191.3,237.5,52.00,n/a,"₹371,768",Credit
2025.05.16,C012,noc,R6801,58.1,68.9,£28.00,"£1,625.63","₹62,535",Billed
07/12/2025,C011,hd ,R6446,549.5,660.8,22.00,"12,089.34","448,860",BILLED
2025-10-19,C008,Noc ,R4938,222.7,271.1,£28.00,"6,234.34","₹242,750",Credit
23/07/2025,C011,Soc,R6373,54.9,67.6,42.00,"£2,305.51","₹82,889",Draft
2025-03-03,C006,Dev,R3917,NA,166.6,£45.00,"GBP 5,854.50","INR 277,287",BILLED
05/12/2025,C006,Cld ,R4036,132.5,164.7,48.00,"£6,361.08","259,265",BILLED
2025.08.18,C003,Noc ,R2448,1026.2,1295.7,£28.00,"£28,733.97","1,095,911",credit
"Sep 1, 2025",C003,AUT,R2470,117.5,152.1,£52.00,"£6,111.65","222,411",BILLED
"Sep 2, 2025",C004,dev ,R2980,159.9,217.1,45.00,"£7,196.88","₹338,981",credit
2025-07-07,C010,cld,R5897,23.5,29.5,£48.00,"1,126.20","₹44,723",draft
2025-08-02,C009,cld,R5424,229.1,286.6,48.00,"£10,998.47","₹443,072",billed
2025-04-26,C011,DEV,R6335,58.6,74.0,45.00,"£2,637.37","₹128,921",billed
22/04/2025,C007,Soc,R4416,241.4,298.1,£42.00,"10,138.80","INR 349,878",Credit
"Oct 18, 2025",C005,aut,R3502,47.4,61.8,£52.00,"2,464.55","₹90,636",Draft
2025-01-15,C011,DEV,R6294,26.0,33.3,£45.00,"£1,169.63","₹53,545",Credit
2025-04-25,C006,Noc ,R3925,242.2,296.9,28.00,"£6,781.70","₹257,108",Billed
2025.02.04,C002,Dev,R1870,191.6,243.0,45.00,error,"₹404,874",Billed
22/11/2025,C001,OFP,R1503,296.0,355.3,£16.00,"£4,736.20","INR 196,876",billed
07/03/2025,C003,ofp ,R2389,163.5,188.9,£16.00,"£2,616.47","₹105,547",draft
2025-04-04,C007,HD,R4413,473.5,541.1,£22.00,"£10,416.91","₹375,736",Billed
2025-04-06,C002,soc ,R1893,345.0,415.6,42.00,"£14,489.53","497,604",draft
14/07/2025,C011,OFP,R6384,169.9,190.3,£16.00,"2,718.76","111,991",Billed
2025-08-12,C002,Noc ,R1944,419.0,498.0,GBP 28.00,"11,732.98","₹467,810",BILLED
2025-06-24,C011,NOC,R6360,101.5,116.5,£28.00,"2,841.70","₹106,559",Billed
2025-06-02,C001,Noc ,R1413,299.5,361.2,£28.00,"£8,384.92","322,528",Billed
15/11/2025,C999,Soc,R3003,411.5,520.4,£42.00,"17,284.88","₹595,614",Draft
2025-02-08,C005,Ofp,R3391,215.0,251.7,16.00,"£3,440.05","₹145,739",draft
2025-03-21,C002,Noc ,R1876,560.1,670.1,28.00,"15,681.57","596,160",Billed
27/02/2025,C007,cld,R4394,61.9,83.2,48.00,"2,970.71","121,436",Billed
13/06/2025,C001,Aut ,R1421,145.6,179.3,£52.00,"£7,573.57","₹280,742",BILLED
"Aug 15, 2025",C004,OFP,R2970,357.1,413.6,£16.00,"£5,714.07","238,822",Credit
2025-03-28,C011,Soc,R6318,17.5,22.7,42.00,GBP 736.54,"₹26,749",Billed
2025-03-21,C012,dev ,R6779,20.6,26.8,£45.00,928.31,"₹43,113",BILLED
28/04/2025,C008,HD,R4846,NA,540.4,22.00,"10,271.53","INR 381,798",Draft
2025-09-02,C009,soc ,R5439,90.9,113.6,42.00,"3,817.24","₹130,542",Billed
2025.01.16,C010,DEV,R5820,23.4,29.3,45.00,"£1,053.68","₹49,895",billed
2025-12-23,C010,SOC,R5966,25.8,32.4,42.00,"GBP 1,084.08","37,737",credit
2025-04-04,C012,dev ,R6791,14.7,18.5,45.00,£663.52,"₹31,282",Billed
07/08/2025,C010,Ofp,R5916,149.6,175.8,£16.00,"£2,394.08","INR 97,985",Credit
"Jun 20, 2025",C012,Ofp,R6823,431.2,506.3,£16.00,"6,899.21","283,678",billed
2025.02.27,C004,HD,R2875,1538.0,1878.0,22.00,"33,835.44","₹1,220,508",Credit
21/10/2025,C009,hd ,R5446,733.9,870.1,£22.00,"16,146.47","₹586,193",billed
2025-10-24,C004,soc ,R2990,402.3,514.7,£42.00,"£16,895.29","₹599,364",BILLED
2025-11-12,C006,ofp ,R4031,179.9,214.7,16.00,"2,878.33","INR 120,489",BILLED
19/12/2025,C003,CLD,R2506,545.6,686.1,£48.00,#N/A,"₹1,042,205",billed
2025-07-18,C008,Soc,R4893,207.2,255.2,42.00,"£8,700.62","₹305,460",Draft
2025-06-24,C007,DEV,R4444,231.4,310.0,GBP 45.00,"£10,414.29","488,712",Credit
"Feb 14, 2025",C006,CLD,R3899,99.0,132.9,£48.00,"£4,751.23","₹192,998",Draft
17/05/2025,C007,Hd,R4426,311.9,366.8,£22.00,"6,862.42","256,615",Credit
2025-05-07,C012,Ofp,R6811,226.0,270.9,£16.00,"£3,616.16","147,691",Billed
10/07/2025,C006,cld,R3968,114.2,144.7,£48.00,"£5,483.18","₹220,511",Draft
20/11/2025,C012,AUT,R6885,4.9,6.2,£52.00,£255.76,"₹9,727",credit
24/05/2025,C999,OFP,R1911,253.7,297.8,£16.00,"4,058.66","₹169,147",draft
2025-10-14,C011,ofp ,R6429,172.4,197.0,16.00,"£2,758.09","₹117,335",BILLED
2025-01-21,C001,Dev,R1349,174.6,221.6,45.00,"£7,857.68","₹356,835",Credit
2025-12-17,C010,Ofp,R5974,447.3,519.3,16.00,"£7,156.57","307,453",credit
14/04/2025,C999,aut,R3419,152.2,188.0,GBP 52.00,"GBP 7,912.87","INR 281,934",credit
"Aug 8, 2025",C008,ofp ,R4916,162.2,181.7,£16.00,"2,594.41","INR 109,108",billed
20/03/2025,C004,DEV,R2903,148.7,187.7,£45.00,"6,692.32","295,703",Draft
2025-09-02,C008,Cld ,R4925,89.4,111.9,£48.00,"£4,292.98","₹172,845",Billed
"Jul 28, 2025",C002,NOC,R1931,381.2,463.2,28.00,"(GBP 3,201.94)","₹399,243",Draft
2025-12-20,C009,aut,R5489,52.9,69.0,£52.00,"£2,750.28","107,216",credit
2025-12-27,C010,Cld ,R5967,60.8,75.1,£48.00,"£2,917.97","118,046",draft
15/01/2025,C012,Dev,R6754,14.6,19.3,null,£657.65,"30,149",Billed
"Jun 22, 2025",C006,cld,R3955,NA,389.1,£48.00,"£15,372.15","₹628,072",billed
2025.09.21,C004,DEV,R2978,182.1,247.2,45.00,"£8,194.00","₹374,683",Draft
"Jan 25, 2025",C008,OFP,R4814,147.2,170.6,16.00,"£2,355.06","95,622",credit
2025-06-08,C005,ofp ,R3446,707.1,841.3,£16.00,"£11,313.17","₹491,748",BILLED
2025-06-26,C002,OFP,R1927,268.8,315.0,16.00,"4,301.10","₹173,539",Billed
"Mar 12, 2025",C012,SOC,R6775,13.8,16.4,£42.00,£578.85,"19,587",draft
2025-06-15,C008,aut,R4887,27.8,35.6,£52.00,error,"₹55,240",credit
"Oct 12, 2025",C006,ofp ,R4015,250.1,286.1,16.00,"£4,001.83","₹162,511",BILLED
03/02/2025,C006,Noc ,R3893,177.7,221.0,£28.00,"£4,976.90","₹192,059",credit
"Jun 16, 2025",C002,Soc,R1920,507.4,641.6,42.00,"£21,309.97","₹726,554",Draft
21/01/2025,C007,dev ,R4383,216.7,265.1,£45.00,"£9,750.70","INR 452,754",billed
2025-04-25,C012,OFP,R6797,229.8,275.2,16.00,"£3,676.69","INR 148,621",credit
2025-05-17,C002,noc,R1903,1180.8,1442.3,£28.00,"(£9,919.03)","₹1,241,341",credit
15/06/2025,C008,dev ,R4883,117.5,156.9,GBP 45.00,"5,288.51","INR 245,547",draft
2025-06-15,C010,Hd,R5878,253.1,309.6,£22.00,"£5,568.27","211,600",Credit
2025.11.12,C006,OFP,R4030,167.3,199.7,GBP 16.00,"2,677.47","₹116,699",credit
12/12/2025,C012,DEV,R6901,14.1,17.5,£45.00,635.67,"₹29,949",Credit
2025-11-26,C012,NOC,R6875,45.6,54.0,£28.00,"£1,276.75","₹48,041",Billed
2025-01-22,C006,HD,R3880,1079.0,1280.9,22.00,"£23,739.02","₹885,711",billed
"Jun 8, 2025",C011, HD,R6357,317.4,371.0,£22.00,"£6,981.85","₹246,922",billed
06/02/2025,C009,Cld ,R5342,210.8,274.0,£48.00,"£10,119.41","₹402,466",billed
2025-01-25,C012,ofp ,R6758,226.4,258.5,GBP 16.00,"3,622.62","145,626",Draft
2025-02-05,C001,Aut ,R1363,213.3,278.2,£52.00,"£11,091.88","₹401,186",credit
2025-07-08,C008,Noc ,R4891,340.2,417.6,28.00,"9,524.24","₹363,472",credit
"Nov 27, 2025",C010,Ofp,R5960,169.3,198.9,£16.00,"£2,708.81","₹115,745",Credit
01/04/2025,C010, HD,R5852,229.6,266.4,£22.00,"£5,051.56","INR 189,313",billed
2025-10-14,C009,AUT,R5459,40.8,50.4,52.00,"£2,119.82","₹81,231",Credit
2025.03.14,C009,Hd,R5349,561.0,685.5,22.00,"GBP 12,342.65","₹459,990",draft
"Aug 6, 2025",C001,HD,R1438,761.0,860.8,£22.00,"16,741.45","618,429",Credit
"Mar 11, 2025",C003,NOC,R2379,560.2,703.6,£28.00,null,"₹614,714",draft
"Apr 16, 2025",C008,Ofp,R4856,479.3,555.2,£16.00,"(2,300.69)","315,280",draft
2025-12-15,C008, HD,R4970,526.9,638.2,22.00,"£11,592.66","438,374",BILLED
2025.11.28,C012,OFP,R6889,148.9,177.8,16.00,"£2,383.15","₹98,469",Billed
2025-09-06,C006,cld,R3993,341.4,417.4,£48.00,"(4,915.74)","₹686,751",Draft
2025-11-19,C003,CLD,R2493,256.4,333.8,£48.00,"12,306.81","₹474,722",credit
2025-07-08,C006,noc,R3964,499.0,621.4,GBP 28.00,"£13,973.22","₹530,345",BILLED
2025.01.10,C004,Noc ,R2862,533.8,642.4,28.00,"£14,946.08","583,522",BILLED
2025-01-09,C003,Soc,R2355,312.5,387.0,42.00,"13,126.75","₹469,982",Billed
2025-04-21,C008,hd ,R4844,457.4,529.4,22.00,"10,063.45","371,888",billed
2025-01-13,C003,noc,R2352,304.2,371.6,28.00,"£8,516.74","₹315,521",BILLED
2025-03-26,C006,Cld ,R3916,356.2,451.9,£48.00,"£17,095.55","INR 702,196",billed
2025-08-04,C001,SOC,R1443,374.2,458.0,£42.00,"£15,715.40","₹545,874",Billed
2025.02.11,C006,soc ,R3898,77.5,99.4,42.00,"3,257.04","₹113,495",Draft
21/12/2025,C004,SOC,R3018,378.6,470.7,42.00,"15,903.00","₹539,420",credit
2025.07.07,C007,soc ,R4453,239.4,290.5,£42.00,"£10,053.28","INR 357,168",draft
2025-03-03,C003,noc,R2380,456.7,573.5,GBP 28.00,"£12,787.20","₹476,075",BILLED
25/10/2025,C008,Ofp,R4952,168.5,201.0,16.00,"2,695.93","112,298",Billed
2025-11-13,C008,dev ,R4963,346.5,461.5,45.00,"£15,590.85","₹733,300",Draft
2025.08.21,C012,dev ,R6845,12.4,15.7,45.00,£557.22,"₹25,523",draft
2025.11.23,C012,noc,R6876,55.5,65.8,28.00,"£1,555.37","60,118",BILLED
2025.02.09,C005,Soc,R3386,112.5,137.8,42.00,"4,726.70","163,567",BILLED
2025-03-26,C004,Hd,R2893,496.7,567.4,22.00,"10,927.55","₹402,075",Draft
15/03/2025,C008,cld,R4835,123.4,154.6,£48.00,"£5,925.56","₹237,557",credit
"Jan 3, 2025",C002,cld,R1852,311.0,393.2,,"GBP 14,929.38","621,911",Draft
"Sep 4, 2025",C001,Soc,R1456,320.0,403.0,£42.00,"£13,438.82","461,331",billed
27/01/2025,C009,dev ,R5327,82.4,110.7,£45.00,"£3,706.04","164,686",Credit
2025.07.01,C009,cld,R5413,88.7,112.9,£48.00,"£4,259.75","₹178,972",billed
2025-10-19,C008,Noc ,R4938,222.7,271.1,£28.00,"6,234.34","₹242,750",Credit
2025-06-04,C008,Hd,R4875,397.1,468.7,22.00,"£8,735.40","327,674",Credit
2025.01.02,C009,soc ,R5323,74.9,93.4,42.00,"£3,144.33","₹112,114",credit
2025-10-12,C010,Aut ,R5941,7.5,9.1,52.00,£389.78,"₹14,245",credit
"Jan 25, 2025",C001,ofp ,R1352,390.3,,16.00,"£6,245.14","252,032",BILLED
22/07/2025,C002,NOC,R1930,367.8,447.0,£28.00,"£10,299.57","385,524",credit
2025-11-20,C003,NOC,R2487,378.6,464.3,28.00,"£10,600.38","₹412,470",Billed
2025-12-14,C009,DEV,R5487,123.0,167.9,£45.00,"£5,533.90","₹265,715",Credit
21/09/2025,C005,Cld ,R3484,128.7,161.5,£48.00,"£6,177.48","249,475",Draft
2025-03-19,C005,ofp ,R3407,405.5,470.5,£16.00,"£6,488.23","₹265,643",credit
2025-10-17,C011,Aut ,R6426,7.4,9.5,£52.00,GBP 382.62,"₹13,944",Draft
21/01/2025,C007,CLD,R4381,109.5,141.9,£48.00,"5,256.89","INR 210,597",draft
2025-09-19,C002,Hd,R1958,708.3,878.7,£22.00,"15,583.11","₹562,804",billed
26/07/2025,C004,aut,R2951,278.5,344.7,£52.00,"14,481.71","INR 540,144",billed
13/12/2025,C006,Hd,R4032,1108.6,1365.1,£22.00,"£24,388.59","₹901,016",Draft
"Mar 17, 2025",C009,ofp ,R5360,247.0,292.7,£16.00,"£3,951.20","160,814",billed
"Oct 2, 2025",C006,HD,R4002,400.6,477.4,22.00,"£8,813.52","₹322,203",BILLED
2025-11-01,C006, HD,R4018,399.8,486.9,£22.00,"8,795.57","INR 316,282",billed
"Sep 21, 2025",C011,HD,R6399,181.8,209.9,£22.00,"3,999.89","₹144,989",draft
2025-07-05,C008,Cld ,R4896,74.4,94.4,£48.00,"3,571.81","146,940",draft
2025-05-23,C005,NOC,R3423,249.2,297.6,28.00,"6,977.85","₹271,944",BILLED
2025-07-28,C004,Noc ,R2944,1166.4,1359.3,£28.00,"32,660.44","₹1,272,014",Billed
"Mar 12, 2025",C008,Aut ,R4840,84.2,105.6,£52.00,"£4,377.96","₹163,383",Billed
2025-09-01,C006,aut,R3998,44.3,54.5,£52.00,"£2,305.72","₹86,996",credit
05/05/2025,C008,DEV,R4867,78.4,102.8,45.00,"£3,529.92","166,377",billed
2025-03-05,C001,HD,R1369,1114.7,1304.4,£22.00,"24,523.56","INR 917,069",billed
2025.11.14,C002,Ofp,R1999,250.7,283.5,£16.00,error,"₹162,491",Credit
2025-06-03,C006,Noc ,R3952,234.6,290.5,28.00,"£6,567.46","₹245,951",Draft
2025-07-12,C001,soc ,R1429,1057.8,1298.8,GBP 42.00,"£44,427.48","INR 1,581,383",Billed
"Jan 24, 2025",C006,dev ,R3887,252.2,314.6,45.00,"(£3,404.31)","₹524,454",Billed
2025-05-08,C007,Ofp,R4436,275.4,311.6,£16.00,"£4,406.58",NA,draft
2025-05-17,C006,hd ,R3938,340.6,413.6,£22.00,"7,493.96","277,198",Credit
2025-10-18,C009, HD,R5447,594.3,704.5,22.00,"13,074.19","₹480,455",billed
23/01/2025,C010,hd ,R5814,216.5,255.9,22.00,"£4,761.99","₹173,222",draft
03/07/2025,C007,NOC,R4450,154.3,186.1,£28.00,null,"INR 165,198",credit
15/01/2025,C005,Cld ,R3370,184.5,239.2,48.00,"8,858.30","INR 369,266",Credit
2025-01-11,C007, HD,R4377,520.2,625.3,22.00,"11,443.32","₹422,627",draft
"Jul 5, 2025",C008,CLD,R4895,98.3,124.6,£48.00,"£4,716.94","₹192,444",credit
2025.07.27,C002,Cld ,R1936,209.3,257.1,£48.00,"£10,047.94","INR 398,755",billed
2025-06-01,C006,AUT,R3960,30.3,38.4,£52.00,"1,574.89","₹59,071",Billed
2025-11-27,C008,Aut ,R4964,86.4,113.8,£52.00,"4,494.93","₹170,275",Draft
2025-10-25,C008,soc ,R4942,128.4,161.5,£42.00,"£5,394.19","₹198,418",draft
2025.10.04,C005,Soc,R3495,133.2,162.3,£42.00,"5,593.42","197,826",Draft
2025-02-09,C003,Dev,R2373,131.5,167.9,45.00,"£5,918.10","₹281,741",Draft
"Dec 4, 2025",C004,aut,R3025,90.8,108.6,£52.00,"£4,724.03","₹171,059",BILLED
02/07/2025,C003,Hd,R2434,471.7,536.6,22.00,"£10,377.74","386,245",draft
2025.11.14,C004,Ofp,R3013,259.4,309.3,£16.00,"GBP 4,151.13","174,936",Credit
2025-05-15,C003,Dev,R2417,210.7,261.2,45.00,"£9,482.12","₹433,476",Credit
2025.03.08,C008,Hd,R4830,748.4,866.6,22.00,"£16,465.28","603,075",Draft
18/11/2025,C003,ofp ,R2500,158.0,181.7,16.00,,"₹103,109",BILLED
2025.12.28,C001,Soc,R1508,386.8,480.2,42.00,"GBP 16,247.38","₹579,591",billed
2025-07-18,C009,Soc,R5409,100.1,123.4,£42.00,"£4,202.68","145,554",Draft
"Aug 26, 2025",C011,ofp ,R6398,n/a,256.3,£16.00,"3,630.20","₹147,926",BILLED
2025-07-23,C011,AUT,R6380,5.3,6.4,£52.00,GBP 275.00,"₹10,136",credit
2025-07-24,C012,noc,R6826,74.5,92.2,28.00,"GBP 2,086.53","80,894",Credit
04/08/2025,C010,NOC,R5908,66.8,80.7,£28.00,"1,871.77","72,047",credit
2025-11-18,C009,DEV,R5471,153.0,200.6,£45.00,,"319,891",billed
22/08/2025,C012, HD,R6837,162.0,186.9,£22.00,"3,564.37","₹129,527",BILLED
2025.10.22,C002,Cld ,R1978,206.9,269.0,£48.00,"9,933.45","₹393,241",billed
2025-10-11,C002,Hd,R1972,969.0,n/a,£22.00,"GBP 21,318.80","826,954",Draft
06/02/2025,C006,OFP,R3909,137.7,157.3,£16.00,"2,203.43","88,579",billed
2025-02-16,C003,Hd,R2366,658.7,774.0,£22.00,"14,491.47","₹530,396",billed
2025-12-24,C010,Hd,R5961,346.3,404.5,£22.00,"7,618.45","₹278,907",BILLED
2025-09-16,C012,Cld ,R6855,25.5,33.4,48.00,"1,225.31","INR 47,382",BILLED
2025-01-19,C008,DEV,R4808,76.5,96.2,£45.00,"£3,442.34","162,175",draft
"Jan 5, 2025",C005,DEV,R3374,85.5,109.8,£45.00,"3,845.65","₹183,678",credit
2025-10-10,C002,NOC,R1974,1411.1,1680.3,28.00,"£39,510.54","₹1,562,763",draft
18/02/2025,C008,CLD,R4822,75.2,97.5,48.00,"3,610.64","₹153,225",Credit
2025-05-13,C008,SOC,R4862,74.9,93.4,,"£3,146.58","110,650",Draft
"Feb 26, 2025",C006,Noc ,R3895,179.1,222.6,£28.00,"£5,013.81","193,760",Billed
2025-09-24,C010,AUT,R5929,11.6,13.9,£52.00,£600.72,"₹23,179",Credit
2025-05-25,C009,soc ,R5379,92.8,113.8,42.00,"GBP 3,896.31","₹140,495",Credit
2025-05-17,C004,noc,R2923,1157.1,1333.2,£28.00,"£32,398.23","₹1,229,250",billed
2025-10-28,C009,Ofp,R5460,271.7,315.3,£16.00,"GBP 4,347.68","177,183",Billed
2025-06-13,C012,Soc,R6816,13.4,16.9,£42.00,£564.67,"19,936",draft
"Jun 15, 2025",C007,Cld ,R4443,99.7,128.2,£48.00,"£4,784.14","190,062",Credit
2025-12-25,C012,noc,R6892,74.4,85.9,28.00,"£2,082.06","₹79,193",Credit
2025.01.13,C007,OFP,R4386,194.9,232.1,16.00,"3,118.84","INR 129,907",draft
2025.05.07,C008,Cld ,R4864,94.3,119.2,£48.00,"£4,526.60","₹181,392",Draft
2025-04-11,C010,SOC,R5856,53.3,-,£42.00,"2,238.36","₹78,380",draft
18/07/2025,C008,Aut ,R4902,33.2,41.3,GBP 52.00,(£517.76),"INR 66,828",draft
2025-12-09,C002,NOC,R2004,401.8,497.6,£28.00,"(GBP 3,374.83)","₹417,833",billed
2025-12-09,C006,AUT,R4042,32.2,40.0,£52.00,"1,674.04","₹61,618",BILLED
27/05/2025,C008,hd ,R4857,657.1,780.2,22.00,"£14,456.36","553,826",Credit
28/06/2025,C012,dev ,R6821,15.0,18.9,45.00,GBP 676.57,"₹30,763",BILLED
"Feb 20, 2025",C010,soc ,R5829,18.3,23.5,42.00,£767.61,"₹27,087",Billed
"Jan 27, 2025",C010,CLD,R5819,56.2,72.2,£48.00,"2,697.99","INR 109,475",Draft
2025-02-04,C008,Aut ,R4827,22.9,28.9,£52.00,"£1,192.24","44,610",BILLED
2025-07-21,C005,DEV,R3460,93.1,113.5,GBP 45.00,"£4,190.02","196,192",BILLED
2025-10-14,C012,Soc,R6863,39.8,52.7,42.00,"£1,671.21","₹56,902",Credit
2025.05.24,C010,aut,R5876,12.8,16.7,52.00,#N/A,"₹25,395",Draft
"Jul 13, 2025",C001,OFP,R1436,406.8,468.2,16.00,"6,508.30","INR 269,690",Billed
2025.03.18,C009,aut,R5358,50.8,64.4,£52.00,"2,641.69","₹100,497",credit
2025-06-07,C002,soc ,R1919,560.3,708.5,42.00,"£23,533.17","₹818,399",credit
15/03/2025,C007,Aut ,R4409,43.9,55.6,£52.00,"GBP 2,283.46","INR 83,390",draft
01/10/2025,C003,hd ,R2473,1413.4,1730.0,£22.00,"GBP 31,094.12","₹1,164,184",BILLED
"Apr 7, 2025",C007,aut,R4421,80.1,99.1,£52.00,"£4,163.21","152,703",billed
"Jan 14, 2025",C009,dev ,R5329,70.3,94.6,45.00,"£3,164.84","140,135",Credit
2025-06-13,C999, HD,R1916,541.9,654.8,22.00,"11,921.76","436,369",Credit
25/02/2025,C009,AUT,R5345,42.6,53.7,52.00,"£2,217.23","85,424",BILLED
2025-04-22,C009,aut,R5371,106.9,137.3,£52.00,"5,560.88","INR 209,332",BILLED
2025-03-14,C004,DEV,R2901,160.3,202.3,£45.00,"7,211.89","₹334,478",draft
2025-02-24,C007,NOC,R4390,364.5,446.8,28.00,"£10,204.97","384,969",draft
06/06/2025,C010,Aut ,R5889,7.7,9.7,£52.00,GBP 400.09,"INR 15,171",billed
2025-11-09,C003,soc ,R2491,477.6,,42.00,"£20,057.74","712,647",Billed
2025.07.11,C003,Cld ,R2440,553.5,n/a,£48.00,"26,566.73","1,053,122",Draft
2025.06.21,C003,Noc ,R2423,412.5,498.8,£28.00,"GBP 11,549.87","₹436,665",Credit
"Dec 15, 2025",C004,aut,R3026,103.6,123.9,£52.00,"£5,387.18","203,155",BILLED
2025-09-05,C004,SOC,R2975,526.1,662.1,42.00,"22,096.17","₹775,066",draft
16/11/2025,C003,Hd,R2486,809.9,947.2,£22.00,"GBP 17,817.99","₹651,954",credit
2025-06-23,C012, HD,R6812,501.1,596.5,22.00,"£11,023.72","400,693",Billed
2025.07.03,C001,Noc ,R1427,367.3,446.1,28.00,"£10,283.84","394,055",credit
2025-01-19,C008,soc ,R4805,190.6,243.5,42.00,"8,004.20","₹277,884",draft
2025-11-07,C009,Aut ,R5474,67.2,82.8,£52.00,"3,493.75","₹125,071",credit
"May 25, 2025",C001,Ofp,R1408,472.0,541.7,16.00,"£7,552.31","₹310,503",Draft
25/12/2025,C010,Noc ,R5963,86.1,106.4,28.00,"2,410.02",,credit
23/01/2025,C001,Aut ,R1351,420.0,532.1,GBP 52.00,"£21,839.29","811,593",Draft
2025.11.06,C011,Cld ,R6437,24.0,30.2,£48.00,"£1,151.47","₹45,664",credit
14/07/2025,C001,NOC,R1426,354.0,429.9,28.00,"9,910.98","381,337",draft
2025-05-25,C012,soc ,R6804,31.7,38.8,42.00,"1,332.88","₹48,868",Draft
"Sep 23, 2025",C003,DEV,R2466,157.7,196.8,£45.00,"7,098.33","329,539",Credit
2025-06-02,C009,DEV,R5400,70.6,90.7,£45.00,"£3,178.24","144,986",billed
"Apr 15, 2025",C006,aut,R3932,31.7,40.1,52.00,"1,646.93","₹62,369",billed
2025.02.13,C009,dev ,R5343,224.8,291.0,£45.00,"£10,116.03","₹486,043",Draft
2025.09.14,C999,SOC,R5922,18.5,22.9,£42.00,£777.56,"₹27,772",Credit
"Sep 26, 2025",C999,soc ,R5921,20.6,25.5,£42.00,£864.51,"30,864",Credit
25/01/2025,C006,Ofp,R3891,197.2,221.8,£16.00,"£3,155.54","₹133,510",Credit
2025-01-24,C004,Ofp,R2872,266.7,305.4,£16.00,"£4,267.60","173,120",draft
"Nov 22, 2025",C012,HD,R6873,202.2,247.5,£22.00,"4,449.32","₹168,746",Credit
"May 3, 2025",C010,Cld ,R5872,53.7,68.8,£48.00,"£2,578.41","100,494",draft
2025-02-01,C012,cld,R6764,48.0,61.9,48.00,"£2,302.33","₹94,603",Draft
2025-05-18,C003,Cld ,R2414,315.0,411.5,GBP 48.00,"(4,535.58)","630,176",Draft
"Mar 11, 2025",C009,Ofp,R5359,249.5,295.8,16.00,"£3,991.98",-,Billed
22/03/2025,C011,Noc ,R6315,117.2,146.6,£28.00,"3,280.90","130,173",BILLED
02/05/2025,C011,NOC,R6344,66.3,78.1,£28.00,"1,855.12","73,289",Credit
14/04/2025,C004,Cld ,R2914,710.7,893.5,48.00,"£34,111.89","1,363,806",credit
2025-09-05,C001,Soc,R1457,391.4,-,£42.00,"£16,439.06","595,202",Draft
2025-12-25,C008,HD,R4969,434.6,526.3,£22.00,"9,560.80","360,253",Billed
2025-04-24,C008,Hd,R4845,461.7,534.4,22.00,"£10,158.31","₹382,286",BILLED
"Sep 7, 2025",C004,Noc ,R2973,1213.9,1504.9,£28.00,"33,988.97","1,305,532",credit
2025-01-28,C011,AUT,R6297,6.4,-,52.00,332.19,"₹12,485",credit
2025.10.11,C006,AUT,R4013,43.7,53.1,52.00,"£2,272.75","₹84,387",draft
09/08/2025,C999,Dev,R5427,79.4,105.6,£45.00,"3,572.23","161,349",credit
16/03/2025,C007,Dev,R4408,124.1,161.6,£45.00,"5,586.08","₹249,705",Draft
"Jul 3, 2025",C999,ofp ,R2444,489.1,572.7,£16.00,"£7,825.41","316,591",draft
"Mar 26, 2025",C008,ofp ,R4841,173.6,203.7,GBP 16.00,"£2,776.93","114,137",billed
2025-05-11,C012,OFP,R6810,205.7,246.5,16.00,"3,290.99","₹138,487",draft
2025.11.08,C006,ofp ,R4029,175.1,208.9,£16.00,"2,801.04","₹117,587",billed
2025-12-17,C004,SOC,R3019,340.9,423.7,42.00,"£14,316.40","₹513,080",credit
2025-10-26,C010,Noc ,R5935,177.6,208.7,£28.00,"£4,972.60","187,729",billed
2025-03-12,C005,DEV,R3404,140.6,172.6,£45.00,"6,325.93","INR 298,201",Billed
2025.08.10,C001,DEV,R1448,167.7,223.0,45.00,"£7,546.69","352,275",BILLED
"Oct 2, 2025",C001,Ofp,R1482,320.1,366.1,16.00,"(GBP 1,536.58)","210,023",BILLED
2025-10-28,C012, HD,R6860,296.2,348.7,£22.00,"£6,516.12","₹240,220",Credit
2025.02.15,C007,cld,R4393,68.3,91.8,48.00,"£3,276.74","₹126,879",draft
2025.12.19,C012,dev ,R6902,13.5,16.7,GBP 45.00,607.36,"₹27,701",BILLED
22/10/2025,C002,cld,R1976,195.7,254.4,48.00,"9,392.93","₹377,278",credit
2025.05.16,C003,NOC,R2409,344.9,409.8,£28.00,#REF!,"₹372,879",draft
26/10/2025,C004,CLD,R2993,859.1,1099.6,£48.00,"£41,237.11","1,693,135",Billed
2025-09-02,C008,Noc ,R4920,176.7,215.0,28.00,"£4,946.95","₹188,020",Credit
2025-03-14,C011,DEV,R6324,19.1,25.1,£45.00,GBP 858.27,"₹40,634",Billed
23/06/2025,C006,hd ,R3950,460.3,538.8,£22.00,"10,126.05","377,141",Draft
2025-04-18,C006,Ofp,R3935,504.9,573.8,16.00,"£8,078.47","₹329,816",Credit
2025-06-09,C011,dev ,R6364,60.4,76.5,£45.00,"2,716.43","₹126,376",draft
2025.04.16,C003, HD,R2391,777.3,925.4,,"17,100.25","₹613,721",Billed
2025-11-23,C001,HD,R1485,1105.2,1306.7,£22.00,"24,314.03","922,386",credit
"Jun 6, 2025",C002,noc,R1918,565.7,686.5,£28.00,"£15,840.83","INR 601,474",Credit
2025-04-18,C009,SOC,R5364,74.9,92.3,42.00,"£3,144.41","INR 112,213",Draft
2025.12.11,C011,SOC,R6449,15.3,19.5,£42.00,£643.40,"₹23,146",Credit
2025-08-24,C012,CLD,R6841,15.9,19.8,£48.00,£762.76,"₹30,824",Credit
2025.06.12,C008,CLD,R4881,94.0,119.2,£48.00,"£4,509.72","183,088",BILLED
2025-02-13,C002,OFP,R1874,311.3,360.7,16.00,"4,981.16","₹206,939",credit
06/05/2025,C999,AUT,R6352,5.6,7.1,52.00,£291.37,"₹10,478",Draft
06/02/2025,C009, HD,R5337,380.0,440.4,22.00,"8,359.46","₹308,431",Billed
2025-10-21,C005,Cld ,R3500,133.8,173.5,£48.00,"£6,421.98","₹264,396",credit
20/03/2025,C011,OFP,R6326,147.0,170.8,£16.00,"£2,352.47","₹97,736",Billed
2025-10-19,C003,dev ,R2480,517.5,647.7,NA,"(6,986.77)","INR 1,099,703",BILLED
2025-07-03,C009,dev ,R5414,112.8,147.1,£45.00,"£5,075.65","237,851",BILLED
"Dec 13, 2025",C001,SOC,R1509,314.8,390.8,£42.00,"£13,223.20","₹445,494",Billed
2025.11.26,C005,CLD,R3513,164.8,209.2,£48.00,"£7,911.27","₹309,340",billed
22/06/2025,C010,Cld ,R5884,28.1,36.3,£48.00,"£1,349.61","₹53,928",Credit
02/09/2025,C003,cld,R2465,219.1,269.2,£48.00,"£10,517.48","422,421",Credit
"Jul 7, 2025",C005,aut,R3461,138.1,172.4,52.00,"£7,180.35","₹266,977",Draft
2025.10.26,C006,cld,R4007,102.5,132.3,48.00,"£4,921.34","₹200,348",credit
16/11/2025,C009,SOC,R5466,93.7,120.2,42.00,"£3,936.15","₹142,290",draft
26/10/2025,C009,dev ,R5454,91.7,122.7,£45.00,"GBP 4,128.58","₹193,258",credit
07/05/2025,C009,Noc ,R5376,326.5,401.8,£28.00,"£9,141.39","₹339,097",Draft
2025-11-07,C009,Aut ,R5474,67.2,82.8,£52.00,"3,493.75","₹125,071",credit
16/01/2025,C004,Hd,R2860,483.3,580.3,22.00,"£10,633.04","₹396,990",Billed
2025.01.04,C006,noc,R3883,166.3,193.1,£28.00,null,"₹176,799",credit
"Apr 4, 2025",C003,cld,R2398,199.3,256.2,£48.00,"£9,568.46","INR 385,869",BILLED
2025.11.01,C001,Cld ,R1494,195.5,245.6,£48.00,"£9,385.49","₹376,298",billed
10/01/2025,C010,OFP,R5825,477.9,574.3,£16.00,NA,"320,843",billed
2025.10.27,C008,Aut ,R4950,29.7,35.9,£52.00,"1,546.33","₹58,258",billed
2025-09-04,C011,OFP,R6413,NA,253.9,£16.00,"£3,457.53","141,333",draft
"Jan 8, 2025",C006,NOC,R3881,178.6,207.5,GBP 28.00,"£5,001.82","₹196,829",Credit
"Jun 21, 2025",C003,OFP,R2433,205.5,240.7,£16.00,"3,288.02","₹135,182",billed
2025-05-26,C002,HD,R1902,554.2,627.7,£22.00,"12,191.44","₹451,699",BILLED
2025-09-18,C008,AUT,R4931,29.5,37.1,GBP 52.00,"1,534.06","₹58,163",billed
2025-03-09,C010,aut,R5848,22.8,28.9,£52.00,"£1,185.65","₹43,928",billed
2025.05.21,C011,AUT,R6353,5.3,6.7,£52.00,£274.82,"₹10,096",draft
2025-12-21,C002,hd ,R2003,1030.3,1179.6,22.00,"£22,667.54",-,Credit
24/12/2025,C001,DEV,R1512,207.0,263.8,£45.00,"£9,314.61","₹440,081",credit
"Oct 5, 2025",C001,OFP,R1484,308.8,353.1,£16.00,"£4,941.11","208,394",billed
2025.07.21,C005,Hd,R3449,653.7,757.1,£22.00,"14,381.57","₹537,004",BILLED
"Dec 2, 2025",C009,Hd,R5478,597.0,706.0,22.00,"£13,134.45","₹484,120",Credit
"Apr 6, 2025",C010,cld,R5857,31.7,39.8,48.00,"£1,519.78","61,784",draft
"May 8, 2025",C004,Aut ,R2929,89.1,107.5,£52.00,"£4,634.02","₹167,849",draft
19/05/2025,C008,dev ,R4868,89.0,116.6,45.00,"4,003.91","180,125",BILLED
2025-06-08,C008,HD,R4873,423.4,499.8,£22.00,"GBP 9,314.64","₹329,701",Credit
2025-12-09,C006,CLD,R4035,108.5,134.8,£48.00,"£5,206.95","213,081",Draft
2025-04-15,C003,dev ,R2400,151.2,189.9,£45.00,"6,804.79","₹299,831",Billed
2025.01.09,C003,soc ,R2354,290.5,359.6,42.00,"12,199.99","₹431,088",BILLED
"Nov 12, 2025",C004,CLD,R3008,269.4,341.7,48.00,"£12,928.96","₹515,773",Draft
2025.12.21,C001,HD,R1505,1164.3,1355.0,22.00,"25,614.83","932,133",BILLED
"Oct 16, 2025",C001,Dev,R1479,158.7,207.4,£45.00,"£7,141.84","330,522",billed
01/10/2025,C001,aut,R1481,472.1,568.9,£52.00,"£24,547.87","909,686",Credit
08/02/2025,C012,Ofp,R6768,512.7,589.0,16.00,"£8,203.27","INR 353,411",draft
2025-06-23,C011,Cld ,R6363,72.7,92.7,n/a,"GBP 3,491.02","INR 140,413",Credit
"Nov 16, 2025",C011,DEV,R6441,17.3,23.0,£45.00,£777.97,"35,464",credit
04/03/2025,C001,Dev,R1376,220.3,289.7,45.00,"9,911.83","₹467,183",Credit
2025-09-13,C008,Hd,R4918,726.5,843.5,22.00,"15,982.81","605,011",Draft
2025.09.15,C008,DEV,R4930,94.0,123.6,£45.00,"4,231.74","₹190,454",credit
2025.03.19,C003,Cld ,R2384,660.4,852.2,£48.00,"GBP 31,698.35","₹1,224,273",Credit
"Dec 27, 2025",C004,DEV,R3023,290.2,369.6,45.00,"13,059.62","₹601,531",billed
"Oct 9, 2025",C001,Cld ,R1477,214.8,267.4,£48.00,"£10,309.20","INR 424,426",BILLED
2025-05-19,C006,OFP,R3948,234.1,267.5,GBP 16.00,"£3,745.15","157,116",Draft
05/07/2025,C004,cld,R2947,260.3,339.4,48.00,"GBP 12,495.09","494,483",credit
27/11/2025,C012,SOC,R6879,13.6,16.6,£42.00,£572.65,"20,212",BILLED
25/12/2025,C002,Soc,R2007,980.1,1256.2,£42.00,"£41,162.73","₹1,447,600",Draft
2025-12-17,C005,Ofp,R3534,882.2,1038.3,16.00,"£14,114.60","583,052",billed
2025-02-11,C008, HD,R4816,552.6,638.8,£22.00,"£12,156.91","₹439,955",credit
07/03/2025,C005,HD,R3394,893.0,1055.0,£22.00,"£19,647.02","₹754,472",Credit
2025.06.17,C005,Aut ,R3445,169.4,212.1,£52.00,"8,809.12","329,926",billed
2025-12-05,C012,Cld ,R6898,18.8,24.1,£48.00,£900.60,"₹36,031",credit
"Nov 27, 2025",C008,soc ,R4959,84.6,103.9,£42.00,"(1,066.21)","₹123,811",Credit
2025.06.25,C005,Cld ,R3439,143.1,178.0,£48.00,"£6,866.92","₹270,618",draft
2025-02-22,C006,soc ,R3896,86.0,110.3,NA,"£3,611.04","126,743",Draft
2025-02-25,C001,cld,R1358,315.4,399.6,£48.00,"15,138.72","₹619,712",Credit
2025.06.17,C004,soc ,R2937,467.7,575.5,£42.00,"£19,642.16","659,889",Draft
"Aug 14, 2025",C009,OFP,R5431,513.7,593.5,16.00,"£8,219.12","345,412",draft
2025.10.12,C002,AUT,R1982,435.5,529.1,£52.00,"£22,646.83","828,070",billed
2025-01-09,C005,DEV,R3372,94.3,121.1,£45.00,"4,241.53","196,844",credit
21/10/2025,C005,SOC,R3496,132.6,161.6,42.00,"£5,567.32","200,212",credit
2025.11.13,C002,soc ,R1990,549.9,665.2,£42.00,"GBP 23,093.86","₹795,151",draft
02/11/2025,C005,Aut ,R3518,62.2,79.3,£52.00,"£3,236.13","120,602",billed
21/10/2025,C003,SOC,R2475,328.7,403.2,42.00,"£13,805.14","506,426",Draft
14/10/2025,C010,dev ,R5940,49.4,61.9,£45.00,"£2,221.05","INR 103,010",Draft
2025-08-09,C003,Ofp,R2456,501.0,587.6,£16.00,"£8,015.35","₹338,056",Credit
2025-06-21,C011,soc ,R6362,24.8,31.8,42.00,"£1,041.49","INR 37,380",Credit
"Nov 22, 2025",C004, HD,R2999,956.5,1091.2,£22.00,"GBP 21,043.18","819,882",Draft
2025-09-11,C003,dev ,R2468,172.5,215.3,45.00,"7,763.73","352,385",BILLED
2025-01-23,C012,Aut ,R6757,13.8,16.8,null,718.14,"₹27,117",draft
"Jun 8, 2025",C009,cld,R5397,108.7,142.1,48.00,"5,216.47","204,632",credit
17/04/2025,C008,dev ,R4851,136.7,176.0,£45.00,"(£1,846.03)","INR 282,255",Draft
"Nov 25, 2025",C011,CLD,R6438,,NA,£48.00,"£1,019.67","40,064",BILLED
2025-03-09,C009,NOC,R5352,241.4,289.1,28.00,"(£2,027.34)","₹252,755",Billed
"Nov 25, 2025",C003,Dev,R2495,485.8,618.3,45.00,"£21,862.01","₹1,020,323",Credit
2025.07.26,C007,cld,R4454,204.7,255.0,48.00,"9,824.85","₹411,636",BILLED
"Apr 19, 2025",C003,CLD,R2397,218.6,280.9,£48.00,NA,"₹428,520",credit
2025-09-12,C010, HD,R5918,351.4,394.5,22.00,"7,731.88","INR 294,950",credit
25/06/2025,C011,AUT,R6365,8.2,10.5,£52.00,£425.83,"15,647",credit
"Jul 18, 2025",C002,DEV,R1939,218.4,286.4,£45.00,"£9,828.97","444,484",draft
27/02/2025,C006,Hd,R3892,962.7,1186.1,£22.00,"GBP 21,179.33","773,014",credit
2025.11.19,C010,Aut ,R5955,8.2,10.5,£52.00,425.87,"INR 16,144",draft
2025.07.09,C009,noc,R5406,259.8,316.6,GBP 28.00,"£7,273.07","282,405",Billed
2025-12-02,C011,Soc,R6450,18.2,23.2,£42.00,£766.41,"26,435",Credit
"Oct 1, 2025",C006,Noc ,R4004,300.8,358.0,£28.00,"£8,421.85","329,070",Credit
2025.09.05,C002,AUT,R1967,211.7,269.6,£52.00,"£11,008.29","401,157",Draft
"Feb 6, 2025",C006,noc,R3894,171.2,212.9,£28.00,"(£1,438.47)","₹184,680",BILLED
09/03/2025,C011,Soc,R6319,17.1,22.1,42.00,718.44,"25,052",Credit
2025-02-12,C012,Noc ,R6761,151.1,182.9,GBP 28.00,"4,230.17","₹160,832",Draft
"Dec 19, 2025",C012,Cld ,R6897,21.0,26.9,48.00,"£1,008.29","₹41,293",Draft
2025.08.11,C002,Ofp,R1955,424.5,510.0,£16.00,"GBP 6,791.46","₹277,916",Billed
2025.04.20,C012,AUT,R6796,5.9,7.5,£52.00,307.51,"11,359",BILLED
"May 9, 2025",C010,Soc,R5871,19.3,23.8,42.00,£808.51,"29,094",draft
"Dec 6, 2025",C010,AUT,R5973,8.0,10.2,£52.00,417.05,"INR 15,575",credit
"Jul 18, 2025",C007,NOC,R4451,136.1,164.2,28.00,"£3,810.18",n/a,credit
17/03/2025,C011,Noc ,R6316,124.2,155.4,28.00,"£3,478.13","₹133,394",BILLED
2025.12.18,C011,soc ,R6448,19.3,24.5,£42.00,£808.60,"₹28,514",Billed
06/03/2025,C999,DEV,R2902,170.2,214.8,£45.00,"£7,659.88","348,911",draft
"Jun 10, 2025",C008,ofp ,R4888,253.4,303.5,16.00,"4,054.34",NA,BILLED
2025-07-02,C011, HD,R6369,154.7,181.9,£22.00,"GBP 3,402.84","126,339",billed
"Jun 2, 2025",C005,CLD,R3441,120.9,150.4,48.00,"GBP 5,801.17","235,993",Credit
2025.09.09,C002,soc ,R1962,533.4,643.5,£42.00,"22,401.90","₹767,865",Billed
"Nov 10, 2025",C011, HD,R6434,220.0,254.0,£22.00,"4,840.72","INR 173,834",credit
2025-11-28,C006,DEV,R4027,236.8,317.9,£45.00,"10,654.86","₹489,270",credit
21/02/2025,C999,soc ,R3385,98.9,121.2,£42.00,"£4,155.08","147,813",billed
01/12/2025,C003,NOC,R2502,971.1,1114.9,28.00,n/a,"₹1,038,425",BILLED
2025.04.16,C012,dev ,R6793,17.4,21.8,45.00,£782.74,"₹36,424",credit
"Dec 16, 2025",C002,AUT,R2012,243.2,323.5,52.00,"12,646.98","475,470",BILLED
2025.11.27,C001,noc,R1488,345.2,418.8,£28.00,"9,666.71","₹352,986",Credit
"Jul 28, 2025",C011,OFP,R6383,-,158.6,£16.00,"£2,265.76","INR 94,028",billed
2025-03-16,C012,NOC,R6772,53.1,64.8,28.00,"£1,487.85","₹56,082",BILLED
01/07/2025,C012,ofp ,R6833,149.5,177.3,£16.00,"£2,391.91","97,968",Billed
04/07/2025,C012,Hd,R6824,473.0,542.0,22.00,"10,406.71","381,833",draft
2025-09-14,C006,DEV,R3994,81.0,101.8,45.00,"3,645.01","169,333",Billed
"Aug 20, 2025",C002,Aut ,R1953,241.1,299.5,£52.00,"£12,538.30","457,690",billed
2025.10.22,C004,hd ,R2987,653.0,779.9,£22.00,"14,366.32","₹544,080",BILLED
11/09/2025,C006,AUT,R3997,55.4,68.0,£52.00,"2,878.25","107,777",draft
2025-11-27,C004,Ofp,R3014,271.8,324.0,£16.00,"4,348.45","INR 181,575",Billed
2025-02-28,C002,soc ,R1865,1091.2,1340.0,£42.00,"£45,828.33","1,636,506",credit
2025-10-03,C999,dev ,R4946,152.7,195.0,45.00,"£6,873.52","₹328,657",Credit
"Apr 8, 2025",C002,Hd,R1889,1008.7,1184.7,£22.00,"£22,191.47","₹808,019",credit
05/05/2025,C001,AUT,R1405,127.3,159.9,£52.00,"6,621.87","₹242,040",Credit
2025-09-06,C010,ofp ,R5931,211.6,242.1,£16.00,"£3,385.50","₹139,768",Billed
10/01/2025,C010,dev ,R5821,20.8,26.1,45.00,GBP 938.12,"₹44,076",BILLED
2025-09-17,C003,Cld ,R2463,228.6,280.8,£48.00,"10,973.08","₹450,659",Billed
16/08/2025,C012,Hd,R6835,155.9,179.8,£22.00,"3,429.24","₹126,752",BILLED
19/01/2025,C008,ofp ,R4815,149.5,173.2,£16.00,"2,392.00",n/a,Billed
"May 28, 2025",C009,Soc,R5378,89.0,109.2,£42.00,"£3,738.24","126,840",Credit
"Mar 19, 2025",C001,CLD,R1374,309.7,384.5,null,"14,866.38","₹598,729",draft
2025-07-14,C007,NOC,R4452,145.9,176.0,£28.00,"£4,084.42","INR 153,264",Draft
"Apr 17, 2025",C009,CLD,R5369,77.3,99.2,48.00,"£3,709.57","₹147,039",draft
"Nov 20, 2025",C002,Noc ,R1988,479.8,587.4,28.00,"GBP 13,433.94","₹502,593",billed
"Jun 15, 2025",C012,NOC,R6814,46.1,53.9,£28.00,"£1,291.38","₹49,444",Billed
2025.02.14,C003,ofp ,R2377,237.0,276.8,16.00,"£3,792.04","₹158,429",Billed
24/06/2025,C007,CLD,R4442,119.9,154.2,£48.00,"5,756.18","235,577",billed
2025.05.10,C012,hd ,R6800,236.1,275.2,£22.00,"£5,193.83","₹197,659",credit
06/02/2025,C010,aut,R5837,22.5,27.4,£52.00,"£1,167.47","42,383",Credit
02/08/2025,C006,Dev,R3981,114.6,144.0,GBP 45.00,"5,155.03","242,438",credit
2025-03-08,C002,NOC,R1877,699.3,836.7,GBP 28.00,"(5,874.38)","₹751,717",BILLED
2025-02-15,C010, HD,R5826,715.6,862.5,£22.00,"GBP 15,743.34","₹570,998",credit
23/08/2025,C002,Ofp,R1956,349.0,419.3,16.00,"£5,584.74","229,503",Billed
2025-08-19,C004,AUT,R2968,107.1,132.4,£52.00,"£5,568.11","₹203,334",Credit
"Apr 21, 2025",C005,noc,R3411,234.8,284.5,-,"£6,573.83","246,112",Draft
"Aug 12, 2025",C001,AUT,R1450,212.5,268.3,£52.00,"£11,052.43","₹412,224",Draft
27/09/2025,C003,noc,R2459,1091.2,1315.6,£28.00,"£30,552.71","₹1,178,716",billed
2025.02.23,C009,Soc,R5341,133.2,173.9,42.00,"GBP 5,592.84","197,492",credit
2025.11.21,C002,OFP,R2001,233.3,263.9,£16.00,"£3,733.00","₹152,836",BILLED
2025-12-05,C008,dev ,R4978,130.1,168.9,£45.00,"£5,856.34","273,917",credit
2025-04-13,C012,SOC,R6786,18.3,22.0,£42.00,767.55,"26,872",billed
2025.03.23,C002,SOC,R1878,552.8,711.5,£42.00,"£23,219.36","810,467",Draft
"Oct 7, 2025",C005,hd ,R3492,1133.0,-,£22.00,"24,925.70","₹913,158",BILLED
"Sep 3, 2025",C010,aut,R5928,12.0,14.5,52.00,625.73,"INR 23,288",BILLED
2025-01-03,C012,soc ,R6750,39.6,48.6,£42.00,"£1,661.49","₹57,086",Credit
"May 23, 2025",C003,Soc,R2412,328.0,404.4,£42.00,"£13,776.22",,credit
2025-03-15,C005,CLD,R3401,135.9,168.0,48.00,"£6,520.81","265,421",credit
28/05/2025,C006,noc,R3940,252.2,286.1,£28.00,"7,062.04","₹271,393",credit
2025-10-19,C001,cld,R1476,224.0,278.9,48.00,"10,752.18","INR 429,467",BILLED
2025-10-16,C012,dev ,R6866,15.5,20.1,45.00,697.98,"32,992",Billed
2025.06.12,C001,DEV,R1419,260.2,337.6,45.00,"11,707.67","548,587",BILLED
2025-09-13,C003, HD,R2457,813.5,959.5,22.00,"GBP 17,897.32","665,760",Billed
2025-04-09,C009,dev ,R5370,220.0,278.1,45.00,NA,"434,187",Credit
"Aug 11, 2025",C002,dev ,R1951,218.6,272.7,£45.00,"9,836.69","464,607",Draft
"Aug 18, 2025",C004,Soc,R2960,311.6,404.7,42.00,"13,088.47","₹449,999",billed
22/06/2025,C010,dev ,R5885,18.6,23.9,45.00,£837.99,"39,374",Draft
2025-01-18,C005,OFP,R3379,381.2,443.9,£16.00,"6,098.84",n/a,Credit
2025.12.04,C003,Soc,R2503,295.9,365.8,£42.00,"£12,429.88","432,596",Credit
06/04/2025,C005,SOC,R3414,113.8,140.2,£42.00,"(£1,434.06)","₹163,713",Credit
02/05/2025,C008,Cld ,R4865,81.4,102.9,48.00,"3,907.97","155,782",credit
2025-01-01,C009,CLD,R5324,66.8,85.0,GBP 48.00,"£3,207.56","₹130,389",Billed
2025-04-07,C002,NOC,R1890,1337.2,1556.7,£28.00,"GBP 37,441.87","₹1,445,864",Draft
2025-09-03,C003,AUT,R2469,108.9,140.9,£52.00,"£5,662.40","213,700",credit
26/02/2025,C008,HD,R4817,495.2,572.4,£22.00,"GBP 10,893.35","401,757",Credit
2025.10.27,C009,SOC,R5450,126.4,152.6,£42.00,"£5,308.45","₹188,334",Draft
28/05/2025,C007,Dev,R4431,122.7,154.7,45.00,"£5,523.57","₹253,043",draft
"Jan 24, 2025",C010,NOC,R5817,87.1,107.4,£28.00,"£2,439.47","INR 93,798",draft
12/11/2025,C012,Cld ,R6881,29.7,38.6,£48.00,"£1,423.87","INR 56,947",Draft
2025-01-24,C003,ofp ,R2362,157.9,188.7,£16.00,"£2,525.76","₹102,251",Billed
2025-03-15,C004,NOC,R2895,356.0,437.4,28.00,"£9,969.15","INR 383,423",billed
2025-10-24,C001,CLD,R1475,246.4,306.8,48.00,"£11,828.92","₹478,199",Credit
2025-11-12,C009,ofp ,R5477,185.6,222.5,£16.00,"2,969.94","₹124,301",Credit
2025-07-04,C009,Noc ,R5407,316.6,385.9,28.00,"8,866.14","INR 338,590",credit
2025-12-20,C004,Cld ,R3021,806.1,967.3,48.00,"38,693.79","₹1,566,908",Credit
2025-01-20,C005,AUT,R3375,51.0,63.2,£52.00,"2,653.83","INR 94,627",credit
2025-10-04,C001,Noc ,R1470,320.4,397.8,28.00,"£8,970.07","₹335,571",Credit
03/07/2025,C010,cld,R5898,19.3,24.3,48.00,928.41,"37,512",Billed
20/03/2025,C012,SOC,R6774,13.5,16.1,£42.00,567.89,"₹20,094",Credit
"Jan 4, 2025",C011,dev ,R6293,29.4,37.7,£45.00,"£1,323.31","₹61,115",Credit
"Mar 24, 2025",C006,Hd,R3911,315.4,384.0,£22.00,"(2,081.41)","257,116",Draft
17/03/2025,C004,SOC,R2898,567.4,709.8,£42.00,"£23,831.33","840,792",Credit
"Aug 21, 2025",C004,Aut ,R2967,82.4,101.8,52.00,"GBP 4,282.80","₹161,366",Credit
2025-09-26,C005,noc,R3480,726.1,882.6,28.00,"20,331.43","₹792,755",credit
2025-07-15,C005,cld,R3456,113.9,148.2,£48.00,"5,466.98","223,712",BILLED
22/11/2025,C005,dev ,R3516,107.7,132.4,£45.00,"4,848.32","₹226,402",Billed
2025-05-12,C004,OFP,R2932,761.1,869.3,£16.00,"£12,177.93","₹481,605",billed
"Dec 25, 2025",C009,hd ,R5479,711.7,841.7,GBP 22.00,"£15,657.62","566,140",Billed
"Jul 23, 2025",C007,Dev,R4455,70.9,88.5,£45.00,"3,191.21","143,846",Billed
08/12/2025,C011,Dev,R6454,20.9,27.5,£45.00,£941.28,"₹41,674",BILLED
"Dec 13, 2025",C006,OFP,R4044,269.3,307.3,£16.00,error,"INR 178,765",BILLED
2025.09.23,C001,Cld ,R1458,241.1,297.8,48.00,"£11,574.72","₹475,670",Draft
"Oct 6, 2025",C005,DEV,R3501,373.5,-,45.00,"16,806.93","752,547",credit
02/03/2025,C012,noc,R6773,48.1,58.6,28.00,"£1,345.98","52,536",Credit
2025.07.09,C004,Cld ,R2946,272.8,355.7,£48.00,"£13,093.97","₹525,842",Credit
27/11/2025,C012,Ofp,R6888,174.2,207.9,£16.00,"£2,786.44","₹115,210",BILLED
"Jul 24, 2025",C001, HD,R1425,2106.3,2535.6,£22.00,"£46,339.49","1,683,201",credit
"Dec 13, 2025",C008,aut,R4980,46.0,58.6,52.00,"£2,392.41","87,276",Billed
2025-02-01,C005,cld,R3387,396.9,496.2,£48.00,"£19,049.89","₹754,401",Billed
2025-08-16,C010,Aut ,R5914,10.1,12.9,£52.00,(158.05),"19,456",draft
"Oct 11, 2025",C011,Aut ,R6427,5.6,7.2,£52.00,290.77,"₹10,439",draft
2025.07.10,C011,ofp ,R6385,146.9,164.5,£16.00,"£2,349.84","₹93,960",draft
22/03/2025,C004,HD,R2892,571.5,652.8,£22.00,"£12,573.12","475,870",BILLED
"Apr 23, 2025",C999,Ofp,R2920,272.8,312.3,16.00,"GBP 4,364.46","184,105",Draft
23/04/2025,C002,Dev,R1895,223.2,290.6,£45.00,"£10,044.87","₹462,270",Credit
12/02/2025,C008,Aut ,R4825,26.1,null,£52.00,"GBP 1,357.69","₹50,326",Draft
26/09/2025,C009,soc ,R5437,102.3,127.9,£42.00,"4,297.51","₹146,345",billed
2025-07-22,C007,Aut ,R4458,42.8,54.1,n/a,(£667.18),"78,931",Credit
23/11/2025,C001,NOC,R1487,450.6,546.6,£28.00,"£12,618.08","INR 490,620",Billed
2025-04-05,C007,CLD,R4417,253.1,322.4,£48.00,"£12,148.73","481,855",Billed
11/02/2025,C011,ofp ,R6311,458.6,539.9,£16.00,"7,337.82","293,930",Draft
2025-11-14,C011,aut,R6443,9.1,11.2,£52.00,£473.17,"₹17,835",Billed
28/03/2025,C001,aut,R1377,157.2,204.6,52.00,"£8,174.63","₹301,125",billed
2025-11-20,C001,AUT,R1500,207.0,259.4,£52.00,"£10,761.75","396,009",billed
26/05/2025,C010,DEV,R5874,21.0,27.4,45.00,944.48,"₹43,543",Credit
2025.12.01,C009,SOC,R5482,129.6,165.2,£42.00,"£5,443.16","194,624",credit
14/05/2025,C010,Soc,R5870,16.3,20.1,null,682.51,"₹23,835",credit
"Jul 8, 2025",C005,Cld ,R3457,114.2,148.5,48.00,"£5,479.61","₹216,435",billed
"Oct 13, 2025",C005,Cld ,R3498,160.4,208.0,48.00,"7,699.40","INR 301,592",billed
01/01/2025,C008,noc,R4804,547.1,665.4,,"£15,319.30","₹577,159",billed
2025-09-04,C001,AUT,R1464,242.9,301.5,GBP 52.00,"£12,630.01","₹457,825",Credit
2025.05.27,C001,dev ,R1403,206.8,263.2,45.00,"£9,307.18","₹439,499",Credit
03/03/2025,C005,CLD,R3400,141.5,175.0,£48.00,"6,792.86","₹279,218",BILLED
"Dec 15, 2025",C010,AUT,R5972,7.4,9.3,52.00,(£115.06),"INR 14,235",draft
2025-11-07,C012,aut,R6887,4.8,6.0,£52.00,£248.86,"9,238",Billed
2025-01-16,C012,dev ,R6755,15.1,19.9,45.00,680.16,"₹31,367",BILLED
"Nov 28, 2025",C001,hd ,R1486,1183.9,1399.8,£22.00,"£26,046.46",null,billed
10/09/2025,C009,Aut ,R5443,61.1,77.6,NA,"3,177.60","INR 116,265",Billed
2025.07.11,C004,ofp ,R2953,282.4,331.3,16.00,"£4,519.15","₹184,795",Credit
2025.07.12,C012,DEV,R6831,21.5,28.1,£45.00,£967.47,"44,232",billed
2025.11.22,C004,Dev,R3009,275.3,357.4,£45.00,"£12,388.05","₹574,922",Billed
23/01/2025,C011,SOC,R6291,22.8,29.0,42.00,£957.27,"32,683",credit
"May 20, 2025",C006,dev ,R3945,121.0,156.7,£45.00,"£5,446.76","₹250,406",draft
2025-08-27,C006,Noc ,R3975,245.4,null,£28.00,"6,869.89","270,780",draft
2025-01-27,C999,NOC,R1846,357.1,430.1,£28.00,"£9,999.86","381,745",Draft
2025-04-28,C011,soc ,R6332,50.5,61.0,42.00,"£2,122.97","INR 71,541",Credit
03/03/2025,C011,OFP,R6327,161.1,187.1,£16.00,"2,576.98","106,519",Credit
"Feb 25, 2025",C009,SOC,R5340,117.9,154.0,42.00,"£4,953.12","₹168,689",BILLED
2025-11-19,C010,Hd,R5948,225.3,272.1,22.00,"£4,956.54","₹180,597",Draft
13/03/2025,C005,SOC,R3398,100.2,122.5,42.00,"£4,209.66","145,151",credit
26/12/2025,C011,Ofp,R6459,231.2,277.5,£16.00,"GBP 3,698.70","₹147,680",BILLED
2025-10-24,C009,Noc ,R5449,316.6,387.9,£28.00,"£8,865.80","₹347,030",Credit
2025-03-25,C009,CLD,R5354,117.4,151.1,48.00,"£5,636.60","229,371",billed
"Apr 6, 2025",C005,Hd,R3408,1713.3,2096.9,£22.00,"37,693.10","1,387,485",credit
"Sep 18, 2025",C004,Aut ,R2982,173.1,220.4,52.00,"£9,001.18","331,304",credit
23/11/2025,C002,Cld ,R1993,351.8,442.4,48.00,"£16,887.43","681,407",BILLED
2025-10-25,C011,Dev,R6425,29.6,39.0,£45.00,"1,332.39","₹61,649",draft
21/05/2025,C004,SOC,R2924,556.2,675.2,GBP 42.00,"£23,361.01","₹808,723",credit
2025-07-09,C008,Ofp,R4903,-,301.9,£16.00,"£4,242.84","176,877",Credit
2025-07-28,C011,DEV,R6377,20.3,null,45.00,-,"42,231",Credit
2025-12-06,C012,Soc,R6895,14.6,18.1,42.00,GBP 614.35,"₹20,956",Draft
2025-09-23,C005,dev ,R3488,112.9,140.1,£45.00,#N/A,"241,070",Billed
25/05/2025,C009,ofp ,R5391,173.1,203.4,£16.00,"£2,769.79","INR 116,708",Billed
2025.05.02,C006,Cld ,R3943,180.8,228.9,£48.00,"(£2,603.49)","₹341,475",Draft
27/10/2025,C003,aut,R2481,335.8,424.4,£52.00,"£17,459.20","₹630,234",Billed
2025-06-09,C999,cld,R1921,567.1,721.6,GBP 48.00,"27,220.07","1,073,748",Billed
02/11/2025,C004,noc,R3001,531.4,649.4,£28.00,"£14,878.15","₹571,110",draft
03/12/2025,C006,NOC,R4033,575.2,721.6,£28.00,"£16,105.30","₹622,071",Draft
"Apr 19, 2025",C011,noc,R6330,96.7,115.6,£28.00,"2,708.85","₹98,008",BILLED
2025-07-03,C010,Ofp,R5902,138.2,166.1,16.00,"2,211.14","90,479",Draft
25/09/2025,C009,Ofp,R5444,326.3,381.9,16.00,"£5,221.08","223,532",Credit
"Dec 24, 2025",C006,OFP,R4043,279.4,318.9,£16.00,"£4,470.87","₹186,813",Credit
2025-07-19,C002,SOC,R1933,312.7,373.6,42.00,"£13,133.25","463,668",credit
23/05/2025,C011,Cld ,R6348,33.6,42.3,£48.00,"1,611.02","₹61,074",credit
26/07/2025,C003,aut,R2443,309.8,398.3,£52.00,"16,111.64","578,240",billed
08/11/2025,C008,ofp ,R4966,177.8,210.1,16.00,"£2,844.48","INR 116,785",credit
2025-04-19,C011,aut,R6338,6.3,7.6,52.00,£327.15,"INR 11,875",Draft
2025.04.13,C003,Hd,R2390,644.8,767.7,22.00,"14,186.31","539,920",draft
28/08/2025,C011,cld,R6392,18.3,23.7,48.00,GBP 880.35,"₹35,047",Draft
20/05/2025,C008,Noc ,R4859,298.8,357.5,£28.00,"8,365.42","318,234",Credit
2025-03-16,C004,ofp ,R2906,309.0,356.9,£16.00,n/a,"₹207,796",Credit
2025-03-13,C001,Dev,R1375,240.0,315.7,£45.00,"£10,800.09","₹515,463",Credit
28/05/2025,C011,cld,R6349,31.2,39.3,48.00,"£1,499.22",-,draft
"Nov 7, 2025",C012,cld,R6882,25.2,32.8,£48.00,"1,211.52","₹49,893",Credit
2025-11-26,C003,Hd,R2485,705.8,825.5,£22.00,"15,528.12","582,350",billed
2025.08.17,C011,CLD,R6393,20.5,26.5,£48.00,982.32,"₹40,383",BILLED
2025-10-13,C012,DEV,R6867,15.0,19.5,GBP 45.00,£677.01,"31,300",Draft
"Mar 12, 2025",C011,Aut ,R6325,15.4,19.4,52.00,800.98,"₹30,104",Billed
2025-03-19,C003,Ofp,R2387,163.4,188.7,16.00,"GBP 2,613.76","106,583",billed
23/05/2025,C011,Soc,R6347,15.9,19.1,42.00,667.26,"23,812",Credit
"Sep 13, 2025",C008,cld,R4926,107.8,134.9,GBP 48.00,"5,173.38","₹206,493",draft
2025-08-16,C008,OFP,R4917,170.2,190.7,£16.00,"£2,722.87","112,439",Credit
"Dec 10, 2025",C001,cld,R1511,543.8,679.3,£48.00,"£26,103.35","₹1,020,480",billed
"Nov 4, 2025",C011,SOC,R6436,50.1,64.8,£42.00,"£2,105.27","₹74,679",draft
"Oct 20, 2025",C003,Cld ,R2479,307.3,403.0,48.00,"£14,749.06","₹585,516",Billed
"Feb 27, 2025",C008,ofp ,R4828,222.5,259.2,£16.00,"3,560.12","₹147,608",BILLED
"Sep 19, 2025",C008,aut,R4933,34.9,43.9,52.00,(GBP 544.65),"INR 68,552",draft
2025.08.06,C002,Dev,R1952,191.3,238.7,£45.00,"8,608.23","397,573",Credit
2025-02-07,C002,OFP,R1873,335.3,388.5,16.00,"5,365.33","224,795",draft
2025-01-16,C004,Dev,R2868,152.3,202.8,45.00,"£6,852.29","319,343",draft
2025-01-08,C001,Dev,R1350,152.6,193.6,45.00,"£6,864.79","₹316,541",BILLED
"Aug 12, 2025",C008,SOC,R4908,232.2,304.2,NA,"£9,751.88","₹338,138",Billed
"Jul 28, 2025",C011,OFP,R6383,-,158.6,£16.00,"£2,265.76","INR 94,028",billed
20/10/2025,C002,HD,R1973,1025.7,1283.7,22.00,"GBP 22,565.85","₹882,149",Billed
2025.02.11,C009,ofp ,R5346,160.8,184.1,16.00,"£2,573.19","₹107,096",BILLED
2025-12-17,C002,NOC,R2006,509.3,630.8,28.00,"£14,260.24","₹553,537",draft
"Jan 14, 2025",C005,dev ,R3373,108.1,138.8,GBP 45.00,"£4,864.49","₹231,116",Billed
17/05/2025,C003,Hd,R2405,408.2,480.5,22.00,"8,980.66","₹326,053",BILLED
2025.04.02,C005,SOC,R3413,96.8,null,GBP 42.00,"£4,065.28","₹147,610",draft
2025-08-18,C012,CLD,R6842,17.5,21.8,£48.00,£838.36,"₹33,719",credit
"Apr 9, 2025",C008,cld,R4850,242.6,315.0,,"£11,644.32","INR 462,194",Draft
24/10/2025,C004,Soc,R2992,,508.3,42.00,"£16,684.63","₹580,663",Credit
"Nov 19, 2025",C004,ofp ,R3012,281.5,335.6,£16.00,"£4,504.02","₹180,763",draft
2025-10-20,C001,soc ,R1473,393.7,493.2,GBP 42.00,"16,534.28","579,242",draft
12/01/2025,C001,DEV,R1348,140.5,178.3,45.00,"£6,323.45","₹292,400",Billed
2025.03.19,C001,Noc ,R1370,1021.0,1294.4,GBP 28.00,"£28,587.51","₹1,082,154",credit
2025.04.21,C006,CLD,R3929,338.6,423.6,48.00,"£16,254.27","₹652,555",BILLED
"Nov 16, 2025",C010,SOC,R5952,25.9,32.5,NA,"£1,088.57","₹38,171",Credit
"Feb 15, 2025",C001,OFP,R1367,276.2,310.1,£16.00,"GBP 4,419.81","INR 177,985",Draft
2025-10-14,C003,soc ,R2476,335.8,411.9,£42.00,"£14,104.36","₹492,920",billed
2025.01.22,C001,cld,R1347,181.7,231.7,48.00,"8,720.32","365,127",BILLED
"May 6, 2025",C012,Cld ,R6805,25.1,31.5,£48.00,"1,205.66","46,499",credit
10/05/2025,C002,Dev,R1909,146.1,189.0,45.00,"£6,575.09","₹302,232",Billed
20/05/2025,C006,OFP,R3949,216.7,247.7,16.00,"£3,467.08","139,219",Draft
2025-04-16,C011,OFP,R6339,247.5,285.4,16.00,"£3,959.96","₹160,893",Billed
16/09/2025,C001,Noc ,R1453,546.3,639.0,28.00,"£15,297.67","599,551",BILLED
2025-04-02,C012,aut,R6794,5.7,7.3,GBP 52.00,297.42,"11,028",BILLED
2025-01-12,C009,Soc,R5321,72.8,90.8,£42.00,"3,055.98","107,250",BILLED
13/11/2025,C010,ofp ,R5959,153.0,179.7,16.00,"2,447.86","₹100,767",Draft
2025-12-01,C011,aut,R6456,6.4,8.1,£52.00,333.87,"12,323",billed
2025-07-03,C007,DEV,R4456,67.8,84.6,45.00,"£3,051.96","₹144,629",BILLED
"Jun 15, 2025",C002,NOC,R1917,642.5,779.7,£28.00,"GBP 17,990.91","674,797",Draft
2025-11-18,C005,Hd,R3508,1868.3,2189.9,£22.00,"£41,103.61","1,524,707",credit
2025.12.09,C003,Ofp,R2510,239.9,283.7,16.00,#N/A,"₹153,301",credit
2025-06-07,C006,dev ,R3956,109.7,144.3,£45.00,"4,938.54","₹229,936",draft
2025.09.03,C008,cld,R4927,96.7,121.0,48.00,"£4,639.82","₹176,882",BILLED
2025-04-14,C004,SOC,R2911,328.7,400.2,£42.00,"£13,806.51","₹483,125",Draft
23/02/2025,C011,Dev,R6306,18.4,23.8,£45.00,£830.22,"37,680",Credit
2025-07-22,C007,Ofp,R4462,166.2,193.7,£16.00,(£797.52),"₹109,240",Draft
2025.12.10,C011,AUT,R6457,5.2,6.5,£52.00,£268.67,"INR 10,295",Credit
07/10/2025,C009,noc,R5448,344.8,422.4,28.00,"£9,654.22","369,430",credit
2025-03-23,C008,dev ,R4838,97.7,128.1,45.00,"GBP 4,397.15","INR 200,566",Credit
01/09/2025,C011,NOC,R6404,61.7,73.5,£28.00,"£1,727.40","₹65,703",credit
28/07/2025,C008,DEV,R4897,77.8,99.6,GBP 45.00,"£3,499.86","₹163,372",BILLED
17/10/2025,C010,ofp ,R5945,244.5,291.3,£16.00,"(1,173.46)","161,870",BILLED
2025-11-17,C006,Cld ,R4026,184.1,237.4,48.00,"£8,834.50","366,170",draft
03/06/2025,C011,Ofp,R6367,468.9,564.7,GBP 16.00,"£7,502.38",-,draft
2025.03.08,C004,AUT,R2905,148.1,184.1,52.00,"7,699.42","₹288,502",credit
"Sep 25, 2025",C011,cld,R6408,22.6,28.9,GBP 48.00,"1,086.84","43,891",Credit
06/08/2025,C002,Noc ,R1945,368.8,438.4,£28.00,"10,327.75","₹394,391",BILLED
2025-09-18,C002,Hd,R1957,722.7,896.5,£22.00,"15,898.59","₹582,374",Billed
01/03/2025,C005,Soc,R3399,105.8,129.3,£42.00,"4,443.01","₹152,933",draft
2025-05-16,C007,Dev,R4432,127.9,161.3,£45.00,"£5,757.25","₹266,299",Billed
16/07/2025,C011,noc,R6372,115.8,141.2,£28.00,"£3,243.28",n/a,BILLED
27/11/2025,C008,cld,R4960,107.6,137.1,48.00,"£5,163.25","203,360",draft
"May 28, 2025",C012,noc,R6803,51.4,61.0,GBP 28.00,"GBP 1,438.16","₹53,203",BILLED
2025-02-05,C010,noc,R5827,80.9,95.5,£28.00,"2,265.67","84,104",Draft
"Mar 25, 2025",C010,ofp ,R5850,193.2,220.0,16.00,"3,091.74","INR 126,591",credit
2025-07-28,C001,Cld ,R1430,576.8,726.1,48.00,"27,685.12","₹1,153,714",credit
"Mar 7, 2025",C011,cld,R6321,38.3,47.3,£48.00,"1,839.78","74,377",Draft
26/03/2025,C010,DEV,R5847,16.3,20.8,45.00,£734.93,"₹33,343",billed
2025-04-03,C007,DEV,R4420,76.2,98.6,45.00,n/a,NA,draft
2025-01-16,C999,CLD,R4382,124.2,160.9,48.00,"£5,961.63","₹239,006",Billed
16/04/2025,C008,Soc,R4849,94.8,122.6,£42.00,"3,982.53","138,179",draft
"May 18, 2025",C003,soc ,R2411,261.0,321.8,42.00,"10,963.60","387,609",billed
05/08/2025,C004,Cld ,R2963,366.1,464.5,£48.00,"17,571.89","₹720,741",credit
16/09/2025,C002,noc,R1961,599.6,739.4,£28.00,"£16,789.33","655,089",credit
2025-06-13,C009,aut,R5403,53.3,67.0,GBP 52.00,"2,770.42","₹102,083",BILLED
2025-03-21,C007,ofp ,R4411,449.0,509.9,£16.00,"£7,183.67","₹289,693",Billed
01/03/2025,C006,HD,R3910,351.9,428.5,£22.00,"7,742.12","291,990",Draft
2025-06-19,C012,NOC,R6813,null,52.6,28.00,"£1,261.44",NA,BILLED
2025-02-27,C010,OFP,R5838,148.8,184.7,GBP 16.00,"£2,381.33","₹97,768",Billed
2025-02-22,C009, HD,R5335,345.3,400.2,22.00,"7,596.10","276,200",Billed
2025-05-20,C011,dev ,R6350,30.1,38.2,,"1,355.62","63,416",draft
2025.09.01,C999,CLD,R2976,346.4,432.6,£48.00,"£16,627.02","₹660,582",Billed
2025-08-10,C004, HD,R2955,1487.7,1767.7,£22.00,"32,729.47","₹1,212,932",Billed
2025.12.05,C012,Cld ,R6899,16.6,21.3,-,£797.67,"₹31,683",Draft
2025.03.22,C004,aut,R2904,151.2,188.0,£52.00,"£7,861.25","INR 305,589",BILLED
2025.11.10,C010,OFP,R5958,146.9,172.6,16.00,"£2,351.11","99,428",Credit
2025-01-19,C008,DEV,R4808,76.5,96.2,£45.00,"£3,442.34","162,175",draft
09/02/2025,C006,Aut ,R3904,27.8,34.8,52.00,"1,444.97","₹52,977",draft
2025-05-06,C012,NOC,R6802,47.6,56.5,£28.00,"1,333.39","₹50,261",billed
"Jul 20, 2025",C012,Ofp,R6834,154.1,182.7,16.00,n/a,"₹100,947",Draft
27/01/2025,C002,HD,R1845,999.5,1115.2,22.00,error,"794,611",Billed
2025.09.24,C011,HD,R6401,205.2,236.9,NA,"£4,513.79","166,586",credit
2025-09-06,C009,HD,R5434,459.1,534.8,£22.00,"10,100.03","374,958",credit
2025.11.16,C009,NOC,R5463,278.9,344.2,GBP 28.00,"£7,809.02","₹297,819",billed
08/05/2025,C011,ofp ,R6355,262.9,309.2,£16.00,"£4,206.28","172,714",draft
2025.11.19,C012,Dev,R6884,22.7,29.7,45.00,"GBP 1,020.35","47,426",credit
2025-03-23,C007,Cld ,R4406,102.9,133.5,£48.00,"GBP 4,937.16","198,394",billed
2025-12-23,C008,DEV,R4979,125.0,162.2,45.00,"£5,624.63","₹256,232",BILLED
"Jan 21, 2025",C010,AUT,R5824,6.4,8.2,£52.00,£332.77,"₹12,023",Billed
2025.07.10,C012,NOC,R6825,79.5,98.3,28.00,"£2,225.32","₹85,141",credit
2025-02-12,C001,aut,R1364,177.4,231.4,£52.00,"GBP 9,225.60","341,507",draft
2025.03.20,C002,DEV,R1882,226.9,292.2,45.00,"GBP 10,209.40","₹463,236",BILLED
"Jan 20, 2025",C003,HD,R2349,406.6,496.7,£22.00,"£8,944.82","₹312,887",Credit
2025-03-26,C003,HD,R2378,1427.5,1657.4,£22.00,"£31,406.08","1,136,330",BILLED
2025-06-02,C007,soc ,R4440,130.4,167.3,£42.00,"£5,475.51","₹193,994",Billed
"Apr 22, 2025",C008,NOC,R4847,619.0,766.4,GBP 28.00,"17,331.06","658,166",Billed
2025-05-12,C006,AUT,R3947,91.0,109.7,GBP 52.00,"£4,729.45","₹175,284",Credit
05/04/2025,C009,SOC,R5365,80.0,98.6,GBP 42.00,"3,361.38","119,943",draft
2025-04-05,C010,OFP,R5863,144.9,168.1,£16.00,"£2,317.97","₹93,302",BILLED
2025-12-07,C008,CLD,R4977,286.7,351.7,48.00,"13,762.33","₹557,046",draft
2025-01-21,C003,aut,R2361,316.1,386.5,£52.00,"£16,436.09","INR 613,762",BILLED
23/11/2025,C999,ofp ,R2000,240.3,271.7,£16.00,"£3,844.12","162,677",BILLED
2025-01-14,C008,cld,R4806,101.5,125.9,GBP 48.00,"4,870.71","₹195,204",credit
04/03/2025,C005,Noc ,R3395,299.6,365.7,£28.00,"£8,387.97","314,697",credit
"Sep 5, 2025",C006,Noc ,R3991,298.6,366.6,£28.00,"8,361.70","317,780",draft
18/04/2025,C002,Soc,R1891,319.6,385.1,42.00,"£13,423.90","₹486,354",Billed
15/10/2025,C006,Hd,R4001,334.9,399.0,£22.00,"£7,367.42","₹268,955",Credit
22/04/2025,C006,DEV,R3930,141.2,179.9,45.00,"£6,355.39","₹288,717",credit
2025-08-17,C008,Noc ,R4906,259.4,316.3,28.00,"£7,261.86","₹279,062",BILLED
"Aug 21, 2025",C006,Hd,R3973,519.7,605.7,£22.00,"11,432.66",NA,draft
"Mar 14, 2025",C002,Aut ,R1883,245.3,311.6,GBP 52.00,"£12,757.26","493,014",billed
2025-06-20,C011,noc,R6359,101.9,117.0,28.00,"2,853.17","₹105,194",billed
2025-04-16,C001,Aut ,R1390,456.5,563.5,52.00,"23,737.01","₹861,966",Billed
2025-12-08,C001,SOC,R1510,364.8,452.9,GBP 42.00,"15,323.28","₹544,121",draft
2025.04.16,C010,dev ,R5859,22.1,28.6,£45.00,994.00,"45,939",Billed
2025-09-09,C010,ofp ,R5930,206.3,236.0,£16.00,"£3,300.79","INR 138,125",billed
2025-09-02,C005,OFP,R3490,921.3,1088.8,£16.00,"14,740.95","635,800",Billed
2025-01-22,C012,Cld ,R6751,16.6,21.0,£48.00,796.76,"31,764",Billed
22/04/2025,C002,cld,R1894,503.9,657.5,£48.00,"£24,189.13","₹971,388",credit
2025-12-23,C008,NOC,R4973,232.3,292.3,£28.00,"6,503.28","₹239,292",Draft
"Sep 4, 2025",C011,CLD,R6406,24.5,31.3,£48.00,"1,177.86","₹46,863",credit
"Feb 28, 2025",C007,Hd,R4388,NA,587.0,22.00,"11,308.23","420,300",BILLED
"Nov 6, 2025",C012,soc ,R6880,13.4,16.4,42.00,£564.41,"19,629",Draft
"May 4, 2025",C007,noc,R4427,482.3,580.9,£28.00,"£13,505.76","₹514,439",credit
"Aug 4, 2025",C011,Hd,R6387,302.8,353.5,£22.00,"6,660.87","₹243,711",credit
2025-09-03,C002,Dev,R1965,253.6,315.6,£45.00,"11,413.26","559,291",Credit
"Jul 3, 2025",C004,Cld ,R2948,214.3,279.4,GBP 48.00,"GBP 10,285.40","406,804",billed
"Jun 8, 2025",C011, HD,R6357,317.4,371.0,£22.00,"£6,981.85","₹246,922",billed
2025-04-17,C011,aut,R6336,5.8,7.1,£52.00,£303.09,"₹11,374",draft
17/05/2025,C003,Soc,R2413,247.3,304.9,42.00,"10,385.31","365,046",Billed
"Mar 25, 2025",C999,SOC,R3915,255.8,317.3,£42.00,"10,742.79","370,984",draft
"Feb 10, 2025",C006,CLD,R3901,111.6,149.8,GBP 48.00,"5,354.57","₹212,615",Billed
2025.11.16,C009,cld,R5468,86.0,114.9,£48.00,"£4,126.67","160,779",credit
27/11/2025,C011,Dev,R6442,19.5,25.9,GBP 45.00,876.59,"42,221",BILLED
18/12/2025,C005,HD,R3522,596.3,706.7,£22.00,"£13,118.04","INR 474,345",draft
2025-07-10,C007,Hd,R4449,948.3,1101.9,GBP 22.00,"£20,861.90","₹783,294",billed
2025-05-20,C001,NOC,R1395,916.0,1063.6,£28.00,"£25,648.10","1,010,660",draft
2025-03-02,C005,noc,R3396,370.8,452.8,GBP 28.00,"£10,383.52","INR 396,978",Draft
"Feb 23, 2025",C006,cld,R3900,92.0,123.6,£48.00,"4,417.23","175,745",Draft
2025.12.07,C008,OFP,R4982,247.3,287.3,16.00,"£3,957.47","162,609",billed
2025-09-23,C002,DEV,R1966,241.6,300.6,£45.00,"£10,873.06",null,credit
"Dec 4, 2025",C002,aut,R2013,185.4,246.6,£52.00,"£9,640.29","INR 356,427",billed
2025-11-05,C012,DEV,R6883,26.7,34.9,£45.00,"£1,202.43","55,368",credit
2025-02-16,C001,soc ,R1357,908.5,1101.3,42.00,"38,158.00","1,320,119",Billed
2025-03-06,C002,dev ,R1881,221.2,284.9,null,"£9,952.95","₹465,900",BILLED
2025.05.06,C004,Dev,R2928,265.7,341.5,£45.00,"£11,954.80","₹557,557",credit
2025-08-13,C009,Soc,R5422,143.2,177.2,42.00,"£6,013.39","₹212,577",Draft
2025-07-17,C002,SOC,R1934,315.7,377.2,42.00,"£13,258.14","465,539",Billed
"Sep 21, 2025",C003,Soc,R2461,311.9,382.2,£42.00,"£13,099.73","INR 458,515",credit
2025-05-20,C009,Cld ,R5381,119.2,150.5,,"£5,722.37","239,981",billed
2025-10-22,C011,Cld ,R6422,21.2,26.1,£48.00,"£1,016.54","₹42,431",Draft
2025-03-04,C007,cld,R4405,119.4,155.0,48.00,"£5,733.49","226,838",BILLED
"Feb 27, 2025",C004,aut,R2887,95.6,112.9,£52.00,"4,972.32","₹178,565",billed
2025-06-22,C006,soc ,R3954,268.2,337.4,£42.00,"£11,263.10","380,248",Draft
2025-05-22,C002,Dev,R1907,136.2,176.2,45.00,"£6,129.57","₹273,473",BILLED
"Nov 7, 2025",C011,aut,R6444,9.4,11.6,£52.00,£490.12,"18,585",BILLED
2025.12.23,C002,cld,R2010,234.0,302.6,GBP 48.00,"11,230.17","INR 458,328",credit
2025.08.07,C009,AUT,R5430,35.9,45.4,£52.00,"£1,864.47","₹67,459",Credit
2025.02.26,C008,OFP,R4829,216.3,251.9,£16.00,"3,460.29","INR 145,964",Draft
13/02/2025,C009,Ofp,R5348,160.1,183.3,£16.00,"2,562.12","₹105,584",Credit
2025.09.27,C002,ofp ,R1970,275.5,316.6,16.00,"£4,408.43","INR 182,697",Draft
2025-09-22,C005,Soc,R3482,185.1,234.1,£42.00,"GBP 7,776.16","₹266,637",credit
23/09/2025,C003,soc ,R2460,315.1,386.2,42.00,"£13,235.58","INR 454,491",Credit
2025-08-12,C011,SOC,R6390,25.1,31.0,£42.00,"£1,053.49","36,934",Draft
"Jan 24, 2025",C002,cld,R1851,277.1,350.3,48.00,"(3,990.47)","548,475",Billed
07/12/2025,C001,Dev,R1513,156.8,199.8,£45.00,"7,053.87","₹331,933",credit
"Jul 18, 2025",C001,noc,R1428,372.3,452.2,£28.00,"10,424.55","₹391,688",draft
2025-05-02,C001,Hd,R1393,968.1,1134.1,22.00,"21,299.07","₹778,647",draft
16/08/2025,C005,Soc,R3466,96.0,-,£42.00,"GBP 4,031.45","₹144,809",draft
2025-09-18,C999,cld,R5440,252.0,316.8,£48.00,,"₹489,470",BILLED
2025-07-21,C006,CLD,R3967,115.7,146.5,£48.00,"5,551.38","INR 222,157",draft
2025-04-05,C006,noc,R3924,295.4,362.1,28.00,"8,272.19","₹315,185",Draft
05/01/2025,C002,AUT,R1856,135.8,169.8,£52.00,"£7,063.25","255,783",Billed
2025-09-28,C008,Ofp,R4934,295.4,334.7,£16.00,null,"191,949",Draft
16/07/2025,C003,soc ,R2439,443.2,549.8,£42.00,null,"675,914",Draft
2025-05-06,C008,soc ,R4861,69.9,87.2,42.00,"GBP 2,936.57","₹100,223",Credit
2025-06-26,C003,hd ,R2422,1167.9,1344.5,£22.00,n/a,"957,628",billed
2025.12.03,C009,ofp ,R5491,646.1,759.4,16.00,"£10,338.33","₹428,833",billed
2025-10-06,C011,OFP,R6431,165.7,189.4,£16.00,"2,651.38","₹105,561",BILLED
2025-08-17,C009,AUT,R5429,31.6,39.9,52.00,"1,641.65","60,863",draft
2025.09.20,C999,cld,R6856,27.8,36.4,,"£1,335.70",null,Credit
2025-09-26,C012,NOC,R6852,78.9,96.5,28.00,"£2,210.46","₹84,849",draft
11/10/2025,C003,OFP,R2482,196.3,234.4,£16.00,"£3,140.38","127,776",billed
18/08/2025,C008,HD,R4905,1507.7,1776.2,£22.00,"£33,169.44","₹1,262,053",draft
2025-10-16,C999,SOC,R4941,127.1,159.8,£42.00,"5,337.89","189,808",Credit
2025-06-20,C005,Hd,R3435,888.5,1061.3,£22.00,"19,546.30","699,348",billed
"Oct 22, 2025",C005,aut,R3504,57.1,74.5,£52.00,"£2,967.99","₹111,256",BILLED
2025.07.20,C006,Ofp,R3972,542.4,611.8,£16.00,"£8,677.64","367,196",BILLED
2025.05.08,C007,soc ,R4428,250.7,303.4,42.00,"GBP 10,530.10","₹375,576",BILLED
2025.12.07,C005,hd ,R3524,737.2,873.7,22.00,"16,218.32","₹588,614",Credit
2025-02-14,C003,ofp ,R2376,231.8,270.7,£16.00,NA,"160,064",Draft
17/11/2025,C005,soc ,R3511,180.0,219.0,GBP 42.00,"£7,559.14","265,123",draft
2025-09-04,C011,soc ,R6405,55.3,70.1,42.00,"£2,323.11",-,BILLED
21/02/2025,C003,Noc ,R2367,908.0,1094.9,£28.00,"£25,423.40","₹977,862",Credit
"Feb 24, 2025",C003,soc ,R2368,378.8,457.2,£42.00,"£15,908.40","552,190",billed
"Dec 8, 2025",C004,Ofp,R3027,890.2,1045.2,£16.00,"14,243.56","575,086",credit
12/02/2025,C010,OFP,R5840,138.6,172.0,£16.00,"2,217.15","₹92,186",Credit
13/12/2025,C005,NOC,R3525,751.3,881.2,28.00,"£21,036.56","794,237",BILLED
2025-06-06,C010,CLD,R5883,27.0,34.9,£48.00,"GBP 1,297.71","₹51,442",Credit
2025.11.23,C006,SOC,R4022,93.0,113.9,£42.00,"3,907.33","₹134,333",BILLED
2025.08.19,C005,Cld ,R3470,146.1,179.1,GBP 48.00,"7,010.61","277,579",billed
06/10/2025,C012,Ofp,R6871,177.4,203.2,16.00,"£2,837.79","₹114,630",Draft
2025-10-10,C001, HD,R1466,693.4,802.9,22.00,"(£4,576.62)","₹585,314",draft
"Jan 24, 2025",C003,DEV,R2359,248.1,306.8,-,"£11,164.99","INR 506,780",Billed
2025-05-12,C005,Hd,R3422,985.1,1134.2,22.00,"£21,671.98","812,565",billed
2025.01.02,C003,Cld ,R2356,203.4,247.9,48.00,"9,760.98","₹382,664",draft
2025-01-03,C008,dev ,R4809,89.3,112.3,45.00,"£4,016.87","₹189,301",billed
2025-01-08,C012,NOC,R6749,87.9,104.6,28.00,"£2,461.78","92,460",billed
"Jul 12, 2025",C012,cld,R6829,54.7,67.9,48.00,"2,624.63","₹107,337",credit
2025-02-02,C011,CLD,R6305,-,28.4,£48.00,"£1,147.49","₹45,469",billed
2025-07-07,C010,Noc ,R5893,92.6,111.3,28.00,"2,592.35","₹99,519",BILLED
2025-04-21,C010,Ofp,R5864,122.1,141.7,£16.00,"£1,953.66","₹81,159",credit
2025-05-11,C002,AUT,R1910,400.3,501.6,52.00,"20,817.86","₹760,943",Draft
2025-02-12,C011,NOC,R6300,103.7,126.1,28.00,"2,904.76","109,819",BILLED
2025-12-25,C005,HD,R3523,648.7,768.8,£22.00,"£14,271.46","₹531,520",Draft
2025-09-27,C001,Dev,R1461,245.2,317.7,£45.00,"11,033.21","518,617",credit
2025.07.14,C011,Dev,R6379,17.3,21.9,£45.00,779.40,"₹35,779",draft
2025-02-11,C011,Cld ,R6303,22.9,27.1,48.00,"1,096.84","43,826",BILLED
13/01/2025,C009,DEV,R5328,82.2,110.5,£45.00,"GBP 3,697.29","165,968",draft
2025-10-15,C008,AUT,R4949,33.4,40.3,£52.00,"£1,735.38","64,073",credit
2025-02-17,C010,DEV,R5835,20.5,26.3,45.00,923.20,"43,808",Credit
2025-08-20,C005,OFP,R3476,283.9,326.0,GBP 16.00,"£4,542.07","INR 187,341",Draft
2025.05.05,C003,ofp ,R2421,258.9,305.9,16.00,"£4,142.54","₹170,756",Credit
"Feb 24, 2025",C002,HD,R1860,950.2,1113.1,£22.00,"20,904.76","790,709",Credit
2025.01.05,C010,aut,R5822,8.2,10.5,£52.00,425.90,"₹16,180",credit
"May 6, 2025",C008,CLD,R4866,93.8,118.5,£48.00,"4,502.18","₹175,408",Billed
2025-09-18,C003,Soc,R2462,259.9,318.5,£42.00,"£10,916.82","372,426",credit
"Feb 28, 2025",C999,Noc ,R3383,308.8,351.3,28.00,"£8,645.90","₹337,982",credit
2025-07-07,C009,AUT,R5416,39.6,49.8,£52.00,"2,056.68","₹74,100",Draft
"Sep 19, 2025",C004,OFP,R2983,443.5,518.6,16.00,"£7,095.96","₹297,297",credit
2025.11.03,C009,SOC,R5465,92.4,118.6,£42.00,"(1,164.56)","₹131,636",Credit
2025-04-18,C009, HD,R5362,600.9,734.0,£22.00,"13,219.28","₹493,192",BILLED
2025-03-24,C002,ofp ,R1887,232.5,276.7,£16.00,"£3,719.31","₹155,380",Billed
2025.09.21,C011,dev ,R6409,55.4,72.2,45.00,"£2,492.79","117,792",Credit
13/07/2025,C011,dev ,R6378,21.5,27.2,45.00,968.38,"INR 43,322",Billed
25/11/2025,C011, HD,R6433,218.3,252.0,£22.00,"£4,803.15","₹176,948",billed
2025-03-20,C006,aut,R3919,79.9,97.4,52.00,"£4,152.57","₹152,411",draft
11/05/2025,C002,Dev,R1908,150.0,194.1,45.00,"6,749.99","314,873",draft
2025-11-20,C006,SOC,R4023,91.5,112.1,£42.00,"£3,844.07","INR 134,092",BILLED
2025-08-09,C011,Dev,R6394,47.7,61.3,£45.00,"2,146.77","₹99,404",billed
07/04/2025,C007,Dev,R4419,65.6,84.8,45.00,"£2,950.64","INR 138,969",Credit
2025-09-02,C999,soc ,R3992,285.4,341.0,£42.00,#REF!,"439,378",Draft
2025.05.06,C005,AUT,R3432,84.7,105.8,GBP 52.00,"4,406.35","158,239",Billed
"May 20, 2025",C004,soc ,R2925,571.9,694.3,42.00,,"INR 853,224",billed
11/01/2025,C006,Aut ,R3889,43.0,52.7,£52.00,"£2,236.48","₹82,948",draft
08/06/2025,C010,Ofp,R5891,183.4,208.8,16.00,"£2,934.08","₹118,998",draft
"Dec 15, 2025",C999,AUT,R6903,14.3,18.2,£52.00,£742.54,"28,377",Billed
"Aug 11, 2025",C010,Soc,R5910,55.3,69.3,42.00,"2,324.10","80,307",credit
2025-08-11,C004,Noc ,R2957,393.5,466.3,£28.00,"£11,017.47","₹436,704",credit
2025-06-28,C009,CLD,R5398,-,157.1,48.00,"5,769.00","₹230,072",draft
2025-10-16,C008,Hd,R4937,801.2,913.1,£22.00,"£17,626.56","675,407",Billed
"Nov 20, 2025",C002,AUT,R1998,150.1,195.0,£52.00,"GBP 7,803.35","286,178",credit
"Apr 1, 2025",C005,DEV,R3418,114.4,152.2,£45.00,"5,145.85","₹243,481",Credit
2025-12-10,C005,AUT,R3533,77.1,93.2,£52.00,"£4,008.43","₹144,142",Billed
2025-04-23,C008,aut,R4854,31.3,38.3,£52.00,"1,629.44","₹59,658",Draft
2025-06-10,C004,OFP,R2942,808.8,931.6,£16.00,"£12,941.01","₹534,315",Billed
2025.03.06,C009,Noc ,R5351,255.6,306.2,£28.00,"£7,156.94","₹276,741",BILLED
11/06/2025,C005,Dev,R3444,112.5,139.2,£45.00,"5,062.63","235,053",draft
16/04/2025,C011,Cld ,R6333,28.5,35.8,48.00,"1,366.30","56,072",billed
14/03/2025,C012,cld,R6777,24.3,31.2,£48.00,"£1,165.05","₹45,558",Billed
"Oct 3, 2025",C011,cld,R6423,22.4,null,48.00,error,n/a,credit
2025-03-21,C012,hd ,R6769,n/a,336.7,GBP 22.00,"£6,464.26","₹235,823",Draft
2025-05-21,C005,Dev,R3430,155.4,197.8,£45.00,"6,990.78","328,047",billed
10/03/2025,C011,Dev,R6322,17.8,23.4,45.00,800.61,"₹37,130",Credit
21/12/2025,C011,Cld ,R6452,31.6,41.2,£48.00,"1,516.00","₹61,168",Draft
03/04/2025,C006,DEV,R3931,135.4,172.4,45.00,"6,091.05","₹289,969",draft
21/10/2025,C002,OFP,R1984,278.2,333.4,16.00,"£4,451.01","187,286",Billed
2025-08-19,C004,AUT,R2969,93.4,115.4,£52.00,"£4,854.34","₹179,849",Draft
2025-04-07,C012,CLD,R6789,18.3,24.0,48.00,£878.35,"₹35,782",BILLED
15/06/2025,C010,soc ,R5882,48.3,59.1,42.00,"£2,028.82","₹72,351",Credit
2025-02-19,C001,Dev,R1362,165.4,208.7,£45.00,"7,442.91","₹352,904",BILLED
10/08/2025,C999,OFP,R1451,897.4,1019.0,GBP 16.00,"£14,358.29","₹584,373",credit
2025.04.26,C005,soc ,R3412,109.2,134.6,42.00,"4,587.05","INR 159,107",Credit
2025-06-20,C009,Noc ,R5393,214.4,248.2,28.00,"GBP 6,002.64","221,990",BILLED
2025-11-02,C011,noc,R6435,192.6,228.6,28.00,"5,394.14","209,110",credit
08/06/2025,C008,ofp ,R4889,236.0,282.7,16.00,"3,775.91","152,446",BILLED
2025-06-13,C999, HD,R1916,541.9,654.8,22.00,"11,921.76","436,369",Credit
2025.05.02,C001,Cld ,R1399,176.4,218.6,48.00,#N/A,"340,140",BILLED
25/07/2025,C004,Ofp,R2954,252.4,296.0,16.00,"£4,038.25","₹168,911",Credit
2025-10-05,C006,Hd,R4000,382.5,455.8,22.00,"£8,415.67","318,462",credit
2025-05-06,C009,Ofp,R5390,156.2,183.5,16.00,"2,499.31","104,103",Billed
2025.05.18,C011,Dev,R6351,31.4,39.8,45.00,"£1,412.96","65,732",Billed
28/09/2025,C006,OFP,R3999,579.7,683.6,£16.00,"9,274.92","₹385,538",Draft
06/08/2025,C001,noc,R1441,461.9,577.0,£28.00,"£12,933.65","₹511,615",Credit
"Dec 11, 2025",C006,Aut ,R4041,31.7,39.4,£52.00,"GBP 1,649.40","₹60,568",Credit
2025-02-19,C001,Ofp,R1365,242.5,272.2,£16.00,"3,880.18","₹161,636",Billed
"Apr 9, 2025",C007,noc,R4414,212.3,246.1,28.00,"5,944.39","₹234,986",Credit
2025.03.12,C010,hd ,R5841,649.4,798.4,£22.00,"£14,286.66","₹530,102",billed
"Sep 9, 2025",C009,dev ,R5441,228.5,292.3,£45.00,"(3,084.44)","₹461,644",BILLED
12/03/2025,C006,dev ,R3918,115.4,147.8,£45.00,"£5,192.46","242,051",Credit
28/09/2025,C008,Dev,R4928,88.7,116.6,£45.00,"£3,993.25","185,001",credit
15/02/2025,C002,AUT,R1871,192.3,241.4,£52.00,"£10,001.37","376,669",BILLED
03/03/2025,C999,Hd,R1875,1665.5,2012.2,£22.00,"36,641.48","₹1,369,667",draft
28/03/2025,C008,dev ,R4839,98.7,129.5,£45.00,"£4,443.62","203,062",Draft
2025-12-25,C999,DEV,R2507,463.7,584.7,£45.00,"20,867.87","985,002",credit
2025-06-28,C009,CLD,R5398,-,157.1,48.00,"5,769.00","₹230,072",draft
"Apr 15, 2025",C001,noc,R1383,869.4,1073.3,£28.00,"(7,302.59)","₹919,582",Draft
23/06/2025,C005, HD,R3436,750.7,896.7,22.00,"16,515.32","₹636,629",BILLED
"Jan 3, 2025",C002,Dev,R1853,204.6,265.5,45.00,"£9,205.46","419,125",Billed
2025.09.06,C008,Ofp,R4935,null,269.1,£16.00,"3,799.87","₹159,548",Credit
2025.03.13,C004,CLD,R2900,655.6,794.0,£48.00,NA,"INR 1,323,284",Billed
"Jun 6, 2025",C001,Cld ,R1416,266.1,324.2,48.00,"£12,772.22","518,339",credit
"Apr 16, 2025",C002,Aut ,R1898,181.5,230.8,£52.00,"9,436.73","₹344,881",credit
19/04/2025,C006,soc ,R3928,89.9,112.7,42.00,"3,777.48","₹133,686",Billed
2025-09-22,C008,Soc,R4924,108.4,135.0,42.00,"4,554.25","159,110",billed
2025.10.19,C009,Aut ,R5457,38.3,47.3,52.00,"1,989.68","₹71,399",Billed
"May 9, 2025",C001,Aut ,R1404,NA,172.8,NA,"£7,157.43","₹271,326",Billed
2025.08.07,C005, HD,R3463,803.7,961.7,22.00,"£17,681.72","650,328",draft
2025.11.15,C002,Noc ,R1989,430.7,527.3,28.00,"£12,060.17","₹457,078",Draft
2025-01-11,C009,hd ,R5317,559.2,637.3,£22.00,"£12,303.05","₹454,924",BILLED
2025-06-19,C012,SOC,R6817,12.9,16.2,null,540.78,"₹18,512",Draft
"Mar 26, 2025",C010,cld,R5844,59.2,70.7,£48.00,"£2,841.49","₹117,869",BILLED
2025-06-11,C003,cld,R2428,165.2,201.9,null,"£7,927.41","₹311,534",Billed
2025-02-16,C001,soc ,R1357,908.5,1101.3,42.00,"38,158.00","1,320,119",Billed
2025-05-07,C001,Ofp,R1407,466.9,535.9,16.00,"£7,471.11",,Billed
2025.11.20,C004,NOC,R3002,629.4,769.3,£28.00,"£17,624.01","672,173",draft
2025.02.22,C011,dev ,R6307,20.1,25.9,-,£905.16,"42,310",Draft
2025-04-22,C008,aut,R4853,28.8,-,£52.00,"£1,495.28","56,300",billed
2025-10-26,C001,ofp ,R1483,322.7,369.0,16.00,"5,163.03","₹216,304",Billed
2025.06.02,C001,aut,R1420,143.4,176.5,£52.00,"£7,456.18","₹271,067",Credit
"Dec 9, 2025",C003,SOC,R2504,276.9,342.3,42.00,"£11,630.44","411,093",BILLED
2025.06.04,C011,Soc,R6361,26.3,33.7,£42.00,"£1,105.12","₹37,790",Credit
2025.03.25,C011,Hd,R6312,205.1,248.5,£22.00,"GBP 4,511.62","INR 163,486",Draft
10/01/2025,C003,noc,R2351,346.9,423.9,£28.00,"£9,713.45","₹364,727",billed
"Jul 16, 2025",C005,Soc,R3453,102.1,128.0,42.00,"£4,289.97","₹147,464",Credit
04/04/2025,C003,Dev,R2399,172.6,216.7,£45.00,"7,767.79","INR 360,992",credit
"Apr 12, 2025",C010,hd ,R5851,250.1,290.2,22.00,"5,501.95","206,519",Draft
"Jun 12, 2025",C008,HD,R4874,375.4,443.2,GBP 22.00,"8,259.67","₹294,444",billed
2025-10-14,C005,AUT,R3503,58.5,76.4,£52.00,"£3,043.44","INR 114,476",BILLED
13/07/2025,C001,Dev,R1432,186.3,244.6,£45.00,"8,381.80","387,590",Draft
23/04/2025,C001,Ofp,R1392,394.7,449.6,£16.00,"£6,315.92","₹262,950",Billed
10/08/2025,C012,OFP,R6847,128.4,149.2,£16.00,"2,054.38","84,848",Billed
2025-02-03,C002,NOC,R1864,429.9,NA,28.00,"12,036.81","452,835",Credit
2025-08-25,C005,ofp ,R3477,233.0,267.5,£16.00,"£3,727.72",n/a,billed
"Apr 27, 2025",C012,Soc,R6787,19.8,23.8,£42.00,£833.34,"29,447",Credit
2025-02-05,C011,AUT,R6310,8.1,10.2,£52.00,419.66,"₹15,552",Credit
24/10/2025,C001,noc,R1471,422.6,524.8,£28.00,"£11,833.59","₹442,672",Billed
"Aug 28, 2025",C011,Aut ,R6396,8.2,n/a,52.00,425.97,"15,971",billed
"Feb 17, 2025",C007,Hd,R4389,477.6,545.5,£22.00,"£10,507.94","₹382,977",BILLED
16/08/2025,C012,ofp ,R6848,145.2,168.7,£16.00,"£2,323.53","94,460",Billed
"Sep 1, 2025",C001,Ofp,R1465,772.1,875.6,16.00,"12,353.07","₹511,212",Credit
06/12/2025,C005,Cld ,R3529,421.9,508.3,£48.00,"£20,252.51","₹787,915",Billed
2025-10-23,C012,hd ,R6861,297.9,350.8,22.00,"£6,554.05","₹243,689",credit
2025-05-02,C006,dev ,R3946,127.4,165.0,£45.00,"5,734.43","INR 266,564",Billed
2025-05-27,C999,OFP,R4872,433.5,502.7,16.00,"£6,936.75","INR 285,063",billed
"Dec 2, 2025",C010,DEV,R5968,14.5,18.3,£45.00,654.30,"₹30,301",Credit
2025-05-02,C012,dev ,R6808,16.0,20.8,£45.00,£719.54,"₹33,804",Draft
"Jul 23, 2025",C006,Dev,R3970,215.7,269.6,£45.00,"9,705.13","₹446,594",Draft
2025-07-05,C005,Noc ,R3451,390.9,457.2,£28.00,"£10,945.11","₹419,023",Billed
2025.01.07,C012,dev ,R6756,14.5,19.1,£45.00,650.86,n/a,Draft
2025-01-12,C007, HD,R4378,510.9,614.1,22.00,"11,238.92","₹406,976",draft
19/10/2025,C003,NOC,R2474,1110.0,1328.1,-,"£31,079.21","₹1,177,758",Draft
"Nov 2, 2025",C009,ofp ,R5475,206.1,247.1,£16.00,"£3,297.30","139,330",Credit
"Jan 24, 2025",C011,noc,R6288,112.9,134.6,,"3,161.95","₹118,743",billed
2025.03.28,C001,SOC,R1372,518.0,657.8,42.00,"21,757.30","₹776,156",Billed
18/02/2025,C003,AUT,R2375,279.7,355.1,52.00,"£14,546.67","₹552,830",Billed
2025.09.18,C005,cld,R3485,148.9,186.9,£48.00,"7,146.12","INR 293,701",billed
2025-07-15,C010,ofp ,R5903,127.7,153.5,£16.00,#REF!,"₹82,813",draft
"Jan 9, 2025",C001,CLD,R1345,176.5,225.2,£48.00,"£8,473.96","₹343,052",Draft
02/12/2025,C012,Ofp,R6904,541.3,644.5,£16.00,"8,660.74","₹357,440",draft
2025-11-24,C005,Dev,R3515,110.0,135.1,£45.00,"4,947.99","232,968",credit
"Jul 3, 2025",C008,Dev,R4899,93.8,120.1,45.00,"GBP 4,219.68","₹197,698",Billed
2025.04.06,C004,Soc,R2913,401.6,488.9,42.00,"£16,866.64","572,669",Billed
2025-10-05,C011,Hd,R6415,264.7,310.0,£22.00,-,"216,112",Credit
04/02/2025,C003,Cld ,R2370,263.9,340.2,£48.00,"£12,666.66","₹518,837",Credit
08/01/2025,C005,ofp ,R3378,411.0,478.7,£16.00,"6,576.76","₹265,047",draft
"Mar 26, 2025",C010,Dev,R5846,16.0,20.4,45.00,£719.83,"₹32,957",Billed
2025-07-22,C011,Cld ,R6374,19.0,24.8,£48.00,£914.19,"INR 36,379",Billed
2025-04-08,C009,soc ,R5366,92.1,113.5,42.00,-,"₹132,000",Billed
2025-07-21,C008,AUT,R4901,25.6,31.8,£52.00,"£1,330.88","₹47,758",Credit
2025.06.10,C010,NOC,R5881,179.5,221.5,£28.00,"5,027.00","INR 186,390",billed
"Jul 4, 2025",C011,Cld ,R6376,23.3,30.4,£48.00,"£1,120.71","44,992",Billed
2025-01-23,C008,cld,R4807,103.5,128.4,£48.00,"£4,966.47","₹202,317",Credit
2025-08-03,C003,HD,R2447,462.6,541.7,£22.00,error,"379,089",Billed
"Feb 21, 2025",C004,Ofp,R2891,247.9,286.3,£16.00,"GBP 3,967.18","₹161,308",BILLED
2025.06.24,C006,dev ,R3957,107.0,140.7,45.00,"£4,813.37","₹219,734",billed
2025-08-09,C003,Hd,R2445,400.0,468.3,£22.00,"£8,798.92","331,021",BILLED
2025.05.08,C002,HD,R1900,616.4,698.3,22.00,"(4,068.45)","525,545",billed
2025-08-22,C999,dev ,R2965,165.2,212.8,45.00,"7,435.33","₹356,169",BILLED
2025-08-13,C012, HD,R6836,147.0,n/a,£22.00,"GBP 3,233.64","121,251",Credit
03/11/2025,C003,noc,R2488,305.2,374.2,28.00,"£8,544.55","₹334,263",credit
"Sep 9, 2025",C009,SOC,R5438,108.3,135.4,£42.00,"£4,547.70","156,545",Billed
2025-04-08,C004,NOC,R2910,1148.4,1354.5,£28.00,"£32,154.53","₹1,198,347",Billed
"Jul 20, 2025",C004,SOC,R2945,996.2,1256.7,42.00,"41,838.46","1,411,888",Draft
08/06/2025,C006,ofp ,R3961,237.4,277.9,£16.00,"3,798.82","156,738",credit
2025-06-17,C009,dev ,R5401,80.3,103.1,£45.00,"£3,611.69","171,045",Draft
05/01/2025,C005,Soc,R3368,103.5,121.1,£42.00,"4,346.32","₹157,859",BILLED
2025-03-05,C009,aut,R5357,51.3,65.1,NA,"2,669.43","95,233",BILLED
2025-12-19,C008,SOC,R4975,64.3,79.4,42.00,"2,699.96","₹95,923",Billed
24/06/2025,C006,Aut ,R3959,24.6,31.2,£52.00,"1,279.03","47,980",BILLED
09/11/2025,C008,NOC,R4956,641.6,771.5,£28.00,"17,965.27","654,039",Billed
2025.04.01,C001,soc ,R1384,478.2,586.8,42.00,"£20,084.18","713,223",Credit
2025.07.01,C005,soc ,R3454,97.1,121.7,42.00,"GBP 4,078.69","142,198",Billed
19/08/2025,C012,DEV,R6846,13.7,17.4,45.00,615.93,"INR 29,411",BILLED
2025.04.11,C010,dev ,R5860,21.5,27.8,45.00,966.65,"46,812",Credit
26/08/2025,C009,Dev,R5425,74.2,98.7,£45.00,"3,340.48","INR 155,519",Draft
15/10/2025,C001,DEV,R1480,170.7,223.1,£45.00,"7,682.73",,Draft
01/01/2025,C009,hd ,R5318,551.3,628.3,£22.00,"£12,129.57","₹451,284",Credit
2025-09-19,C001,noc,R1454,463.2,541.8,£28.00,"£12,968.98","495,413",credit
"Jan 5, 2025",C003,Dev,R2360,226.8,280.5,£45.00,"(£3,062.42)","INR 478,590",Billed
2025.05.05,C010,SOC,R5869,18.0,22.2,42.00,756.44,"26,634",Draft
2025-10-16,C003,CLD,R2478,349.2,null,£48.00,"£16,759.48","₹660,684",BILLED
2025.09.16,C009,HD,R5432,368.1,428.7,22.00,"8,097.36","₹291,484",BILLED
19/01/2025,C002,hd ,R1844,886.7,989.3,£22.00,"£19,507.80","₹712,589",BILLED
08/10/2025,C012,DEV,R6865,17.0,22.0,45.00,GBP 763.39,"₹35,899",Billed
23/02/2025,C006,AUT,R3905,26.2,32.8,£52.00,"£1,360.72","₹49,647",Draft
"Apr 1, 2025",C012,cld,R6790,16.7,21.9,£48.00,£801.29,"32,112",billed
2025-03-20,C001,Soc,R1371,586.4,744.7,£42.00,"£24,628.53","863,059",credit
12/05/2025,C999,DEV,R2927,247.7,318.3,£45.00,"£11,145.85","₹509,557",draft
28/03/2025,C007, HD,R4401,1097.8,1305.1,22.00,"£24,151.01","903,994",Billed
23/04/2025,C002,DEV,R1896,207.4,270.0,£45.00,#N/A,"430,123",Credit
05/07/2025,C005,DEV,R3458,110.2,134.3,£45.00,"4,958.45","238,950",BILLED
"Apr 16, 2025",C001,Cld ,R1387,211.0,264.0,£48.00,"£10,127.65","403,900",credit
"Mar 15, 2025",C007,noc,R4402,431.6,510.1,28.00,"£12,085.85","INR 477,028",BILLED
01/07/2025,C011,Aut ,R6381,6.1,7.4,£52.00,£318.38,"12,084",draft
2025-12-08,C004,AUT,R3024,104.9,125.5,£52.00,"5,454.63","₹200,966",credit
"Nov 25, 2025",C006,cld,R4025,168.2,217.0,48.00,NA,"314,500",Draft
2025-04-13,C007,ofp ,R4422,276.7,318.4,£16.00,"£4,426.93","₹183,664",draft
20/03/2025,C002,ofp ,R1886,240.0,285.6,£16.00,"3,839.84","₹153,858",Draft
"May 10, 2025",C007,aut,R4434,40.2,51.7,£52.00,"GBP 2,092.83","75,811",credit
"Apr 8, 2025",C010,AUT,R5861,23.9,30.0,52.00,"1,241.67","47,741",draft
14/03/2025,C011,soc ,R6317,14.9,19.2,42.00,£624.54,"22,245",BILLED
2025.08.23,C002,Cld ,R1949,201.5,263.5,£48.00,"GBP 9,670.01","₹395,271",credit
"Aug 19, 2025",C006,ofp ,R3988,175.2,207.5,£16.00,"2,803.03","₹115,996",draft
2025.12.16,C009,Cld ,R5484,77.4,98.8,-,"3,717.05","148,295",Billed
2025.04.17,C002,ofp ,R1899,713.7,810.4,£16.00,"11,419.73","478,982",BILLED
2025-08-03,C001,noc,R1440,448.6,560.3,£28.00,"12,559.48","₹493,314",BILLED
08/01/2025,C003,CLD,R2357,226.2,275.8,£48.00,"£10,855.91","₹444,634",BILLED
"Oct 15, 2025",C010,CLD,R5937,22.8,28.2,48.00,"GBP 1,092.25","₹42,608",draft
05/01/2025,C002,AUT,R1856,135.8,169.8,£52.00,"£7,063.25","255,783",Billed
19/06/2025,C006,Ofp,R3962,222.2,260.1,16.00,"3,555.62","₹148,075",credit
08/03/2025,C009,Cld ,R5355,111.8,143.9,£48.00,"£5,365.38","₹215,425",Draft
27/02/2025,C999,Cld ,R1359,303.7,384.8,£48.00,"£14,577.48","₹598,215",Credit
"Feb 22, 2025",C004,soc ,R2879,360.2,474.2,42.00,"£15,129.25","₹521,452",credit
2025-06-25,C004,cld,R2938,609.5,783.4,£48.00,"GBP 29,257.98","₹1,098,166",Draft
2025-06-15,C010,Aut ,R5888,7.2,9.1,£52.00,374.15,"INR 13,629",Credit
07/02/2025,C010,NOC,R5828,78.3,92.5,NA,"£2,193.47","₹83,911",Credit
2025-03-03,C010,soc ,R5843,45.4,53.5,£42.00,NA,"69,107",credit
"Aug 19, 2025",C008,DEV,R4911,126.2,163.4,45.00,"£5,676.86","₹261,668",Credit
18/03/2025,C007,soc ,R4404,103.9,131.4,42.00,"£4,365.21","154,919",Billed
2025.08.04,C006,Noc ,R3976,256.5,307.9,£28.00,"7,182.59","273,600",Credit
21/03/2025,C005,Aut ,R3405,155.9,191.8,£52.00,"8,106.31","294,349",credit
2025-02-27,C005, HD,R3381,847.3,994.1,£22.00,"18,640.99","696,322",Draft
2025.06.24,C009,ofp ,R5404,462.7,541.3,16.00,#N/A,"₹304,148",credit
2025-08-04,C003,cld,R2452,269.7,358.8,£48.00,"12,946.01","₹523,220",Billed
"Nov 25, 2025",C006,SOC,R4024,93.2,114.2,£42.00,"£3,915.68","₹136,106",draft
2025-02-12,C999,OFP,R3390,241.8,283.1,£16.00,"£3,869.51","INR 164,094",Credit
2025-01-13,C012,Noc ,R6748,88.3,105.0,£28.00,"£2,471.21","98,226",Credit
2025-04-14,C006,soc ,R3926,98.3,123.2,42.00,"£4,128.97","₹142,494",Billed
02/03/2025,C006,noc,R3914,271.0,325.3,£28.00,"£7,588.22","₹294,367",Draft
03/01/2025,C009,Soc,R5322,82.2,102.6,42.00,"3,450.64","INR 121,253",BILLED
2025-07-24,C008,cld,R4894,80.2,101.8,£48.00,"£3,851.69","160,162",Draft
13/02/2025,C012,Hd,R6760,454.8,563.4,£22.00,"10,005.71","₹364,923",draft
"Jan 3, 2025",C006,CLD,R3886,n/a,225.9,£48.00,"8,032.45","INR 322,972",Draft
"Nov 25, 2025",C003,SOC,R2490,508.2,660.0,42.00,"£21,345.28","749,273",Draft
10/11/2025,C010,NOC,R5950,112.2,144.4,28.00,"3,142.17","₹123,921",billed
"Jan 26, 2025",C010,AUT,R5823,8.3,10.6,£52.00,429.64,"₹15,797",draft
2025-03-10,C007,aut,R4410,52.4,66.3,52.00,"2,723.39","INR 102,500",billed
"Oct 10, 2025",C008,cld,R4945,95.3,116.9,£48.00,"£4,575.32","182,949",credit
2025-10-13,C011,noc,R6418,67.0,82.0,£28.00,"1,876.50","71,081",Billed
"Jan 9, 2025",C012,Cld ,R6753,17.4,22.0,48.00,£835.13,"34,007",BILLED
"Jul 6, 2025",C011,CLD,R6375,19.1,24.9,48.00,£917.02,"36,906",credit
23/02/2025,C010,CLD,R5833,20.2,24.7,GBP 48.00,970.80,"38,998",draft
2025.08.10,C999,ofp ,R6849,144.1,167.4,£16.00,"2,305.68","₹94,371",Billed
2025-07-28,C008,ofp ,R4904,263.9,300.5,£16.00,"4,223.03","169,386",Billed
2025-04-01,C004,AUT,R2918,154.8,198.8,52.00,"£8,048.03","298,681",BILLED
19/01/2025,C009,AUT,R5331,52.9,65.3,52.00,"£2,748.61","104,164",Billed
17/07/2025,C011,Noc ,R6371,114.9,140.1,£28.00,,"123,727",Billed
04/12/2025,C004,Noc ,R3017,1297.5,1517.3,28.00,"36,330.98","₹1,396,758",Draft
2025-07-26,C001,dev ,R1433,156.2,205.1,45.00,"7,027.65","329,754",BILLED
22/04/2025,C004,Ofp,R2919,254.7,291.7,£16.00,"4,075.99","164,702",Billed
2025-02-02,C004,CLD,R2882,205.5,253.7,48.00,"9,863.50","INR 387,853",draft
"Aug 25, 2025",C005,ofp ,R3478,244.5,280.8,16.00,"£3,912.14","INR 165,466",BILLED
27/02/2025,C004,Cld ,R2883,229.2,283.0,48.00,"11,000.43","₹447,861",billed
"Nov 5, 2025",C003,NOC,R2489,357.6,438.5,£28.00,"£10,012.97","376,778",Billed
2025.04.21,C010,noc,R5854,78.8,95.3,£28.00,"£2,206.14","INR 83,953",draft
2025-01-24,C005,SOC,R3367,114.4,133.9,£42.00,"£4,805.17","₹172,944",BILLED
2025-07-07,C002,Ofp,R1942,619.3,695.1,16.00,"9,908.04","₹404,856",BILLED
2025-01-22,C005,noc,R3364,251.2,-,£28.00,"7,032.39","273,650",BILLED
2025-05-13,C006,hd ,R3937,327.0,397.0,GBP 22.00,"7,194.19","266,174",BILLED
2025-10-08,C012,OFP,R6870,166.9,191.3,16.00,"£2,671.05","₹110,327",draft
2025-07-19,C004,DEV,R2949,248.1,316.1,45.00,"£11,166.09","514,530",Draft
"Apr 3, 2025",C005,NOC,R3410,197.2,239.0,£28.00,"5,522.06","₹214,298",Credit
"Jun 26, 2025",C007,SOC,R4441,128.3,164.7,£42.00,"£5,390.41","₹191,481",BILLED
"Jul 28, 2025",C010,soc ,R5895,56.5,68.9,£42.00,"£2,371.98","₹83,578",draft
2025.10.17,C011,OFP,R6430,154.7,176.8,-,"£2,475.16","102,978",Draft
"Aug 13, 2025",C004,OFP,R2971,440.3,510.0,£16.00,"£7,045.03",,Billed
"Dec 12, 2025",C011,DEV,R6453,19.6,25.8,45.00,£882.21,"38,677",credit
27/02/2025,C012,dev ,R6767,15.2,18.8,£45.00,685.71,"₹32,713",draft
2025-11-05,C005,CLD,R3512,163.8,207.9,48.00,"£7,861.98","₹311,415",Billed
"Oct 15, 2025",C011,NOC,R6417,75.1,91.8,£28.00,"2,102.51","80,362",BILLED
2025-02-08,C005,Hd,R3380,736.3,863.9,22.00,"£16,198.78","608,238",draft
2025-08-08,C005,AUT,R3474,86.4,107.6,52.00,"4,491.62",n/a,credit
"Aug 5, 2025",C010,CLD,R5911,67.7,84.4,£48.00,"3,248.95","₹129,973",credit
2025-11-25,C010, HD,R5947,268.2,323.9,22.00,"£5,899.42","₹220,702",draft
2025-12-27,C005,soc ,R3527,117.8,156.6,42.00,"£4,949.48","172,463",Credit
2025-06-12,C001,hd ,R1409,1156.8,1351.2,£22.00,"£25,449.01","₹909,752",BILLED
2025-05-04,C003, HD,R2407,492.4,579.6,GBP 22.00,"£10,833.46","399,621",Credit
2025-02-03,C004,noc,R2877,586.8,721.3,28.00,"£16,430.18","₹651,884",Billed
19/11/2025,C008,Ofp,R4967,168.8,199.5,16.00,"2,700.70","INR 109,099",billed
2025-10-06,C008,OFP,R4953,151.1,180.2,£16.00,"2,417.20","₹95,715",draft
2025-09-27,C010,SOC,R5923,17.1,21.2,42.00,£720.25,"₹25,121",draft
2025-12-08,C010,AUT,R5971,7.1,9.0,52.00,(£110.54),"13,600",Credit
2025-10-27,C011,Noc ,R6419,75.0,91.7,£28.00,"2,100.55","₹81,590",BILLED
2025-10-01,C010,Aut ,R5942,8.0,9.8,£52.00,416.53,"₹15,580",Billed
2025-12-17,C010,hd ,R5962,350.3,409.3,22.00,"£7,707.63",-,Credit
2025-04-24,C005,cld,R3415,346.2,425.2,48.00,"16,615.30","₹693,696",credit
2025-01-19,C005,hd ,R3363,527.4,595.2,£22.00,"£11,603.10","417,340",Credit
2025.11.23,C005,soc ,R3510,182.8,222.4,42.00,"7,677.75","₹271,588",Billed
2025-09-02,C004,AUT,R2981,152.6,194.3,£52.00,"£7,936.90","305,839",Billed
"Jan 12, 2025",C010,NOC,R5816,100.2,123.5,28.00,"£2,804.76","₹104,710",BILLED
17/01/2025,C006,ofp ,R3890,222.5,250.2,GBP 16.00,"£3,559.81","152,605",credit
2025-02-18,C009,AUT,R5344,49.5,62.3,GBP 52.00,"2,573.56","₹97,947",credit
"Oct 26, 2025",C001,NOC,R1469,355.0,440.8,£28.00,"£9,938.92","381,924",Billed
13/04/2025,C003,soc ,R2395,761.0,969.4,£42.00,"£31,961.89","₹1,112,489",BILLED
"Nov 3, 2025",C001,dev ,R1496,199.3,252.8,45.00,"£8,969.60","₹413,297",Draft
2025.12.07,C006,Cld ,R4037,113.7,141.3,£48.00,"£5,458.27","INR 217,422",billed
09/02/2025,C004,OFP,R2890,253.2,292.3,£16.00,"GBP 4,050.44","₹163,155",draft
2025-09-11,C006,noc,R3990,323.6,397.2,28.00,"£9,060.30","₹350,462",Credit
"Jul 14, 2025",C002,Cld ,R1937,176.4,216.6,£48.00,"8,464.83","340,720",Draft
2025.08.03,C010,Dev,R5912,37.9,47.1,£45.00,"£1,704.10","₹78,020",draft
2025-08-10,C010,noc,R5907,64.5,77.9,£28.00,"1,806.42","72,467",draft
2025.02.05,C006,DEV,R3903,128.8,164.1,£45.00,"£5,797.73","270,698",draft
"Aug 11, 2025",C005,Noc ,R3465,738.5,900.9,£28.00,"20,678.98","795,825",billed
"Feb 24, 2025",C007,Aut ,R4396,28.2,36.1,NA,"1,464.92","55,232",Draft
2025-11-22,C005,ofp ,R3521,965.4,1093.5,£16.00,"GBP 15,446.41","₹639,126",credit
2025-06-03,C012,Dev,R6822,15.6,19.6,45.00,£703.09,"32,712",Draft
02/01/2025,C002,Aut ,R1855,139.1,173.9,£52.00,"7,235.08","271,779",BILLED
13/12/2025,C009,cld,R5485,91.6,116.8,48.00,"£4,395.67","INR 176,859",Credit
2025.04.20,C010,Hd,R5853,199.7,231.7,£22.00,"4,393.28","₹161,278",billed
"Sep 8, 2025",C006,DEV,R3996,78.0,98.0,45.00,"3,510.97","₹158,108",BILLED
"Jul 11, 2025",C012,Ofp,R6832,127.4,151.1,GBP 16.00,"£2,038.41","₹83,950",BILLED
2025-03-08,C002,Cld ,R1880,625.3,768.2,£48.00,"£30,012.09","1,208,825",Credit
"Nov 22, 2025",C006,Hd,R4019,362.5,441.5,GBP 22.00,"GBP 7,975.56","₹297,756",billed
"Mar 6, 2025",C999,HD,R2894,576.4,658.3,£22.00,"£12,679.74","₹481,012",Credit
2025-02-06,C001,NOC,R1356,586.8,697.6,£28.00,"16,431.47","₹621,710",draft
25/02/2025,C008,Soc,R4819,195.2,250.2,42.00,"£8,199.17","INR 283,213",billed
2025-10-15,C008,OFP,R4951,197.3,235.4,£16.00,"£3,156.80","₹124,027",Credit
2025-10-18,C010,Cld ,R5938,19.6,24.3,GBP 48.00,939.78,"₹37,852",billed
2025-02-02,C002,dev ,R1869,223.5,283.4,45.00,"£10,058.21","₹483,884",Draft
2025-06-01,C002,dev ,R1922,223.9,283.5,£45.00,"GBP 10,073.92","₹476,466",Billed
"Apr 1, 2025",C004,AUT,R2917,140.4,180.4,52.00,"£7,301.14","₹263,053",draft
2025-05-07,C003,AUT,R2419,157.0,196.2,£52.00,"£8,166.41","₹316,038",Credit
2025-10-27,C002,OFP,R1983,227.4,272.5,16.00,"3,637.74","₹152,371",credit
2025-09-28,C011,aut,R6410,6.9,8.3,£52.00,357.63,"13,157",credit
2025.11.17,C008,soc ,R4957,86.1,105.7,£42.00,"3,615.72","₹127,602",BILLED
2025-04-25,C012,Noc ,R6785,146.7,174.7,£28.00,"4,107.34","155,662",draft
2025-10-02,C006,Soc,R4006,166.9,207.5,42.00,"7,008.36","₹246,286",BILLED
2025.01.18,C004,soc ,R2864,561.3,678.6,£42.00,"£23,574.50","₹840,624",BILLED
2025-11-19,C008,CLD,R4962,85.4,108.9,£48.00,"£4,101.60","INR 168,611",draft
26/07/2025,C002,Cld ,R1938,205.5,252.3,48.00,"£9,862.27",-,Draft
2025-12-10,C008,SOC,R4976,78.4,96.8,£42.00,"3,294.63","₹119,880",BILLED
13/03/2025,C011,HD,R6313,157.2,190.5,£22.00,"3,458.89","125,742",BILLED
2025-11-20,C001,Soc,R1490,NA,434.8,42.00,"£14,287.09","517,322",draft
2025-04-25,C006,Aut ,R3934,28.5,36.1,52.00,"£1,481.85","INR 54,169",BILLED
23/04/2025,C001,Ofp,R1392,394.7,449.6,£16.00,"£6,315.92","₹262,950",Billed
"Apr 26, 2025",C003,Noc ,R2392,343.5,414.9,£28.00,"£9,618.66","358,739",Draft
2025-11-01,C001,DEV,R1497,154.2,195.5,£45.00,"£6,937.12","312,527",credit
2025-12-26,C001,Aut ,R1515,410.6,520.3,£52.00,"GBP 21,348.87","799,561",Credit
2025-06-14,C005,dev ,R3442,118.4,146.5,£45.00,"5,329.21","₹249,796",draft
22/09/2025,C005,Dev,R3486,131.0,162.5,45.00,"£5,895.69","₹278,693",billed
"Aug 15, 2025",C003,soc ,R2451,233.9,290.4,42.00,"£9,825.22","342,476",credit
01/09/2025,C004,Ofp,R2984,452.9,529.7,16.00,"£7,246.77","293,994",BILLED
2025-12-16,C011,Ofp,R6460,247.9,297.6,16.00,"£3,965.67","INR 162,147",draft
2025-01-11,C007,OFP,R4385,189.5,225.6,16.00,"3,032.01","123,944",BILLED
"Oct 5, 2025",C004,Noc ,R2988,585.8,698.3,28.00,"16,401.01","626,571",Credit
"Feb 6, 2025",C009,noc,R5338,289.9,347.3,28.00,"£8,116.08","314,907",draft
2025-03-19,C004,noc,R2897,304.3,373.8,£28.00,"8,519.14","₹323,827",BILLED
2025-07-15,C010,dev ,R5899,37.6,47.3,£45.00,"1,691.46","78,172",credit
2025-04-14,C010,NOC,R5855,105.5,127.6,28.00,"£2,953.49","₹111,762",billed
2025-05-08,C011,noc,R6343,69.2,81.5,£28.00,"1,936.77","73,254",draft
2025-01-18,C004,ofp ,R2874,284.0,325.3,£16.00,"4,544.78","₹185,139",Credit
"Jul 25, 2025",C009,cld,R5411,79.8,101.5,£48.00,"£3,829.86","₹158,239",Draft
11/02/2025,C011,ofp ,R6311,458.6,539.9,£16.00,"7,337.82","293,930",Draft
"Jan 7, 2025",C005,noc,R3366,251.6,297.5,28.00,"£7,045.90","₹272,305",Credit
2025-04-24,C007,NOC,R4415,228.4,264.8,£28.00,"6,394.54","₹236,032",billed
2025-02-11,C007,dev ,R4395,221.1,280.6,£45.00,null,"467,407",Billed
14/04/2025,C012,Aut ,R6795,5.0,6.4,52.00,£260.50,"₹9,885",BILLED
2025.06.26,C004,Hd,R2933,1806.0,2220.7,22.00,"£39,732.70","INR 1,527,917",Billed
2025-04-18,C010,ofp ,R5862,123.8,143.6,GBP 16.00,"1,980.37","INR 82,551",BILLED
2025-09-24,C003,Dev,R2467,146.7,183.1,£45.00,"£6,603.31","₹299,465",draft
2025-10-17,C011,Dev,R6424,32.0,42.2,£45.00,"£1,441.14","66,307",BILLED
"Jan 10, 2025",C005,aut,R3377,52.5,65.0,£52.00,"GBP 2,732.57","INR 101,520",Draft
2025-02-20,C007,Ofp,R4400,218.4,253.0,,"3,494.96","144,239",Billed
11/06/2025,C005,Dev,R3444,112.5,139.2,£45.00,"5,062.63","235,053",draft
"Dec 13, 2025",C001,DEV,R1514,193.1,246.1,GBP 45.00,"8,690.17","INR 415,447",Credit
13/05/2025,C005,OFP,R3433,403.7,456.2,£16.00,"GBP 6,459.17","₹272,891",Credit
2025-05-27,C011,noc,R6342,58.0,68.3,28.00,"£1,623.00","₹62,335",BILLED
2025-11-24,C011,DEV,R6440,17.8,23.7,45.00,£802.76,"₹36,915",credit
18/06/2025,C003,aut,R2431,310.8,395.0,52.00,"£16,162.00","609,874",Billed
2025-01-08,C001,soc ,R1343,377.1,464.1,£42.00,"15,837.36","₹554,265",billed
2025-01-16,C005,CLD,R3371,169.6,219.8,GBP 48.00,"8,139.71","323,981",Billed
2025-09-21,C010,Hd,R5919,333.3,374.0,£22.00,"£7,331.55","₹263,345",draft
13/11/2025,C001,CLD,R1495,245.3,308.1,£48.00,"11,773.40","INR 476,411",Draft
2025-04-21,C005,dev ,R3416,90.8,120.8,,"£4,085.35","₹187,599",draft
2025.10.17,C002,OFP,R1985,252.9,303.1,16.00,"4,045.80","₹165,464",Billed
2025-09-07,C008,AUT,R4932,32.7,41.1,£52.00,"1,698.26","₹61,315",Billed
2025-08-19,C011,OFP,R6397,253.7,286.7,16.00,"4,059.81","₹167,092",Billed
13/04/2025,C012,hd ,R6784,174.7,212.3,n/a,"£3,843.38","₹141,508",Draft
17/12/2025,C003,SOC,R2505,300.6,371.5,£42.00,"£12,624.28","454,360",draft
2025.07.18,C999,Hd,R2436,514.6,585.4,22.00,"£11,320.73","413,939",credit
03/07/2025,C001,dev ,R1431,171.3,224.9,45.00,"7,706.57","₹348,032",Credit
"Aug 20, 2025",C011,cld,R6391,23.4,30.3,£48.00,"£1,124.69","₹45,203",BILLED
26/12/2025,C009,dev ,R5488,130.6,178.3,45.00,"£5,878.90","INR 268,668",billed
2025-01-07,C002,Ofp,R1858,313.7,368.6,GBP 16.00,"£5,019.58","210,703",BILLED
"Nov 17, 2025",C004,Aut ,R3011,362.7,437.5,52.00,"18,859.13","INR 694,492",billed
2025-12-19,C012,Soc,R6896,11.5,14.2,42.00,£481.50,"INR 16,678",Credit
08/10/2025,C004,NOC,R2989,557.6,664.7,£28.00,"£15,611.96","588,199",draft
2025-02-20,C002,Cld ,R1868,179.5,225.4,48.00,"£8,617.08","356,991",Credit
2025-02-11,C004,dev ,R2884,233.8,288.0,45.00,"£10,519.26","491,671",credit
2025-10-20,C006,Soc,R4005,158.2,196.7,£42.00,"£6,644.17","220,763",billed
12/06/2025,C011,Hd,R6358,292.7,342.1,GBP 22.00,"£6,438.70","241,250",credit
2025-04-25,C004,ofp ,R2921,259.1,296.6,£16.00,"4,145.36","172,880",credit
2025.12.16,C003,AUT,R2508,271.1,332.4,£52.00,"14,098.37","₹507,606",BILLED
2025-07-22,C002,HD,R1928,989.6,1143.4,£22.00,"£21,772.13","₹827,083",draft
"Aug 4, 2025",C005,Dev,R3472,175.4,225.6,45.00,"£7,894.55","₹371,428",Credit
"Nov 26, 2025",C008,soc ,R4958,66.5,81.6,£42.00,(£837.69),"₹97,015",Billed
2025-10-11,C003,ofp ,R2484,171.0,204.3,16.00,"£2,736.68","111,068",credit
"Jul 21, 2025",C003,DEV,R2441,248.5,325.2,,"£11,181.29","516,101",Draft
2025.04.04,C001,OFP,R1391,383.5,436.7,£16.00,"6,135.53","₹254,139",Billed
01/04/2025,C999,cld,R5858,35.7,44.8,£48.00,"£1,712.39","68,843",billed
"Sep 24, 2025",C003,cld,R2464,194.8,239.3,48.00,#N/A,"₹379,711",Billed
12/10/2025,C005,Ofp,R3505,248.2,288.6,GBP 16.00,"£3,971.05","161,508",Credit
27/10/2025,C999,Cld ,R3499,163.6,212.1,£48.00,"7,850.84","₹328,052",Billed
2025-08-11,C012,soc ,R6840,36.0,44.3,£42.00,"1,511.36","₹54,488",billed
19/01/2025,C001,soc ,R1344,334.8,412.1,£42.00,"GBP 14,061.54","487,903",draft
11/03/2025,C002,aut,R1884,189.5,240.7,52.00,"9,855.49","INR 358,951",Draft
"Jun 22, 2025",C001,soc ,R1415,520.0,null,£42.00,"21,841.17","775,233",Billed
2025.04.13,C012,dev ,R6792,13.2,16.5,GBP 45.00,£592.59,"₹26,752",billed
"Sep 17, 2025",C005,Dev,R3487,119.7,148.5,£45.00,"GBP 5,386.37","₹242,690",credit
2025.05.12,C006,Cld ,R3944,139.6,176.7,£48.00,"£6,699.42","₹260,772",Billed
27/01/2025,C001,Hd,R1339,968.6,1185.8,£22.00,"21,308.57","₹821,270",BILLED
2025-10-21,C008,cld,R4943,97.1,119.1,GBP 48.00,"£4,663.18","₹189,133",Credit
10/04/2025,C011,CLD,R6334,29.0,36.5,£48.00,"1,391.85","₹54,467",Billed
06/02/2025,C006,OFP,R3907,148.2,169.2,£16.00,"2,370.79","₹99,051",billed
2025.05.22,C003,AUT,R2418,145.5,181.7,£52.00,"£7,565.68","283,621",Draft
"Aug 25, 2025",C012,noc,R6839,83.1,95.2,£28.00,"2,325.88","₹88,498",credit
15/09/2025,C008,SOC,R4923,,152.1,GBP 42.00,"5,133.18","₹177,371",draft
2025-02-27,C007,Soc,R4391,236.6,298.7,,"(£2,981.17)","INR 351,051",draft
2025-12-20,C010,DEV,R5970,16.4,20.7,45.00,(£222.04),"₹33,949",Draft
2025-06-28,C001,NOC,R1412,323.8,390.6,£28.00,"£9,067.79","341,205",Credit
2025-04-11,C012,cld,R6788,16.5,21.7,48.00,£793.76,"₹32,300",draft
24/03/2025,C005,dev ,R3403,169.5,208.1,GBP 45.00,"GBP 7,626.64","₹343,182",draft
01/04/2025,C012, HD,R6783,168.7,205.0,£22.00,"£3,710.87","INR 140,150",billed
2025.02.17,C008,CLD,R4820,78.7,102.0,48.00,"£3,775.42","₹150,832",billed
2025-03-02,C011, HD,R6314,207.0,250.8,£22.00,"£4,553.82","162,977",draft
2025.11.11,C011,OFP,R6445,563.3,653.6,£16.00,"£9,012.21","₹365,029",BILLED
2025-12-10,C005,Dev,R3531,172.0,223.9,£45.00,"7,738.27","₹342,696",credit
2025-04-15,C012,Hd,R6782,187.1,227.3,22.00,"£4,115.86","151,763",Credit
2025.04.04,C005,Dev,R3417,106.1,141.2,£45.00,"£4,774.34","230,584",Billed
"Nov 11, 2025",C010,Soc,R5951,29.8,37.5,£42.00,"1,252.83","₹44,423",billed
"Oct 26, 2025",C006,cld,R4008,135.9,175.4,£48.00,"6,522.22","₹257,570",BILLED
2025-10-16,C001, HD,R1467,667.6,773.0,£22.00,"£14,686.20","₹540,382",Billed
2025.06.14,C999,aut,R6366,8.8,11.2,£52.00,455.44,"INR 16,893",BILLED
26/10/2025,C006,NOC,R4003,279.0,332.1,£28.00,"GBP 7,813.26","₹294,825",Billed
2025.07.24,C007,aut,R4459,42.1,53.2,52.00,"£2,186.62","83,681",billed
2025-11-11,C003,Aut ,R2496,142.1,176.7,52.00,"7,389.72","₹279,734",BILLED
"Mar 13, 2025",C001,ofp ,R1381,467.5,521.5,£16.00,"7,479.65","₹315,891",credit
2025-05-07,C010,Aut ,R5875,10.4,13.6,£52.00,GBP 541.26,"20,408",Draft
"May 6, 2025",C007,aut,R4433,46.2,59.3,£52.00,"£2,402.25","89,851",Draft
12/01/2025,C003,noc,R2350,268.3,327.8,£28.00,"£7,512.35","₹290,408",Billed
27/09/2025,C999,NOC,R4922,230.5,280.5,£28.00,"£6,454.74","247,778",billed
2025.01.15,C012,hd ,R6747,522.9,632.0,GBP 22.00,"£11,503.80","₹423,493",credit
2025.06.26,C001,Dev,R1418,241.0,312.6,45.00,"(£3,252.90)","₹498,787",billed
04/03/2025,C008,NOC,R4832,667.0,795.3,28.00,"£18,677.11","720,381",credit
2025.08.18,C009,SOC,R5423,133.0,164.6,42.00,"£5,583.98","₹189,847",draft
"May 9, 2025",C001,Aut ,R1404,NA,172.8,NA,"£7,157.43","₹271,326",Billed
2025-12-14,C008,aut,R4981,43.3,55.2,£52.00,"£2,250.75","₹84,508",BILLED
01/05/2025,C010,hd ,R5867,203.2,230.4,22.00,"4,471.40","₹168,713",credit
2025.03.22,C003,soc ,R2382,299.7,375.8,£42.00,NA,"₹439,364",Credit
2025-02-26,C001,OFP,R1366,295.1,331.3,£16.00,"£4,721.66","₹195,761",billed
2025.08.05,C001,soc ,R1442,360.9,441.7,42.00,"GBP 15,156.96","526,798",Billed
"Aug 17, 2025",C005,hd ,R3464,1048.0,1253.9,22.00,"£23,055.12","₹855,548",billed
13/06/2025,C003,DEV,R2430,201.4,250.9,£45.00,"£9,061.09","430,341",draft
2025-07-05,C003,dev ,R2442,236.2,309.2,£45.00,"(GBP 3,188.83)","476,065",Draft
"Sep 20, 2025",C010,Noc ,R5920,176.8,212.9,£28.00,"£4,950.47","₹184,099",Credit
"Aug 20, 2025",C006,SOC,R3977,95.3,117.9,£42.00,"4,002.26","₹144,733",Draft
2025-09-09,C004,soc ,R2974,565.2,711.4,42.00,"23,739.47","₹830,487",draft
2025-05-07,C007,ofp ,R4435,269.8,305.3,GBP 16.00,"4,317.47","₹176,103",Draft
"Jun 17, 2025",C003,cld,R2427,182.7,223.4,48.00,"8,770.24","₹346,695",BILLED
2025-02-09,C004,SOC,R2880,289.6,381.2,42.00,"£12,162.92","₹431,434",BILLED
2025-01-05,C001,HD,R1340,1159.5,,22.00,"25,508.41","₹929,831",draft
2025-06-11,C008,CLD,R4880,91.3,115.8,GBP 48.00,"GBP 4,383.24","₹178,953",Credit
2025-03-18,C012,NOC,R6771,59.3,72.4,28.00,"£1,660.83","63,411",billed
2025.06.27,C012,noc,R6815,56.4,n/a,£28.00,"£1,578.17","INR 59,678",Credit
"Jul 13, 2025",C004,dev ,R2950,249.7,318.0,£45.00,"11,235.22","505,846",credit
2025-10-23,C004,aut,R2996,198.3,250.5,52.00,"£10,312.56","389,404",draft
"Sep 2, 2025",C008,NOC,R4921,191.9,233.5,£28.00,"£5,373.02","204,142",draft
2025-08-20,C008,Aut ,R4913,25.5,30.5,£52.00,"£1,325.77","49,099",BILLED
2025-04-09,C009,Cld ,R5368,82.9,106.4,GBP 48.00,"£3,980.09","156,572",billed
2025.01.17,C011,cld,R6292,61.7,79.8,48.00,"2,963.41","₹119,722",draft
2025.01.26,C007,AUT,R4384,85.6,105.6,GBP 52.00,"4,453.74","161,131",BILLED
"Feb 22, 2025",C999,Hd,R2365,584.1,686.3,£22.00,"12,849.10","476,756",BILLED
2025-07-13,C005,cld,R3455,130.4,169.6,£48.00,"£6,257.62","INR 253,929",Billed
2025-01-23,C010,HD,R5813,221.2,261.5,22.00,"(£1,459.77)","₹176,680",BILLED
02/05/2025,C005,HD,R3421,839.9,967.0,GBP 22.00,"£18,477.53","₹688,830",Draft
"Oct 27, 2025",C010,Soc,R5936,49.9,62.6,42.00,"2,097.53","71,148",credit
07/09/2025,C010,DEV,R5927,47.3,60.3,£45.00,"GBP 2,128.94","₹99,548",Credit
2025-02-25,C999,aut,R3906,32.1,40.1,GBP 52.00,"£1,667.98","₹59,390",Credit
01/12/2025,C010,NOC,R5964,98.9,122.2,28.00,"£2,768.91",n/a,credit
2025-01-10,C008,hd ,R4803,360.9,422.3,GBP 22.00,"£7,939.69","303,786",credit
2025.01.01,C004,Ofp,R2873,254.8,291.8,16.00,"£4,077.24","₹169,943",Draft
2025-07-10,C003,SOC,R2438,379.0,470.2,£42.00,"GBP 15,918.12","₹556,122",credit
2025-07-02,C005,Soc,R3452,123.9,155.3,42.00,"£5,205.56","INR 181,958",Draft
2025-03-23,C002,ofp ,R1885,265.4,315.9,16.00,"£4,246.74","174,506",Credit
2025-04-28,C011,AUT,R6337,5.7,6.9,£52.00,£296.11,"₹11,282",Billed
"Dec 10, 2025",C008, HD,R4968,466.2,564.6,£22.00,"£10,256.68","₹385,619",Draft
2025-05-11,C002,SOC,R1905,557.8,700.3,42.00,"23,428.92","₹801,166",BILLED
28/02/2025,C009,HD,R5336,340.8,395.1,GBP 22.00,"£7,498.17","INR 278,614",Draft
12/05/2025,C001,Cld ,R1400,207.9,257.5,48.00,"9,977.67","₹399,862",billed
"Jan 10, 2025",C004,Dev,R2869,188.2,250.6,45.00,"8,468.12","₹397,168",BILLED
07/07/2025,C007,DEV,R4457,70.4,87.9,£45.00,"3,167.42","150,250",Billed
2025-03-03,C012,DEV,R6780,21.2,27.5,£45.00,953.72,-,Credit
09/02/2025,C007,aut,R4397,35.5,45.4,£52.00,"£1,844.12","INR 68,474",BILLED
2025-05-27,C005,Noc ,R3424,257.2,307.2,£28.00,"7,202.11","₹272,993",draft
2025-11-23,C004,CLD,R3007,225.5,286.0,£48.00,"10,823.55","₹458,256",Billed
2025-06-02,C003,cld,R2426,173.5,-,,"8,330.13","₹339,805",Credit
2025-06-09,C008,NOC,R4876,319.8,380.2,£28.00,"£8,954.36","352,066",Billed
2025-09-22,C001,dev ,R1462,265.1,343.6,null,"11,930.67","₹558,983",billed
"Nov 2, 2025",C008,cld,R4961,91.6,116.7,48.00,#N/A,"178,210",Credit
2025-01-16,C999,Noc ,R2863,473.7,570.1,28.00,"13,263.62","₹507,658",billed
"Sep 11, 2025",C011,CLD,R6407,21.1,26.9,48.00,"1,011.15","₹40,760",Billed
04/07/2025,C010,Aut ,R5901,12.6,15.1,£52.00,£653.46,"₹23,257",Draft
"Jul 22, 2025",C010,hd ,R5892,623.6,739.9,22.00,"(£4,116.06)","₹504,996",credit
2025.02.04,C006,Ofp,R3908,164.7,188.1,£16.00,"£2,635.65","INR 108,880",credit
"May 13, 2025",C004,cld,R2926,622.5,792.2,48.00,"£29,881.15","1,179,005",credit
2025.11.15,C005,Aut ,R3519,54.6,69.7,52.00,"£2,841.52","104,841",Billed
2025-02-21,C011,Noc ,R6301,85.9,104.4,£28.00,"£2,404.71","₹90,327",BILLED
2025-01-24,C009,ofp ,R5332,170.6,196.2,16.00,"£2,729.26","INR 116,286",BILLED
"Dec 18, 2025",C002,NOC,R2005,411.8,510.1,28.00,"£11,530.93","₹442,007",BILLED
2025.11.18,C003,OFP,R2498,171.0,196.6,16.00,"£2,735.67","₹115,989",credit
13/10/2025,C008,Aut ,R4948,32.4,39.2,£52.00,#REF!,"64,484",Draft
"Feb 11, 2025",C010,soc ,R5830,14.6,18.7,£42.00,£612.26,"21,236",billed
2025.11.20,C004,Soc,R3004,404.0,510.9,£42.00,"16,968.93","₹603,126",billed
"Mar 27, 2025",C999,HD,R4831,580.8,672.5,GBP 22.00,"12,777.41","₹470,233",Credit
10/05/2025,C002,OFP,R1913,275.5,323.4,16.00,"£4,407.54","₹182,931",Billed
07/12/2025,C011,cld,R6451,34.8,45.4,48.00,"£1,668.53","₹65,844",Credit
"Oct 24, 2025",C003,OFP,R2483,192.2,229.5,16.00,"3,074.52","₹127,147",draft
07/10/2025,C006,aut,R4014,42.9,52.2,52.00,"2,232.51","₹81,206",billed
2025-01-09,C006,NOC,R3882,198.7,230.7,£28.00,"£5,562.39","₹213,390",billed
"Aug 10, 2025",C010,OFP,R5915,144.8,170.1,£16.00,"2,317.02","₹91,767",billed
01/11/2025,C002,dev ,R1995,212.2,264.6,£45.00,"£9,549.36","434,362",Credit
"Oct 23, 2025",C009,CLD,R5453,146.2,193.2,£48.00,"£7,015.80","273,572",draft
2025.10.26,C005,soc ,R3497,114.0,139.0,42.00,"£4,789.06","₹162,917",Draft
2025.01.20,C008,Ofp,R4813,132.4,153.5,£16.00,"£2,119.15","₹84,697",Credit
2025-11-08,C010,DEV,R5954,45.3,-,45.00,"£2,039.36","₹96,857",draft
2025-10-04,C004,ofp ,R2998,854.3,948.7,16.00,"£13,669.19","₹560,898",Draft
"Jan 21, 2025",C002,Noc ,R1848,396.9,477.9,£28.00,"11,111.97","₹431,095",credit
06/02/2025,C012,dev ,R6766,14.2,-,45.00,£637.48,"29,732",draft
"Nov 18, 2025",C004,DEV,R3010,290.8,377.6,45.00,"13,086.61","₹626,616",Draft
2025.09.03,C005,hd ,R3479,1809.5,2154.3,£22.00,"£39,807.93","₹1,492,707",Draft
2025.06.05,C004,noc,R2934,628.2,754.8,£28.00,"£17,589.38",NA,credit
2025-07-24,C007,Ofp,R4461,143.2,166.9,£16.00,"£2,290.83","90,453",draft
2025-06-01,C012,Soc,R6818,11.2,14.1,GBP 42.00,GBP 470.26,"₹16,585",Credit
2025-08-11,C011,aut,R6395,8.9,11.1,£52.00,£463.75,"₹17,260",credit
2025-02-07,C005,aut,R3389,153.2,192.2,52.00,#REF!,"₹282,689",BILLED
25/04/2025,C006,SOC,R3927,88.1,110.4,£42.00,"GBP 3,701.55","133,222",Billed
01/05/2025,C009, HD,R5375,598.8,694.7,£22.00,"£13,172.80","₹493,315",billed
"Jun 12, 2025",C001,SOC,R1414,567.6,735.1,£42.00,"£23,840.23","₹876,037",credit
2025-11-28,C002,Noc ,R1987,367.8,450.3,£28.00,"10,297.83","₹389,502",BILLED
2025-08-07,C005,Cld ,R3469,141.1,173.0,48.00,"GBP 6,774.30","258,077",Billed
05/12/2025,C003,HD,R2501,1373.2,1608.7,£22.00,"30,209.70","₹1,120,085",Credit
2025-08-05,C003,HD,R2446,488.0,571.5,,"10,736.44","₹391,677",Credit
2025-10-27,C006,DEV,R4012,99.4,122.8,GBP 45.00,"£4,472.66","₹212,090",BILLED
2025-12-28,C012, HD,R6891,512.4,608.7,£22.00,"£11,273.79","419,694",Draft
2025-06-01,C010, HD,R5879,214.8,262.8,22.00,"4,726.01","₹177,788",Draft
2025.02.20,C004,dev ,R2885,234.1,288.4,45.00,"£10,535.30","INR 484,418",BILLED
"Dec 22, 2025",C010,Dev,R5969,14.9,18.7,£45.00,669.87,"30,861",BILLED
26/04/2025,C002,Hd,R1888,978.3,1149.0,£22.00,-,"₹798,003",credit
"May 17, 2025",C003,Dev,R2416,229.6,284.6,45.00,"10,331.84","₹474,879",credit
2025-10-12,C012,NOC,R6862,170.7,206.3,£28.00,"4,779.36","184,753",Draft
2025.01.22,C999,SOC,R1342,372.9,458.9,42.00,"15,661.07","545,177",BILLED
2025-05-15,C010, HD,R5866,231.8,262.7,£22.00,"£5,099.21","INR 191,502",billed
"Apr 19, 2025",C012,OFP,R6798,239.1,286.4,£16.00,"GBP 3,825.14","INR 155,216",Billed
14/08/2025,C002,Soc,R1947,,1323.6,42.00,"43,986.25","1,569,606",Draft
2025.08.16,C006,HD,R3974,442.8,516.2,22.00,"9,742.15","369,059",BILLED
25/05/2025,C007,cld,R4430,100.3,128.0,£48.00,"4,812.15","₹194,026",draft
2025-08-27,C002,cld,R1950,211.8,277.0,£48.00,"£10,164.89",NA,Billed
"Feb 1, 2025",C999,Noc ,R1863,441.4,521.1,£28.00,"12,358.72","₹466,832",Draft
2025.06.21,C007,hd ,R4438,420.8,505.4,22.00,"9,258.70","₹353,927",BILLED
"Aug 1, 2025",C009,Aut ,R5428,34.5,43.7,£52.00,(£538.64),"66,552",draft
2025-08-08,C008,CLD,R4909,293.9,375.1,£48.00,"£14,106.60","₹566,603",BILLED
2025.06.15,C001,AUT,R1422,142.2,175.1,£52.00,"7,395.59","INR 275,276",billed
2025.06.27,C001,Cld ,R1417,336.9,410.4,£48.00,"£16,169.05","668,848",credit
2025-06-25,C009,SOC,R5396,243.8,295.3,42.00,"10,241.32","₹365,665",Draft
"Dec 28, 2025",C001,hd ,R1504,n/a,1174.8,£22.00,"£22,208.80","₹838,347",credit
20/06/2025,C007,hd ,R4437,455.3,546.8,£22.00,"£10,017.07","₹376,530",billed
2025-04-12,C007,HD,R4412,526.7,601.9,£22.00,"11,587.16","INR 434,384",Credit
2025-12-17,C002,Cld ,R2008,179.4,,48.00,"£8,610.64","₹346,471",Draft
"Dec 28, 2025",C006,soc ,R4034,294.4,372.5,£42.00,"12,365.57","423,048",Billed
2025.12.12,C002, HD,R2002,1088.3,1245.9,£22.00,"23,941.58","₹896,438",billed
2025.03.02,C006,ofp ,R3920,244.9,293.4,16.00,"£3,918.32","158,259",credit
2025.10.25,C010, HD,R5934,252.4,294.7,£22.00,"5,552.16","211,331",draft
2025-10-03,C010,ofp ,R5944,239.5,285.4,£16.00,"£3,832.06","₹160,334",credit
2025-08-08,C008,NOC,R4907,265.3,323.6,,"£7,429.39","₹274,844",billed
"Aug 23, 2025",C006,Dev,R3982,133.5,167.8,£45.00,"£6,006.12","280,818",BILLED
21/01/2025,C001,OFP,R1353,457.6,547.0,16.00,"£7,321.82","304,453",credit
2025-01-22,C004,aut,R2870,158.6,189.3,GBP 52.00,"£8,245.69","₹312,255",billed
03/06/2025,C008,Cld ,R4882,76.5,97.1,48.00,"3,673.77","₹148,821",Billed
08/01/2025,C012,Cld ,R6752,16.7,21.1,£48.00,£800.45,"INR 32,667",Draft
2025-08-03,C003,Soc,R2450,264.2,328.0,42.00,"£11,098.04","386,052",Credit
"Jan 4, 2025",C005,soc ,R3369,116.2,136.1,£42.00,"4,882.09","₹170,473",credit
"May 23, 2025",C003,Soc,R2412,328.0,404.4,£42.00,"£13,776.22",,credit
01/09/2025,C001,cld,R1460,207.7,256.5,£48.00,"£9,971.01","403,471",BILLED
23/07/2025,C006,aut,R3971,85.1,106.3,52.00,"4,425.26","164,722",draft
24/11/2025,C010,cld,R5953,59.1,73.2,£48.00,"£2,835.45","111,426",Credit
2025-06-13,C005,soc ,R3438,351.6,442.6,£42.00,"£14,766.73","₹530,309",Billed
"Nov 11, 2025",C008,Hd,R4955,826.1,975.3,22.00,"£18,173.12","691,720",draft
2025-12-22,C004, HD,R3016,845.2,978.1,£22.00,n/a,"₹698,050",Draft
"Oct 26, 2025",C009,Ofp,R5461,366.3,425.1,16.00,"£5,860.93","243,811",Billed
2025-05-20,C999,Noc ,R3425,234.0,279.4,£28.00,"£6,551.08","241,936",Billed
26/03/2025,C012,OFP,R6781,449.6,530.1,-,"£7,194.31","305,910",Credit
2025-06-21,C006,noc,R3953,260.5,322.7,28.00,"£7,294.40","₹275,021",draft
2025.12.01,C004,dev ,R3022,218.6,278.4,45.00,"9,837.40","464,358",credit
2025-09-02,C004,Hd,R2972,1619.4,1914.2,£22.00,"35,627.58","1,330,288",BILLED
2025-06-09,C009,aut,R5402,48.4,60.9,£52.00,(£755.63),"₹94,465",BILLED
2025.03.04,C010,Noc ,R5842,213.4,252.9,GBP 28.00,"GBP 5,974.31","₹226,841",BILLED
04/05/2025,C001,Dev,R1402,273.6,348.2,£45.00,"£12,313.96","₹566,804",credit
04/12/2025,C012,noc,R6893,74.0,85.5,£28.00,"£2,072.14","80,298",Credit
"Sep 19, 2025",C011,aut,R6411,6.3,7.6,52.00,327.52,"₹12,412",Billed
2025-02-02,C008,cld,R4821,71.0,92.0,£48.00,"£3,406.94","₹135,897",Billed
08/10/2025,C010,Hd,R5933,243.0,283.7,£22.00,"(1,603.67)","194,593",billed
"Nov 3, 2025",C010,Hd,R5946,217.5,262.7,22.00,"£4,784.88","172,041",Draft
2025-08-24,C003,dev ,R2454,435.6,575.5,£45.00,"19,600.81","INR 925,056",billed
2025-02-24,C001,Noc ,R1355,503.3,598.3,£28.00,"14,092.17","₹545,453",billed
2025-07-14,C001,ofp ,R1435,354.0,407.4,16.00,"5,663.49","₹236,944",Credit
2025-07-12,C010,Noc ,R5894,86.2,103.6,£28.00,"GBP 2,412.37","93,261",draft
"Aug 12, 2025",C010,Hd,R5906,346.3,410.4,£22.00,"£7,618.61","₹268,471",draft
2025-12-08,C005,Dev,R3530,164.0,213.5,45.00,"7,381.29","₹340,493",BILLED
20/05/2025,C007,Cld ,R4429,101.3,129.4,GBP 48.00,#REF!,"₹197,318",Billed
27/01/2025,C004,CLD,R2866,704.7,918.7,48.00,"£33,824.69","1,359,887",BILLED
2025.06.27,C012,Dev,R6820,12.5,15.7,£45.00,GBP 563.20,"₹26,450",Draft
14/04/2025,C003,DEV,R2401,140.1,175.9,£45.00,"£6,303.90","₹285,724",Credit
2025.12.17,C008,soc ,R4974,63.5,78.4,£42.00,"£2,666.29","93,967",Billed
2025-04-01,C003,noc,R2393,337.1,407.1,28.00,"9,438.84","₹354,629",Draft
2025.08.14,C011,hd ,R6386,253.2,295.6,22.00,"£5,569.57","210,648",BILLED
"Nov 13, 2025",C002,DEV,R1994,268.6,334.9,45.00,"12,085.57","₹564,819",Billed
2025-03-25,C011,dev ,R6323,20.2,26.5,n/a,(272.05),"40,504",Billed
21/01/2025,C009,ofp ,R5334,172.5,198.5,£16.00,"£2,760.29","113,565",Draft
2025-08-03,C005,Dev,R3473,138.3,177.8,£45.00,"6,221.66","283,104",draft
"May 11, 2025",C002,Hd,R1901,563.7,638.5,GBP 22.00,"£12,400.99","₹473,354",Credit
2025.01.06,C999,Soc,R1850,487.6,632.1,£42.00,,"₹721,661",draft
09/03/2025,C001,AUT,R1379,135.2,175.9,52.00,"£7,028.45","₹261,996",BILLED
2025-10-26,C010, HD,R5932,253.7,296.2,22.00,"£5,581.23","₹201,550",credit
2025-05-14,C005,Aut ,R3431,77.8,,52.00,"£4,045.12","₹149,343",Billed
2025-07-27,C006,Cld ,R3969,102.4,129.7,48.00,"£4,913.77","195,994",credit
2025-06-26,C004,aut,R2940,143.8,187.0,£52.00,"£7,480.15","₹270,026",BILLED
23/11/2025,C005,NOC,R3509,764.7,917.2,£28.00,"21,412.31","798,642",billed
16/05/2025,C003,NOC,R2410,354.2,421.0,GBP 28.00,"£9,918.57","₹386,451",draft
07/01/2025,C002,SOC,R1849,487.9,632.5,£42.00,"GBP 20,493.81","₹703,501",BILLED
10/03/2025,C008,SOC,R4833,93.1,114.7,£42.00,"3,910.49","₹133,973",Credit
2025.05.24,C001,soc ,R1396,389.4,481.8,£42.00,"£16,355.39","INR 563,074",Billed
2025-11-23,C005,dev ,R3517,111.6,137.1,GBP 45.00,"£5,020.92","234,434",Draft
"May 13, 2025",C005,CLD,R3427,211.9,263.8,£48.00,"£10,170.81","402,297",Billed
2025.12.19,C009,cld,R5486,84.7,108.1,48.00,"£4,067.99","INR 163,650",BILLED
17/03/2025,C005,SOC,R3397,113.5,138.8,£42.00,"£4,768.50","₹174,938",Draft
"Feb 6, 2025",C011,HD,R6299,463.5,530.3,£22.00,#REF!,"376,300",Billed
2025-01-28,C008,aut,R4812,40.1,50.2,£52.00,"2,085.72","₹75,175",Credit
"Sep 24, 2025",C003,Ofp,R2472,522.0,609.4,16.00,"£8,351.67","₹345,719",billed
28/10/2025,C011, HD,R6416,293.2,343.3,£22.00,"£6,449.52","₹242,316",Draft
2025.04.04,C011,NOC,R6331,113.2,135.2,28.00,"3,169.93","121,677",Draft
2025-08-07,C002, HD,R1943,1762.5,2070.8,22.00,"38,775.08","₹1,407,740",Credit
04/10/2025,C008,noc,R4939,247.6,301.5,£28.00,"6,932.04","₹277,317",billed
2025-07-24,C009,DEV,R5415,106.6,139.0,45.00,"4,798.17","₹230,769",credit
2025-05-25,C008,Aut ,R4870,37.6,46.6,52.00,"£1,954.86","₹71,092",credit
2025.05.15,C004, HD,R2922,1392.2,1607.1,22.00,"(£9,188.76)",null,Credit
2025-07-13,C004,Ofp,R2952,292.4,343.0,16.00,"£4,678.62","₹201,855",Draft
"Sep 26, 2025",C012,ofp ,R6858,221.8,256.0,£16.00,"£3,549.54","146,497",BILLED
2025-08-24,C009,NOC,R5421,571.3,731.6,28.00,"£15,996.87","₹580,630",billed
25/10/2025,C002,Cld ,R1977,203.0,263.9,£48.00,"9,745.25","₹400,271",Draft
24/03/2025,C004,Ofp,R2907,279.7,323.1,£16.00,"£4,474.57","183,008",credit
2025.09.28,C011,Aut ,R6412,5.5,6.6,£52.00,GBP 284.99,"10,996",draft
2025.10.22,C011,SOC,R6420,59.5,76.2,42.00,"GBP 2,499.09","84,827",credit
"Jan 14, 2025",C009,Ofp,R5333,188.6,217.0,£16.00,"£3,017.55","123,960",Credit
08/03/2025,C010,ofp ,R5849,199.9,227.6,£16.00,"£3,198.66","₹131,288",Billed
2025-02-18,C001,dev ,R1361,178.6,225.4,£45.00,"(£2,411.52)","367,218",Draft
"Jul 27, 2025",C012,DEV,R6830,23.8,31.1,£45.00,"£1,070.57","₹49,959",BILLED
10/08/2025,C004,cld,R2962,324.7,412.0,£48.00,"15,587.58","₹630,452",Billed
"Dec 2, 2025",C006,DEV,R4039,122.6,162.0,£45.00,"(£1,654.81)","255,326",billed
"Jun 23, 2025",C003,SOC,R2425,922.5,1157.0,,"£38,746.66","1,331,332",Billed
"Sep 23, 2025",C001,Hd,R1452,2555.2,2905.2,£22.00,"£56,215.32","₹2,057,070",Draft
"Jan 19, 2025",C004,SOC,R2865,479.7,579.9,£42.00,"20,145.55","₹711,763",draft
2025-08-13,C011,Noc ,R6388,174.1,211.9,-,"(GBP 1,462.50)","177,952",credit
2025-05-23,C009,SOC,R5380,93.6,114.9,£42.00,"3,932.43","₹137,051",draft
2025-08-10,C004,DEV,R2964,154.9,199.5,£45.00,"£6,971.78","317,414",Billed
2025.05.02,C009,AUT,R5388,38.3,48.7,£52.00,"£1,991.80",,credit
"Nov 2, 2025",C011,HD,R6432,179.0,206.6,£22.00,"£3,938.35","INR 148,429",BILLED
2025-02-03,C004,Soc,R2878,292.6,385.2,£42.00,"£12,290.97","₹440,848",Draft
2025-08-28,C003,cld,R2453,243.9,,48.00,"£11,707.85","₹470,473",Draft
"Feb 6, 2025",C005,dev ,R3388,332.4,423.6,£45.00,"£14,955.96","702,610",draft
02/09/2025,C008,hd ,R4919,800.2,929.2,£22.00,"GBP 17,605.01","653,509",BILLED
28/11/2025,C009,hd ,R5462,1464.3,1785.4,£22.00,"32,214.94","1,182,098",Billed
"Aug 10, 2025",C001,Dev,R1446,163.6,217.5,45.00,"7,362.76","347,119",Billed
2025-02-13,C999,soc ,R6302,48.4,60.5,£42.00,"£2,031.14","₹71,763",draft
26/02/2025,C004,aut,R2888,84.0,99.2,52.00,"£4,366.19","₹164,450",billed
2025-04-25,C003,aut,R2402,306.3,378.2,£52.00,"£15,929.07","₹586,840",credit
"Nov 21, 2025",C002,Soc,R1991,529.0,639.9,42.00,"£22,216.01","₹764,598",draft
2025-11-22,C009,Ofp,R5476,206.7,247.8,£16.00,#N/A,"₹135,328",draft
20/11/2025,C003,Cld ,R2494,231.8,301.8,48.00,"11,125.43","₹443,476",Billed
2025.03.14,C003,Dev,R2385,473.7,603.3,£45.00,"GBP 21,318.26","₹1,009,359",BILLED
27/04/2025,C003,Noc ,R2394,345.2,417.0,NA,"£9,666.79","362,219",Draft
2025-10-23,C008,noc,R4940,198.2,241.4,28.00,"£5,550.98","₹211,829",Billed
2025.05.21,C999,cld,R6806,28.9,36.2,48.00,"1,385.73",-,Credit
2025-11-10,C003,cld,R2492,221.8,288.8,48.00,"10,648.46","INR 418,299",Credit
18/09/2025,C002,OFP,R1969,253.8,291.6,£16.00,"4,060.49","₹165,307",billed
2025.07.25,C010,CLD,R5896,19.6,24.6,£48.00,940.21,"37,967",BILLED
02/02/2025,C001, HD,R1354,2004.1,2284.4,£22.00,"£44,090.53","₹1,661,377",Draft
2025.11.21,C010,AUT,R5957,8.5,10.9,£52.00,£440.16,NA,BILLED
2025.10.15,C010,AUT,R5943,7.3,8.9,£52.00,£377.59,"14,326",Billed
2025-02-13,C008,DEV,R4824,130.7,165.7,£45.00,"£5,880.98","270,331",billed
2025-10-18,C003,SOC,R2477,345.1,423.2,£42.00,"£14,492.38","₹507,575",credit
18/02/2025,C006,Dev,R3902,101.9,129.8,45.00,"GBP 4,583.67","₹218,682",Credit
28/08/2025,C005,cld,R3471,142.9,175.2,48.00,"£6,857.71","₹274,394",BILLED
2025-06-07,C002,HD,R1915,672.9,813.0,22.00,"14,802.87","553,490",credit
"Apr 5, 2025",C004,dev ,R2916,225.6,297.6,£45.00,"10,150.20","INR 477,596",credit
2025.02.18,C012,Soc,R6763,15.7,20.5,£42.00,£658.91,"23,366",Credit
12/05/2025,C010, HD,R5865,238.1,269.9,22.00,"GBP 5,238.42","₹194,782",Credit
22/01/2025,C011,AUT,R6296,5.4,6.5,GBP 52.00,£279.43,"₹10,350",credit
2025.09.06,C009,ofp ,R5445,270.5,316.6,£16.00,"£4,328.34","180,588",Billed
2025.01.12,C010,Soc,R5818,52.3,66.2,42.00,"£2,197.11","75,984",credit
2025.01.02,C011,hd ,R6286,256.2,301.2,£22.00,"5,637.27","₹213,818",billed
16/05/2025,C001,Cld ,R1401,198.5,246.0,£48.00,"9,529.34","₹371,656",draft
2025-09-10,C999,Ofp,R1971,275.5,316.6,£16.00,"4,408.68","181,434",draft
2025.03.19,C003,Ofp,R2388,151.3,174.8,£16.00,"£2,421.59","99,882",Draft
2025.04.25,C005,ofp ,R3420,761.7,NA,£16.00,"£12,186.52","₹496,105",BILLED
2025.10.14,C006,OFP,R4016,287.5,328.9,GBP 16.00,"4,600.51",n/a,credit
2025-09-06,C011,hd ,R6400,173.4,200.2,£22.00,"£3,814.99","137,916",billed
2025-10-07,C004,HD,R2986,688.4,822.1,£22.00,"£15,144.39","538,781",Credit
2025-03-24,C003,AUT,R2386,277.4,353.8,52.00,"£14,425.55","544,127",Draft
2025-02-14,C003,Soc,R2369,445.2,537.4,,#REF!,"₹646,260",Billed
"Oct 4, 2025",C002,DEV,R1979,170.9,211.9,45.00,"£7,691.81","₹348,075",credit
17/02/2025,C003,cld,R2371,306.5,395.2,£48.00,"14,712.10","₹591,239",draft
"Aug 26, 2025",C009,Hd,R5420,1054.3,1231.1,22.00,"£23,194.17","₹855,921",BILLED
02/04/2025,C009,Hd,R5361,589.1,719.6,£22.00,"£12,960.34","₹468,748",Billed
2025.03.26,C005,HD,R3393,971.3,1147.5,£22.00,"£21,369.53","772,967",credit
24/06/2025,C008,Aut ,R4886,29.0,37.2,52.00,"£1,506.42","₹56,570",Credit
13/05/2025,C005,SOC,R3426,313.7,408.7,£42.00,"£13,173.80","INR 464,053",BILLED
23/04/2025,C003,cld,R2396,222.0,285.3,£48.00,"£10,657.31","₹411,935",billed
"Nov 4, 2025",C002,cld,R1992,371.7,467.4,£48.00,"17,840.01","733,189",billed
"Nov 26, 2025",C001,Cld ,R1493,216.0,271.4,£48.00,"10,367.63","420,791",credit
20/05/2025,C009,dev ,R5383,85.8,108.0,£45.00,"3,861.81","184,140",Draft
17/09/2025,C012,OFP,R6859,203.1,234.4,£16.00,"3,249.84","133,889",Credit
2025.04.20,C003,OFP,R2404,210.7,247.5,£16.00,"3,370.55","₹138,506",credit
"Jul 13, 2025",C008,Dev,R4898,89.8,115.0,£45.00,"GBP 4,040.91","₹184,973",Credit
09/09/2025,C010,CLD,R5924,20.4,25.9,£48.00,£979.43,"INR 39,328",credit
"Oct 4, 2025",C005,ofp ,R3507,278.1,323.4,16.00,"4,449.88","₹185,550",credit
2025.03.24,C005,OFP,R3406,441.9,512.7,16.00,"7,070.49","INR 291,408",Credit
10/03/2025,C008,ofp ,R4842,156.0,183.1,16.00,"£2,495.26","101,457",draft
05/11/2025,C001,Soc,R1492,433.0,553.4,42.00,"18,184.30","₹627,074",Draft
2025.05.16,C001,Soc,R1397,386.0,477.6,£42.00,"16,213.12","₹569,689",Billed
2025-02-26,C004,noc,R2876,554.7,681.9,£28.00,"(£4,659.50)","₹579,085",billed
14/09/2025,C005,AUT,R3489,178.3,223.3,52.00,"GBP 9,271.28","349,572",Credit
"Feb 11, 2025",C010,SOC,R5831,18.1,23.2,£42.00,760.43,"26,042",Billed
2025-12-19,C012,SOC,R6894,14.1,17.5,42.00,593.76,"₹21,384",Draft
2025-12-26,C005,SOC,R3526,127.8,169.9,42.00,"£5,368.33","₹187,792",draft
18/08/2025,C012,Dev,R6844,15.9,20.1,GBP 45.00,714.19,"₹34,365",Billed
2025-06-06,C009,HD,R5392,1007.5,1156.1,£22.00,"£22,166.09","823,296",Billed
"Dec 3, 2025",C009,aut,R5490,66.6,86.8,£52.00,"3,461.60","130,970",credit
2025-05-19,C002,Cld ,R1906,591.5,740.7,48.00,"£28,393.60","1,163,880",Draft
2025-02-10,C002,CLD,R1867,182.1,228.7,48.00,"8,742.16","₹351,229",Draft
2025.05.20,C007,HD,R4425,302.8,356.1,22.00,"6,662.31","₹248,797",billed
2025-03-03,C999,Dev,R5356,227.1,300.2,,"£10,220.55","469,959",Credit
23/07/2025,C009,Cld ,R5412,92.1,117.2,£48.00,"GBP 4,421.75","₹180,090",billed
25/11/2025,C001,Ofp,R1501,250.5,300.6,16.00,"4,007.31","167,059",Billed
2025-06-06,C009,Noc ,R5394,183.7,212.7,28.00,"£5,144.57","195,764",credit
"Aug 25, 2025",C006,Soc,R3978,92.8,114.7,42.00,"3,895.93","INR 137,178",draft
2025-04-14,C009,OFP,R5372,247.6,277.3,16.00,"£3,961.32","163,980",Draft
01/07/2025,C009,aut,R5418,38.0,47.8,52.00,"1,975.15","INR 74,065",Draft
2025-10-07,C004,Hd,R2985,560.3,669.1,,"12,325.92","459,825",billed
"Mar 7, 2025",C006,Ofp,R3921,251.0,300.8,GBP 16.00,"£4,016.33","164,915",Credit
2025-09-09,C005,soc ,R3481,180.1,227.6,42.00,"£7,563.13","₹267,330",Billed
17/02/2025,C003,Dev,R2372,162.9,208.0,45.00,"£7,330.95","₹339,666",Billed
2025-11-09,C005,Aut ,R3520,54.1,69.0,GBP 52.00,"2,813.53","₹107,497",credit
06/07/2025,C001,Aut ,R1434,333.2,439.3,£52.00,"£17,327.47","₹641,259",credit
2025-07-02,C003,noc,R2437,885.6,1058.4,£28.00,"£24,795.48","944,966",credit
2025-12-19,C002,ofp ,R2014,723.3,862.3,£16.00,"£11,572.75","494,269",billed
"Jan 28, 2025",C004,DEV,R2867,170.8,227.5,£45.00,"£7,687.42","₹359,750",credit
2025-10-11,C002,dev ,R1980,149.5,185.3,£45.00,"£6,726.85","₹320,474",BILLED
"Jun 23, 2025",C001,Noc ,R1411,379.6,457.8,£28.00,"10,628.92","₹396,133",credit
"Aug 28, 2025",C004,Noc ,R2956,362.2,429.2,£28.00,"GBP 10,141.15","379,308",BILLED
2025-01-18,C011,noc,R6289,96.5,115.0,£28.00,"GBP 2,700.67","105,234",Billed
2025-06-16,C007,NOC,R4439,441.7,531.7,28.00,"£12,367.20","₹487,186",BILLED
"Sep 25, 2025",C012,hd ,R6851,263.5,303.3,£22.00,"£5,796.52","₹216,926",draft
16/04/2025,C001,CLD,R1386,192.5,240.9,£48.00,"£9,241.25","367,048",BILLED
2025.12.02,C006,AUT,R4040,35.5,,£52.00,"£1,845.85","₹68,723",Credit
2025-06-08,C001,Hd,R1410,967.1,1129.6,22.00,"£21,275.90",null,Billed
2025-11-15,C003,ofp ,R2499,175.0,201.2,16.00,"£2,799.41","115,950",Credit
2025.11.22,C006,aut,R4028,90.0,109.0,£52.00,"£4,679.09","171,422",credit
25/08/2025,C009,DEV,R5426,64.1,85.2,£45.00,"£2,884.36","₹136,221",credit
2025.11.23,C011,CLD,R6439,27.5,34.6,£48.00,NA,"53,193",BILLED
"Jun 17, 2025",C009,DEV,R5399,84.4,108.4,£45.00,"£3,795.90","₹180,263",Draft
2025.11.05,C004,soc ,R3005,448.4,567.0,£42.00,"£18,832.89","₹644,082",Billed
25/02/2025,C012,dev ,R6765,12.9,15.9,45.00,£578.57,"₹26,769",Draft
"Jul 20, 2025",C006,Hd,R3963,1077.5,1294.0,22.00,"(7,111.79)","886,416",draft
2025-03-12,C006,Noc ,R3913,286.9,344.4,28.00,"£8,032.17","305,590",credit
2025-08-17,C010,Hd,R5905,336.6,398.9,£22.00,"£7,405.03","₹279,761",Draft
2025-01-27,C009,noc,R5319,226.9,267.2,£28.00,"6,352.71","INR 236,143",draft
08/04/2025,C999,hd ,R2909,1510.8,1778.5,22.00,"33,237.84","INR 1,226,443",Billed
2025-05-27,C001,Aut ,R1406,127.1,159.6,52.00,"£6,609.65","237,101",Draft
2025-11-25,C009,aut,R5473,57.3,70.6,GBP 52.00,"£2,981.32","111,287",Credit
24/01/2025,C007,soc ,R4380,195.1,243.7,£42.00,"8,194.83","₹286,384",Credit
2025-10-04,C009,Cld ,R5452,122.3,161.6,£48.00,"5,870.60","₹238,335",Billed
2025-09-24,C999,noc,R6403,66.5,79.3,£28.00,"1,863.06","₹72,311",billed
2025-01-11,C003,Ofp,R2364,177.7,212.4,£16.00,"2,843.38","INR 117,686",BILLED
2025.07.11,C002,Dev,R1940,231.7,303.8,£45.00,"£10,425.95","₹474,793",credit
"Jun 9, 2025",C008,NOC,R4877,276.2,328.4,£28.00,"£7,734.42","292,527",draft
2025-05-27,C009,Dev,R5384,76.4,96.1,£45.00,"3,436.94","₹157,914",Credit
2025-02-11,C010,ofp ,R5839,147.4,182.9,£16.00,"£2,357.97","99,754",Credit
2025-10-14,C001,dev ,R1478,167.1,218.4,45.00,"GBP 7,521.11","₹347,816",draft
"Nov 1, 2025",C004,hd ,R3000,747.0,852.2,£22.00,"16,434.80","602,839",Billed
14/01/2025,C008,aut,R4811,38.1,47.7,GBP 52.00,"1,978.96","70,898",Billed
"Feb 7, 2025",C002,aut,R1872,183.2,230.0,£52.00,"£9,528.77","359,431",credit
"Jul 17, 2025",C003,Hd,R2435,392.9,446.9,22.00,"£8,643.27","322,391",BILLED
2025.04.01,C001,Cld ,R1388,216.5,270.8,£48.00,"£10,390.28",,BILLED
2025-02-25,C004,Aut ,R2886,92.7,109.5,52.00,"4,821.24","184,216",Draft
2025.04.18,C004,dev ,R2915,255.2,336.6,45.00,"£11,482.07","538,272",Billed
2025-09-02,C010,Cld ,R5925,22.6,28.6,48.00,"£1,082.67","41,856",billed
"Aug 16, 2025",C008,aut,R4912,31.0,37.1,£52.00,"1,611.45","₹59,062",credit
2025-06-22,C002,DEV,R1923,191.8,242.9,45.00,"£8,631.73","400,603",Credit
2025.08.14,C006,CLD,R3980,307.3,401.6,£48.00,"£14,750.41","INR 580,779",Billed
2025-06-12,C009,NOC,R5395,168.5,195.1,28.00,"£4,717.98","181,914",Credit
27/02/2025,C007,cld,R4394,61.9,83.2,48.00,"2,970.71","121,436",Billed
05/01/2025,C008,dev ,R4810,80.9,101.7,45.00,"£3,639.71","INR 170,987",BILLED
2025-03-08,C009,Hd,R5350,587.3,717.6,22.00,"£12,920.77","478,659",BILLED
2025-07-04,C006,SOC,R3966,146.6,189.0,42.00,"(£1,846.92)","INR 214,739",Draft
"May 5, 2025",C011,HD,R6341,615.8,723.4,GBP 22.00,"GBP 13,547.63","₹504,900",Credit
07/03/2025,C001,Cld ,R1373,335.0,415.8,48.00,"(4,823.84)","₹636,165",BILLED
2025-12-10,C001,Noc ,R1506,515.1,608.0,28.00,"£14,422.16","551,178",Billed
2025-01-25,C005,aut,R3376,50.6,62.6,£52.00,"2,629.96","99,645",Billed
"Oct 23, 2025",C001,Soc,R1474,418.2,524.0,42.00,"17,565.21","602,385",BILLED
2025-06-05,C007,Aut ,R4446,27.7,35.4,52.00,"£1,442.24","₹54,330",BILLED
2025.08.11,C008,dev ,R4910,134.3,174.0,£45.00,"GBP 6,045.11","₹280,174",Draft
"Jan 12, 2025",C007,Noc ,R4379,480.2,587.2,£28.00,"£13,446.95","INR 516,999",billed
"Mar 1, 2025",C003,Soc,R2383,301.7,378.3,42.00,"£12,673.19","447,131",credit
16/04/2025,C007,ofp ,R4423,293.6,337.9,£16.00,null,"INR 195,159",credit
14/08/2025,C004,SOC,R2961,330.8,429.7,GBP 42.00,"13,895.57","₹494,336",Credit
2025-08-12,C006,Soc,R3979,79.4,98.2,42.00,"GBP 3,332.76","116,526",Billed
03/07/2025,C011,Hd,R6370,156.0,183.4,£22.00,"3,431.73","130,083",draft
"Jun 20, 2025",C005,CLD,R3440,149.6,186.2,£48.00,"GBP 7,182.14","₹289,422",credit
2025-12-11,C009,soc ,R5483,136.6,174.0,£42.00,"5,735.26","₹201,972",BILLED
2025-07-05,C005,hd ,R3447,568.2,658.1,GBP 22.00,"£12,501.40","472,624",draft
18/02/2025,C006,Dev,R3902,101.9,129.8,45.00,"GBP 4,583.67","₹218,682",Credit
2025-09-15,C003,aut,R2471,93.6,121.1,52.00,"£4,868.30","₹179,932",BILLED
11/12/2025,C001,noc,R1507,599.4,707.5,£28.00,"GBP 16,783.78","654,320",draft
19/07/2025,C009,soc ,R5408,91.3,112.7,£42.00,"3,836.30","₹134,918",Draft
"Aug 1, 2025",C999,DEV,R2966,169.6,218.4,45.00,"7,632.96",,credit
07/07/2025,C012,SOC,R6827,20.0,25.2,GBP 42.00,840.11,"28,481",draft
2025-01-03,C002,ofp ,R1859,n/a,355.1,GBP 16.00,"£4,834.56","₹201,485",Draft
2025-01-18,C009,CLD,R5326,73.0,92.9,£48.00,"£3,506.33","₹139,585",draft
"Mar 4, 2025",C007,Soc,R4403,126.2,159.6,£42.00,"5,301.11","INR 189,134",draft
2025-04-18,C011,ofp ,R6340,213.7,246.5,16.00,"3,419.88","INR 141,477",BILLED
"Nov 7, 2025",C012,Noc ,R6877,51.5,61.0,£28.00,"£1,442.11","₹55,611",credit
"Mar 19, 2025",C012,HD,R6770,295.6,338.7,£22.00,"6,502.53","INR 249,574",draft
