billing_date,client_id,service_code,resource_id,billable_hours,capacity_hours,bill_rate_gbp,amount_billed_gbp,cost_inr,status
10/06/2024,C005,SOC,R3268,126.2,161.4,42.00,"5,300.71","183,996",Draft
2024-05-28,C012,Soc,R6653,15.0,18.4,£42.00,630.19,"₹22,405",draft
"Nov 22, 2024",C001,aut,R1324,131.6,168.3,£52.00,"6,844.54","261,210",credit
16/08/2024,C001,Dev,R1282,175.2,225.7,£45.00,"£7,886.00","₹356,856",Credit
2024-10-10,C002,aut,R1810,153.7,184.5,£52.00,"7,992.10","305,713",credit
2024-04-21,C006,Cld ,R3754,79.0,98.2,48.00,"3,790.57","₹148,260",billed
2024.09.06,C002,hd ,R1785,508.4,595.5,22.00,"£11,185.07","413,640",draft
2024-06-17,C003,hd ,R2259,508.3,587.1,£22.00,"£11,183.29","410,194",Credit
2024-06-04,C005,AUT,R3274,46.4,58.9,£52.00,"£2,415.04","₹88,654",billed
2024-02-05,C012,ofp ,R6623,461.2,513.1,£16.00,"£7,378.55","₹298,485",draft
"Sep 8, 2024",C002,Ofp,R1800,316.5,374.5,GBP 16.00,"GBP 5,064.62","₹203,588",draft
17/04/2024,C001,soc ,R1222,254.2,317.9,£42.00,"10,677.73","₹378,803",billed
2024-11-03,C012,Dev,R6733,25.3,32.7,£45.00,"1,138.28","₹52,791",billed
10/08/2024,C003,aut,R2292,232.3,294.9,GBP 52.00,"£12,079.61","433,294",billed
"Sep 12, 2024",C006,Soc,R3823,102.4,null,£42.00,"£4,302.32","₹155,849",BILLED
11/02/2024,C005,Aut ,R3217,106.3,131.1,£52.00,"(£1,657.60)","214,190",Billed
20/09/2024,C007,Cld ,R4327,68.8,89.7,48.00,"£3,302.89","135,222",Draft
26/07/2024,C007,aut,R4306,92.7,115.4,£52.00,"4,822.31","175,624",billed
2024.08.05,C006,OFP,R3817,151.9,177.9,16.00,null,"₹103,257",billed
2024-02-16,C003,Soc,R2206,296.4,367.3,£42.00,"£12,450.32","431,171",Credit
06/05/2024,C006,Hd,R3763,482.3,554.4,22.00,"10,611.37","375,851",draft
2024-04-09,C012,hd ,R6638,265.3,314.2,£22.00,"5,836.00","₹213,497",billed
02/10/2024,C009,soc ,R5279,60.2,77.3,£42.00,"2,529.06","87,457",credit
07/12/2024,C007,AUT,R4373,52.1,66.9,NA,"2,708.49","₹100,309",billed
28/09/2024,C007,SOC,R4326,209.5,265.1,£42.00,"8,799.78","312,113",Draft
"Jun 19, 2024",C001,DEV,R1253,197.5,248.6,45.00,"£8,888.30","₹418,441",credit
18/12/2024,C001,AUT,R1335,198.2,247.7,52.00,"£10,307.35","INR 390,918",draft
"Dec 22, 2024",C008,noc,R4791,216.6,260.4,28.00,"6,063.56","₹226,917",Draft
"Nov 2, 2024",C011,OFP,R6268,134.3,152.8,16.00,"2,148.91","₹86,315",Billed
"Jul 25, 2024",C011,Cld ,R6212,25.3,31.1,48.00,"£1,216.26","₹49,544",Credit
2024.02.04,C011,OFP,R6156,193.2,225.2,£16.00,"3,091.13","₹131,445",BILLED
2024-05-13,C006,Noc ,R3764,392.9,481.1,£28.00,#N/A,"414,427",draft
"Jan 21, 2024",C008,AUT,R4643,25.1,31.3,£52.00,"£1,304.01","₹48,221",BILLED
2024-07-16,C003,AUT,R2279,n/a,349.4,£52.00,"14,984.28","₹555,979",billed
"Sep 7, 2024",C011,noc,R6235,65.5,79.7,£28.00,"£1,834.77","71,684",credit
2024-05-01,C008,Hd,R4691,318.6,373.0,£22.00,"7,008.40","₹259,926",BILLED
"Jul 19, 2024",C009,NOC,R5238,157.1,194.4,GBP 28.00,"4,400.18","164,578",billed
2024.07.11,C008,OFP,R4731,205.3,240.0,£16.00,"£3,285.00","₹129,032",BILLED
2024-10-09,C005,Cld ,R3331,131.3,161.8,48.00,"£6,302.81","₹255,784",Billed
27/05/2024,C009,Cld ,R5213,53.4,,£48.00,"2,563.29","₹102,356",credit
"Dec 23, 2024",C011,AUT,R6283,16.5,21.2,GBP 52.00,£857.72,n/a,Draft
25/11/2024,C004,noc,R2828,347.1,425.0,£28.00,"£9,718.69","INR 361,332",Credit
2024-10-16,C012, HD,R6711,189.8,219.3,GBP 22.00,"4,176.16","INR 159,049",billed
2024.07.25,C001,NOC,R1262,344.0,428.3,£28.00,"9,631.55","₹368,788",Billed
2024.04.17,C007,Soc,R4254,59.8,72.0,GBP 42.00,"2,512.67","₹86,777",Billed
2024-07-02,C007,Soc,R4300,140.8,182.0,42.00,"GBP 5,915.55","208,443",billed
23/09/2024,C008,AUT,R4760,21.3,26.7,52.00,"£1,109.60","40,647",Billed
26/04/2024,C002,Aut ,R1731,119.7,150.2,GBP 52.00,"£6,222.23","₹231,277",draft
2024-03-22,C004,aut,R2721,76.0,94.7,52.00,,"₹143,988",Billed
18/12/2024,C004,SOC,R2846,286.7,NA,£42.00,"£12,043.35","₹421,752",credit
2024-04-04,C004,NOC,R2725,456.0,563.7,28.00,"£12,767.21","486,277",credit
2024-03-08,C011,aut,R6163,5.3,6.7,52.00,£277.31,"₹10,085",Billed
2024-01-03,C007,ofp ,R4218,214.9,241.3,16.00,"3,439.17","138,731",Billed
"Jun 15, 2024",C005,cld,R3270,120.3,151.8,£48.00,"5,775.88","235,399",Billed
2024-03-28,C001,Noc ,R1203,304.6,368.2,28.00,"£8,529.96","330,293",Draft
2024-04-27,C001,soc ,R1223,308.4,385.7,£42.00,"12,954.89","453,254",Billed
"Jan 14, 2024",C999,DEV,R5164,61.9,81.7,45.00,"£2,784.78","₹129,834",draft
13/11/2024,C012,DEV,R6734,,39.8,45.00,"£1,385.15","₹62,346",BILLED
2024-03-12,C007,CLD,R4240,106.8,138.2,48.00,"£5,125.67","INR 197,490",draft
2024-11-03,C011,HD,R6257,263.2,315.5,22.00,"£5,790.50","₹214,443",draft
"Nov 15, 2024",C001, HD,R1314,1044.5,1226.8,£22.00,"22,979.53","815,445",Draft
06/10/2024,C011,Dev,R6254,60.1,77.8,£45.00,"2,703.45","INR 128,537",billed
21/01/2024,C004,Noc ,R2682,485.5,607.5,28.00,"£13,593.73","₹508,472",Credit
2024-09-03,C003,Aut ,R2301,126.0,154.0,£52.00,"6,554.04","INR 241,806",Credit
"May 11, 2024",C012, HD,R6649,424.4,487.3,£22.00,"£9,336.99","INR 343,733",draft
2024-01-24,C004,NOC,R2681,508.3,636.1,28.00,"£14,232.68","₹565,879",Credit
13/12/2024,C007,soc ,R4369,163.6,210.1,£42.00,"6,871.72","242,143",billed
2024.11.07,C005,Dev,R3343,164.3,213.9,GBP 45.00,"£7,392.82","₹352,137",Credit
2024-03-03,C002,Aut ,R1718,325.7,422.7,£52.00,"£16,933.89","₹620,938",BILLED
28/11/2024,C011,Noc ,R6259,220.0,269.9,28.00,"£6,160.17","239,179",Credit
14/02/2024,C008,soc ,R4652,59.8,74.4,42.00,"£2,510.44","₹88,807",Billed
2024-03-11,C010,hd ,R5687,222.5,261.3,GBP 22.00,"GBP 4,894.13","₹174,946",draft
"Mar 23, 2024",C011,OFP,R6166,134.9,151.7,16.00,"2,158.80","₹90,261",Draft
2024-04-09,C007,Aut ,R4263,29.0,38.7,52.00,#N/A,"57,028",BILLED
2024-11-12,C009,aut,R5303,35.3,44.0,52.00,"GBP 1,835.22","67,714",Draft
2024.04.27,C005,AUT,R3244,105.6,127.6,£52.00,"£5,489.11","₹200,505",billed
"Oct 23, 2024",C002,HD,R1801,539.5,661.0,GBP 22.00,"11,868.57","₹454,813",Credit
"Nov 12, 2024",C009,noc,R5292,267.6,329.8,£28.00,"7,493.20","₹278,435",draft
2024-02-08,C008,Dev,R4656,74.1,96.7,45.00,"£3,333.93","₹154,597",Credit
2024.07.27,C002, HD,R1761,471.2,553.3,22.00,"10,366.88","377,594",BILLED
"May 13, 2024",C007,aut,R4278,42.8,52.0,£52.00,#N/A,"₹82,067",BILLED
03/05/2024,C003,hd ,R2243,638.8,773.0,£22.00,"(£4,215.85)","₹505,036",Draft
2024-02-12,C004,Noc ,R2696,455.7,544.8,,"£12,760.03","494,346",Credit
"Jul 6, 2024",C012,Dev,R6679,16.3,20.9,£45.00,#N/A,"₹33,113",Draft
"Jul 18, 2024",C011,noc,R6209,188.5,220.8,28.00,"5,278.05","₹207,253",Credit
"Mar 5, 2024",C007,aut,R4244,49.8,62.0,£52.00,"2,590.94","93,215",credit
09/12/2024,C002,Soc,R1835,219.8,283.4,42.00,error,"330,906",BILLED
"Jul 24, 2024",C006,Noc ,R3793,146.6,182.4,28.00,"GBP 4,105.00","₹155,961",Credit
2024.04.10,C999,noc,R3748,243.8,305.3,£28.00,"6,826.23","264,936",BILLED
2024-05-03,C009,Noc ,R5209,452.2,551.9,£28.00,"£12,661.30","₹493,477",credit
"Feb 8, 2024",C010,AUT,R5679,7.4,9.2,GBP 52.00,GBP 384.80,"₹14,011",Draft
06/05/2024,C008,Dev,R4700,NA,155.7,45.00,"£5,571.45","253,066",Credit
"Feb 2, 2024",C004,Aut ,R2705,114.5,145.5,52.00,"5,956.39","₹210,645",Billed
2024-03-09,C010,Aut ,R5695,7.6,9.6,52.00,£395.76,"14,037",Billed
2024.05.05,C007,CLD,R4273,73.7,94.9,£48.00,"3,538.11","141,835",Credit
2024.07.08,C005,cld,R3289,103.4,130.6,£48.00,"4,963.86","200,790",credit
2024.02.11,C010,cld,R5674,30.1,39.1,48.00,"£1,443.73","58,675",billed
2024-11-24,C004,AUT,R2836,92.5,119.4,52.00,"4,810.22","₹178,078",Billed
07/10/2024,C011,SOC,R6249,15.3,19.2,£42.00,644.29,"₹22,775",BILLED
2024-02-04,C001,Ofp,R1199,321.8,372.8,£16.00,"GBP 5,148.48","₹216,075",draft
09/12/2024,C006,noc,R3868,149.5,178.8,28.00,"£4,185.24","158,610",BILLED
22/02/2024,C999,SOC,R2697,775.6,942.3,£42.00,"£32,574.23","INR 1,171,644",draft
2024-10-01,C004,soc ,R2810,333.0,417.7,£42.00,"£13,984.04","INR 474,013",billed
05/12/2024,C001,OFP,R1338,242.5,285.5,16.00,"£3,880.45","₹157,235",billed
2024-03-01,C007,Ofp,R4247,258.7,301.8,£16.00,"GBP 4,139.82","₹167,922",Draft
2024-10-15,C008,dev ,R4767,106.0,130.8,£45.00,"4,769.15","INR 223,529",Billed
2024-03-03,C002,DEV,R1715,121.8,157.0,45.00,"5,478.87","₹253,755",BILLED
"Oct 13, 2024",C008,CLD,R4766,216.0,277.9,£48.00,"£10,369.87","INR 408,002",Billed
2024-12-17,C003,ofp ,R2345,232.1,260.0,GBP 16.00,"GBP 3,713.67","152,342",draft
"Jan 13, 2024",C008,Cld ,R4639,91.8,114.7,£48.00,"4,407.78","₹174,844",draft
"May 12, 2024",C004,SOC,R2745,710.0,891.8,£42.00,"29,820.92","₹1,053,315",Draft
04/03/2024,C012,CLD,R6631,27.3,36.0,£48.00,"£1,312.72","₹52,483",Credit
"Jul 22, 2024",C011,CLD,R6211,29.6,36.4,£48.00,"£1,421.88","₹55,993",Billed
"Nov 1, 2024",C007,OFP,R4361,291.6,347.1,£16.00,"£4,666.34","191,633",Billed
2024-06-18,C007,Dev,R4292,73.9,95.4,GBP 45.00,"£3,324.64","155,416",BILLED
2024-03-15,C010,noc,R5688,161.0,186.3,28.00,"4,508.20","INR 169,657",Credit
"Feb 19, 2024",C011,OFP,R6155,202.8,236.4,16.00,"£3,244.65","INR 132,609",credit
2024.07.07,C007,CLD,R4301,68.5,87.1,48.00,"3,288.07","129,254",draft
2024.07.17,C009,Cld ,R5240,65.2,80.1,£48.00,"£3,128.10","126,816",credit
"Nov 7, 2024",C011,Soc,R6261,22.0,26.4,£42.00,923.02,"31,433",Credit
06/02/2024,C009,cld,R5175,86.4,110.0,48.00,"£4,147.46","166,859",Billed
2024-01-21,C002,soc ,R1681,204.4,264.6,£42.00,"£8,586.82","291,370",BILLED
"Jan 19, 2024",C010,noc,R5660,57.4,68.4,28.00,"£1,607.53","61,067",Credit
"Mar 23, 2024",C007,Ofp,R4246,198.0,230.9,£16.00,"£3,167.36","128,549",credit
"Jun 27, 2024",C006,noc,R3778,210.4,261.9,28.00,"5,890.73","232,507",Credit
"Apr 10, 2024",C003,hd ,R2229,1027.2,1236.3,22.00,"22,599.40","₹801,457",Draft
2024-10-10,C006,Noc ,R3836,151.6,176.1,£28.00,"GBP 4,244.71","₹164,551",billed
2024-06-08,C008,Aut ,R4716,25.1,31.8,£52.00,"£1,306.92","47,390",billed
2024.10.07,C003,Aut ,R2316,88.5,114.3,£52.00,"£4,603.44","₹177,929",Draft
"Jul 9, 2024",C005,aut,R3293,105.5,125.3,52.00,"5,483.48","₹201,068",BILLED
2024-02-12,C010,soc ,R5673,42.5,53.3,£42.00,"1,784.33","60,892",Draft
"Jul 22, 2024",C011,CLD,R6211,29.6,36.4,£48.00,"£1,421.88","₹55,993",Billed
"Apr 13, 2024",C009,Aut ,R5203,38.9,48.5,52.00,"2,021.86","74,094",BILLED
"Mar 21, 2024",C007,Hd,R4233,279.6,323.9,22.00,"6,150.66","224,606",Draft
25/12/2024,C003,dev ,R2341,192.6,261.8,45.00,"8,667.46","401,455",Draft
2024-06-27,C011,DEV,R6202,65.3,82.6,£45.00,"2,936.46","135,150",draft
23/05/2024,C005,HD,R3248,437.9,522.4,£22.00,"£9,633.75","₹353,669",Billed
20/11/2024,C001,Hd,R1313,1194.1,1402.5,£22.00,"£26,270.72","₹942,179",credit
"Oct 6, 2024",C001,HD,R1299,2469.4,2853.8,22.00,"£54,327.50","₹2,008,947",BILLED
2024-01-21,C004,ofp ,R2692,240.2,276.3,16.00,,"₹159,621",BILLED
2024.04.09,C012,noc,R6641,82.7,98.5,£28.00,"£2,315.30","₹91,483",BILLED
2024-06-02,C001,OFP,R1257,243.3,290.7,£16.00,"£3,892.18","₹159,411",credit
2024-10-23,C007,CLD,R4345,79.8,103.8,£48.00,"3,828.50","₹151,349",credit
2024-05-25,C004, HD,R2741,680.1,768.5,22.00,"14,962.93","INR 568,321",billed
2024.10.10,C002,noc,R1804,1061.8,1233.0,£28.00,"29,730.95","INR 1,127,222",billed
"Aug 16, 2024",C011,CLD,R6226,26.7,33.2,48.00,"£1,280.62","₹49,321",Billed
2024.11.25,C003,Aut ,R2329,166.2,209.4,£52.00,"8,642.04","324,525",BILLED
"Aug 27, 2024",C005,DEV,R3302,280.2,367.2,£45.00,"£12,610.89","₹573,874",Billed
2024.09.10,C004,noc,R2795,349.1,422.3,£28.00,"GBP 9,773.98","₹369,630",BILLED
2024.05.21,C005,Soc,R3252,236.5,303.6,£42.00,"£9,932.84","INR 344,005",Credit
"Oct 7, 2024",C005,Aut ,R3335,45.8,56.4,£52.00,"£2,381.10","₹86,627",Draft
18/11/2024,C008,hd ,R4774,420.3,515.3,GBP 22.00,"9,246.46","338,363",billed
"Apr 28, 2024",C006, HD,R3746,428.5,487.2,GBP 22.00,"£9,427.56","343,414",Draft
13/01/2024,C005,noc,R3194,155.0,188.9,28.00,"4,339.96","₹166,454",Billed
2024-03-03,C012,Soc,R6630,9.8,12.3,42.00,410.28,"INR 14,233",billed
2024-05-07,C004,Noc ,R2743,445.6,535.6,£28.00,"12,476.02","476,451",draft
2024-06-11,C003,CLD,R2262,246.3,313.5,£48.00,"£11,821.68","₹464,716",Billed
"Dec 1, 2024",C012,Ofp,R6744,169.5,207.0,£16.00,"£2,711.43","₹112,143",draft
2024-03-21,C006,NOC,R3731,210.1,261.8,£28.00,"5,883.93","INR 220,213",billed
2024-09-02,C010,Aut ,R5773,10.7,12.7,£52.00,£558.48,"20,647",Draft
2024.08.07,C009,noc,R5254,126.0,160.6,,"£3,528.74","₹133,277",Credit
22/02/2024,C004,Cld ,R2698,181.4,231.5,48.00,"£8,708.96","354,850",BILLED
"Jan 25, 2024",C012,ofp ,R6610,217.7,250.4,16.00,"3,482.83","144,011",Credit
2024-10-01,C004,Ofp,R2822,447.9,510.6,£16.00,"£7,166.82","₹285,090",Draft
2024-10-22,C005,cld,R3330,113.9,140.4,48.00,"5,468.20","₹219,176",Credit
27/04/2024,C999,Dev,R6646,26.3,33.7,£45.00,"1,183.19","₹54,121",BILLED
2024-09-15,C010,hd ,R5763,230.7,268.0,£22.00,"£5,075.32","₹187,733",credit
28/02/2024,C005,Cld ,R3215,127.2,162.8,null,"£6,103.28","246,789",Credit
2024.03.06,C005,NOC,R3226,163.4,199.5,£28.00,"4,573.92","₹179,089",Draft
2024.08.16,C001,Dev,R1281,169.0,217.7,GBP 45.00,"£7,606.90","₹358,895",credit
"May 18, 2024",C011,cld,R6189,21.5,28.0,£48.00,"1,032.40","₹40,129",BILLED
17/10/2024,C012,ofp ,R6721,154.9,179.8,16.00,"2,478.06","₹103,541",Billed
2024-01-19,C005,OFP,R3208,292.4,337.8,GBP 16.00,"£4,678.77","191,832",Credit
"Aug 2, 2024",C012,Soc,R6688,14.3,17.8,£42.00,£600.00,"21,795",Billed
2024.08.07,C011,Cld ,R6225,26.4,32.8,£48.00,"GBP 1,265.68","INR 49,225",billed
2024-06-14,C008,NOC,R4711,164.1,202.1,£28.00,"£4,596.11","₹173,250",billed
28/03/2024,C005,Cld ,R3228,235.9,288.4,£48.00,"£11,320.83","456,692",billed
2024-04-24,C003,CLD,R2232,223.5,275.6,£48.00,"10,729.08","427,335",billed
"Aug 15, 2024",C001,aut,R1283,381.9,484.4,£52.00,"£19,860.29","₹736,725",draft
2024-04-25,C006,soc ,R3752,67.0,85.4,£42.00,"£2,815.94","101,170",draft
24/07/2024,C006,CLD,R3796,79.3,101.4,48.00,"3,806.32","₹156,849",Billed
"Jun 15, 2024",C005,HD,R3263,475.2,555.0,£22.00,"10,453.44","INR 375,297",BILLED
04/06/2024,C004,Aut ,R2765,86.2,106.5,£52.00,"£4,481.69","164,634",draft
2024-10-21,C005,Soc,R3328,128.9,158.3,42.00,"£5,413.48","195,542",Credit
2024.06.17,C012,Soc,R6663,11.7,14.8,42.00,£491.78,"17,751",Draft
"Jun 27, 2024",C008,DEV,R4715,274.6,353.4,45.00,#N/A,"₹582,154",Credit
04/06/2024,C005,DEV,R3273,264.2,339.7,£45.00,"GBP 11,887.66","550,741",Billed
2024-03-12,C010,Dev,R5693,24.6,31.6,£45.00,"£1,107.41","50,431",Billed
22/06/2024,C005,OFP,R3278,242.8,280.6,£16.00,"£3,885.28","INR 162,098",draft
2024-11-09,C999,AUT,R2328,159.4,200.9,52.00,"£8,290.64","₹312,112",Draft
"Oct 6, 2024",C002,hd ,R1803,462.8,567.1,£22.00,"10,182.15","₹362,452",BILLED
2024.03.01,C011,HD,R6157,572.9,670.7,22.00,"12,602.98","₹446,523",BILLED
2024-05-09,C011,Cld ,R6188,21.4,27.9,GBP 48.00,"£1,029.06","₹41,846",Draft
"Feb 15, 2024",C010,aut,R5680,7.7,9.5,GBP 52.00,£399.46,"14,694",draft
11/06/2024,C010,SOC,R5725,13.5,16.9,42.00,£567.27,"₹20,013",draft
17/02/2024,C002,DEV,R1699,133.9,169.9,45.00,"6,027.56","₹283,562",Billed
2024-09-09,C012,NOC,R6699,61.0,73.8,£28.00,"1,707.54","63,624",draft
2024-01-16,C003,dev ,R2198,141.4,186.8,£45.00,"6,361.44","₹293,229",Credit
05/06/2024,C007,hd ,R4283,255.8,302.5,22.00,"5,627.05","INR 208,568",BILLED
2024-05-25,C006,OFP,R3776,198.8,225.2,16.00,"3,180.42","INR 133,522",BILLED
"Aug 17, 2024",C999,noc,R6219,57.5,68.4,£28.00,"£1,609.34","₹61,087",billed
2024-12-05,C010,Dev,R5805,18.0,22.2,45.00,808.68,"38,767",Billed
"Nov 28, 2024",C012,Noc ,R6728,48.4,55.4,28.00,"£1,354.67","₹52,625",Draft
2024-05-03,C010,ofp ,R5720,198.5,237.7,£16.00,"£3,175.88","INR 130,631",Draft
"Nov 1, 2024",C999,aut,R3345,69.3,88.8,£52.00,"3,604.07","134,771",draft
28/04/2024,C008,Dev,R4685,244.0,320.3,£45.00,"10,979.15","513,458",credit
10/03/2024,C004,Cld ,R2715,251.2,319.0,£48.00,"12,058.69","INR 494,969",credit
2024-10-28,C010,aut,R5786,10.1,12.6,£52.00,525.50,"19,322",Billed
20/07/2024,C011,dev ,R6214,18.3,23.6,£45.00,£822.53,"38,578",draft
"Jan 10, 2024",C010,soc ,R5663,48.5,59.0,£42.00,"GBP 2,037.73","₹70,638",billed
2024.06.11,C011,NOC,R6198,94.4,114.8,28.00,"£2,642.55","102,982",credit
2024.09.22,C008,Noc ,R4752,178.5,221.6,£28.00,error,"₹184,948",BILLED
2024.07.21,C004,Dev,R2774,145.0,187.6,£45.00,"£6,522.89","₹294,733",Draft
2024-02-02,C008,hd ,R4648,356.9,421.1,22.00,"7,852.85","292,657",Credit
2024-04-11,C011,aut,R6181,5.0,6.0,52.00,258.75,"INR 9,663",billed
2024-10-07,C001,ofp ,R1312,243.9,284.2,£16.00,"3,902.88","₹159,062",Credit
2024-02-26,C003,Dev,R2209,222.9,283.7,GBP 45.00,"10,029.64","₹448,298",billed
2024-07-20,C012,NOC,R6674,47.0,57.5,£28.00,"£1,315.46","49,998",Billed
2024-05-01,C005,Ofp,R3260,163.2,187.6,NA,"2,611.62","₹106,051",draft
28/06/2024,C001,HD,R1244,1068.0,1238.9,22.00,"GBP 23,496.53","878,426",credit
2024-06-02,C012,Cld ,R6666,55.3,71.3,£48.00,"£2,655.02","104,799",draft
15/09/2024,C010,Aut ,R5774,11.3,13.4,52.00,(£176.59),"21,906",BILLED
2024.03.11,C001, HD,R1201,901.7,1065.6,22.00,"19,838.47","₹751,072",billed
2024-12-20,C006,cld,R3872,115.3,144.3,£48.00,"5,532.45","223,535",draft
"Jan 24, 2024",C006,hd ,R3699,383.7,454.9,22.00,"£8,441.98","₹313,119",draft
2024.01.23,C012,NOC,R6603,null,94.1,£28.00,"£2,175.51","₹82,054",BILLED
2024-01-08,C005,soc ,R3199,64.4,77.1,42.00,"2,704.85","₹93,256",Billed
"Jan 16, 2024",C012,soc ,R6605,12.9,16.3,£42.00,543.41,"INR 18,840",Draft
"Dec 12, 2024",C007,CLD,R4370,97.2,122.8,£48.00,"£4,667.58","₹185,791",Billed
"Feb 11, 2024",C001,Cld ,R1194,467.4,609.7,48.00,"£22,434.43","889,756",draft
2024.04.16,C009,soc ,R5198,74.8,90.6,£42.00,"3,141.25","₹112,198",Credit
2024-12-18,C004,noc,R2843,382.9,458.1,£28.00,"10,722.53","₹409,540",credit
"Dec 1, 2024",C999,HD,R2333,503.4,593.5,22.00,"£11,074.32","393,753",draft
2024-12-23,C011,Ofp,R6285,219.9,253.4,GBP 16.00,"£3,518.49","150,414",Billed
2024.09.19,C001,CLD,R1293,172.4,215.5,£48.00,"8,275.42","322,187",draft
"Jan 22, 2024",C007,dev ,R4215,111.3,148.9,£45.00,"£5,008.04","INR 231,295",Draft
2024.12.10,C004,CLD,R2850,324.4,399.7,£48.00,"15,572.49","614,895",draft
28/07/2024,C003,noc,R2272,359.7,423.4,£28.00,"10,071.66","395,477",credit
"Jan 10, 2024",C006,OFP,R3712,212.9,253.8,£16.00,"3,407.05","140,775",billed
19/10/2024,C007,aut,R4348,105.2,133.3,£52.00,"5,468.56","200,107",billed
2024-12-09,C006,soc ,R3869,95.6,121.3,£42.00,"GBP 4,013.42","INR 141,976",billed
07/07/2024,C999,AUT,R3802,39.9,50.6,52.00,"GBP 2,075.06","76,254",credit
2024-01-27,C005,HD,R3191,425.7,489.4,£22.00,"9,365.27","337,106",Draft
22/05/2024,C005,cld,R3253,137.4,176.6,GBP 48.00,"GBP 6,593.98","INR 267,265",Draft
2024-09-16,C004,dev ,R2801,249.3,317.3,GBP 45.00,"£11,219.55","505,551",Draft
2024-01-15,C009,Soc,R5157,48.2,61.4,42.00,(£606.90),"71,799",Draft
05/12/2024,C002,HD,R1831,778.4,899.0,£22.00,"£17,123.70","630,228",billed
2024.10.21,C004,aut,R2819,103.2,125.1,£52.00,"5,365.63","₹201,269",Draft
18/03/2024,C009,CLD,R5184,170.8,219.1,48.00,"8,196.18","327,775",credit
"Mar 9, 2024",C005,Dev,R3230,96.0,125.3,£45.00,"£4,322.22","₹205,412",Draft
2024-04-09,C006,ofp ,R3760,151.2,n/a,16.00,"2,419.35","98,617",Draft
14/10/2024,C007,Hd,R4336,860.0,1004.3,£22.00,"18,920.57","717,948",Billed
01/07/2024,C009,DEV,R5244,72.9,90.8,£45.00,"£3,279.05","INR 157,656",draft
2024-07-08,C001,HD,R1261,539.9,636.1,22.00,"£11,877.09","444,750",credit
2024-10-08,C010, HD,R5779,301.4,355.2,£22.00,"6,631.70","₹245,232",Billed
15/02/2024,C002,CLD,R1695,188.9,235.5,48.00,"£9,065.45","₹372,912",Billed
2024-06-23,C009,cld,R5228,101.1,128.5,£48.00,"£4,854.55","₹191,389",Draft
"Jan 2, 2024",C007,CLD,R4214,210.6,267.4,48.00,"£10,108.88","₹415,904",draft
24/08/2024,C003,Ofp,R2293,152.8,179.8,£16.00,"£2,445.08","₹98,649",Credit
2024.06.28,C005,Ofp,R3279,189.5,219.0,£16.00,"3,032.26","₹122,668",Draft
2024-03-13,C002,Ofp,R1719,219.8,254.8,16.00,"3,516.37","₹144,296",draft
2024.01.22,C999,NOC,R3196,,187.0,GBP 28.00,"4,296.32","157,853",Billed
17/03/2024,C008,OFP,R4675,353.6,415.0,£16.00,"5,657.11","₹236,960",credit
2024.11.22,C012,Hd,R6725,148.3,174.3,£22.00,"3,262.65","₹122,440",billed
2024.06.18,C012,Soc,R6665,11.3,14.2,£42.00,473.46,"₹16,800",Draft
2024-09-21,C001,Ofp,R1298,370.4,419.5,16.00,"GBP 5,926.03","245,838",Billed
24/10/2024,C003,Aut ,R2317,114.5,147.8,£52.00,"5,952.73","211,465",Credit
2024-02-21,C006,OFP,R3724,152.3,171.3,16.00,"£2,437.43","₹99,854",Draft
2024-09-10,C004,HD,R2792,1638.8,1916.9,GBP 22.00,"(£10,816.28)","INR 1,356,198",Billed
2024-11-05,C005,SOC,R3340,330.5,398.1,£42.00,"£13,881.33","₹479,397",credit
2024-02-04,C006,Ofp,R3725,NA,128.8,£16.00,"1,833.33","75,325",Billed
06/03/2024,C002,HD,R1707,567.4,644.1,22.00,"12,482.68","₹471,018",billed
15/03/2024,C007,Hd,R4232,284.3,329.3,£22.00,"6,253.61","₹239,805",credit
2024-07-09,C010,OFP,R5746,134.1,156.6,£16.00,"£2,146.34","INR 87,426",billed
05/05/2024,C003,Soc,R2249,220.2,278.3,42.00,"£9,247.38","329,714",Billed
17/02/2024,C012,cld,R6619,16.5,20.5,£48.00,791.08,"₹30,823",billed
2024-02-05,C007,AUT,R4229,91.1,112.2,52.00,"£4,737.71","₹178,016",Draft
12/03/2024,C003,Hd,R2214,432.9,505.7,£22.00,"£9,524.17","₹360,047",draft
22/05/2024,C002,ofp ,R1747,589.8,671.2,£16.00,"£9,437.16","384,438",draft
2024-08-06,C003,DEV,R2290,160.9,213.3,,"7,241.69","₹349,300",Billed
2024-05-16,C012,NOC,R6651,84.6,101.6,GBP 28.00,(GBP 710.56),"₹88,850",billed
"Apr 19, 2024",C008,HD,R4676,502.0,611.5,GBP 22.00,"£11,044.19","414,465",Draft
2024-08-23,C005,ofp ,R3306,196.0,222.0,£16.00,"£3,135.30","128,754",draft
"Oct 17, 2024",C012,ofp ,R6722,159.5,185.2,GBP 16.00,"2,551.27","103,133",Draft
2024.02.12,C001,HD,R1186,999.1,1159.9,£22.00,"GBP 21,980.14","INR 802,547",credit
2024-04-21,C004,DEV,R2733,213.3,264.2,£45.00,"£9,597.76","₹435,769",BILLED
2024-10-05,C001,OFP,R1310,232.3,270.6,£16.00,"£3,716.09","₹153,845",Billed
2024-08-11,C999,Ofp,R6229,149.5,174.3,16.00,"£2,392.50","₹99,556",billed
13/03/2024,C004,Hd,R2707,1258.4,1510.4,£22.00,"£27,684.33","₹1,070,372",Billed
23/03/2024,C010, HD,R5686,210.8,247.6,22.00,"(1,391.20)","171,198",BILLED
2024.06.02,C003,dev ,R2265,141.6,180.7,45.00,"6,370.50","₹289,431",BILLED
2024.03.07,C005,Ofp,R3234,158.6,184.7,£16.00,"£2,537.61","₹104,048",Draft
2024-03-02,C009,aut,R5188,20.0,25.4,52.00,"1,039.49","39,084",BILLED
2024-06-20,C006,aut,R3787,37.1,46.0,£52.00,"£1,928.74",NA,draft
2024-12-28,C004, HD,R2842,416.1,510.2,22.00,"£9,153.64","328,230",BILLED
21/08/2024,C002,Ofp,R1781,167.8,198.4,£16.00,"2,685.25","₹106,794",draft
28/01/2024,C001,aut,R1182,133.8,170.0,£52.00,n/a,"256,794",Credit
2024-07-21,C009,Ofp,R5248,167.8,194.0,£16.00,"2,684.37","111,126",Credit
2024-11-27,C002,NOC,R1816,488.4,589.4,28.00,"13,675.42","504,877",credit
2024-11-16,C010,Noc ,R5791,166.5,211.0,GBP 28.00,"4,661.34","₹174,803",draft
18/05/2024,C001,Aut ,R1241,440.6,547.1,n/a,"£22,912.33","839,186",Draft
"May 9, 2024",C007,dev ,R4274,97.9,125.8,£45.00,"£4,406.23","₹205,038",Draft
2024-07-27,C005,Ofp,R3295,276.8,325.6,16.00,"£4,429.46","₹184,930",Credit
2024-04-16,C012,Dev,R6647,26.4,33.8,45.00,"1,186.27","55,723",credit
07/06/2024,C008,aut,R4718,19.2,24.3,£52.00,"1,000.58","36,075",Billed
"Sep 9, 2024",C008,Soc,R4754,78.1,95.0,£42.00,"£3,278.33","₹113,959",draft
2024.07.20,C006, HD,R3790,null,356.0,22.00,"£6,503.61","236,359",credit
"Oct 25, 2024",C012,dev ,R6719,18.4,24.1,45.00,£829.19,"₹38,356",Billed
2024-06-22,C006,cld,R3781,135.2,173.4,£48.00,"6,488.96","₹262,413",Draft
2024-12-05,C005,Dev,R3353,120.2,154.7,45.00,"£5,409.15","₹252,850",Draft
"Jan 11, 2024",C010,dev ,R5665,26.7,34.1,£45.00,n/a,"₹55,281",billed
2024-06-12,C004,SOC,R2761,371.5,458.3,£42.00,"£15,603.72","₹542,395",draft
2024-11-28,C011,CLD,R6262,33.9,42.7,£48.00,"£1,625.14","₹64,731",Billed
19/03/2024,C999,CLD,R3737,77.5,94.1,£48.00,"£3,720.17","₹152,915",Draft
2024.02.22,C002,AUT,R1701,98.5,121.5,£52.00,"£5,122.15","186,542",Billed
2024-10-13,C010,Dev,R5785,23.4,30.3,45.00,"1,053.81","49,849",draft
2024-09-14,C008,Ofp,R4761,368.0,427.2,16.00,"5,888.10","₹232,151",credit
18/01/2024,C001,CLD,R1178,153.8,195.1,£48.00,"7,381.79","₹294,313",Billed
"Jan 16, 2024",C010,Hd,R5658,250.6,289.6,22.00,"£5,513.94","204,649",credit
2024-10-08,C003,Cld ,R2313,208.1,260.3,£48.00,"9,990.38","₹398,147",BILLED
2024-02-05,C012,CLD,R6617,16.9,21.0,£48.00,£809.17,"₹32,818",draft
"Oct 9, 2024",C003,CLD,R2311,171.2,214.0,£48.00,"£8,215.80","324,065",Credit
2024-04-04,C009,DEV,R5201,109.7,139.7,45.00,"4,937.75","₹234,619",billed
"May 22, 2024",C003,Aut ,R2255,145.5,188.2,52.00,"7,564.59","₹282,637",BILLED
19/10/2024,C005,Cld ,R3329,110.1,135.8,£48.00,null,"₹216,079",Credit
2024-01-17,C004,SOC,R2683,780.3,980.6,£42.00,"£32,772.14","₹1,183,476",billed
2024-09-18,C002,Ofp,R1799,256.1,303.0,£16.00,"GBP 4,097.54","171,427",draft
"Jan 14, 2024",C001,soc ,R1175,379.7,475.9,42.00,"15,946.06","548,212",billed
2024-04-05,C011,aut,R6180,6.0,7.2,£52.00,£310.47,"11,630",credit
2024-12-07,C999,ofp ,R1336,247.8,291.7,GBP 16.00,"£3,965.23","159,246",draft
2024-09-04,C007,ofp ,R4335,541.0,629.8,£16.00,"8,656.70","354,719",draft
2024-02-05,C004,dev ,R2703,156.5,193.2,£45.00,,"₹330,390",Billed
22/09/2024,C009,SOC,R5266,63.0,77.5,£42.00,"£2,645.30","₹91,248",Credit
2024-07-08,C002,AUT,R1771,115.4,149.5,52.00,"(£1,800.06)","₹217,804",billed
2024.10.03,C012,HD,R6709,184.1,212.7,22.00,"£4,050.55","150,886",Draft
2024-07-18,C010,Cld ,R5741,23.2,29.4,-,"£1,111.35","INR 46,213",credit
"Apr 6, 2024",C008,Soc,R4681,65.1,78.5,£42.00,"£2,734.51","₹93,357",Billed
"Jun 22, 2024",C011,OFP,R6206,136.3,163.1,£16.00,null,"89,594",credit
08/01/2024,C009,Dev,R5163,60.5,79.9,£45.00,"£2,721.91","127,700",BILLED
2024.08.27,C001,CLD,R1277,189.8,237.4,£48.00,#N/A,"₹365,793",draft
2024.10.16,C999,SOC,R3327,152.4,187.3,£42.00,"£6,402.26","226,985",billed
04/01/2024,C009,soc ,R5158,46.2,59.0,42.00,#N/A,"₹64,817",Credit
"Dec 21, 2024",C011,HD,R6273,156.8,194.7,£22.00,"£3,450.21","130,826",credit
01/02/2024,C008,ofp ,R4660,339.7,387.1,£16.00,"5,435.86",-,BILLED
2024-07-23,C009,Noc ,R5237,143.2,177.1,28.00,"£4,009.04","INR 150,841",BILLED
"Sep 3, 2024",C009,cld,R5269,92.0,114.3,GBP 48.00,"4,416.11","182,630",draft
2024-08-10,C006,CLD,R3812,93.0,112.0,48.00,"4,464.37","₹178,096",Draft
2024-11-27,C006, HD,R3850,321.8,376.5,22.00,#REF!,"₹255,963",credit
2024-11-08,C011,AUT,R6265,5.9,7.6,£52.00,307.28,"11,530",billed
2024-03-23,C002,soc ,R1713,272.3,338.1,£42.00,"11,436.87","₹404,627",billed
2024-07-23,C002,aut,R1770,108.2,140.1,£52.00,"£5,624.06","INR 207,869",BILLED
"Nov 24, 2024",C006,DEV,R3857,127.1,160.7,£45.00,"GBP 5,718.82","257,406",Credit
17/06/2024,C006,cld,R3782,151.3,194.1,48.00,"7,263.93","₹307,097",Draft
19/03/2024,C005,Aut ,R3232,47.4,59.8,52.00,"2,462.53","₹93,165",Credit
2024.05.22,C004,AUT,R2753,71.4,89.4,52.00,"£3,711.34","₹134,919",draft
2024-09-25,C008,aut,R4759,27.6,34.5,£52.00,"£1,436.07","₹53,059",credit
13/01/2024,C003,Ofp,R2200,165.0,189.1,£16.00,"£2,639.71","₹106,224",Billed
2024.07.11,C011,dev ,R6215,21.5,27.7,45.00,£968.29,"₹45,103",Credit
06/06/2024,C002,OFP,R1758,194.7,228.3,£16.00,"GBP 3,114.41","129,726",draft
2024-06-07,C004,aut,R2767,85.3,105.3,£52.00,"4,433.07","165,634",credit
2024.08.08,C012,Ofp,R6694,187.2,215.5,£16.00,"£2,995.64","₹124,667",Credit
2024-09-10,C011,ofp ,R6244,158.8,187.8,16.00,"£2,541.09","106,680",Credit
2024-04-03,C005,Ofp,R3247,155.6,176.1,16.00,"£2,489.17","₹100,867",Draft
2024-07-26,C005,Cld ,R3288,,139.4,£48.00,"5,296.40","208,774",billed
05/06/2024,C009,Aut ,R5231,36.0,46.1,GBP 52.00,"£1,873.14","INR 68,503",billed
2024-12-19,C011,soc ,R6277,16.0,20.7,£42.00,£672.71,"23,585",Draft
25/07/2024,C002,HD,R1762,512.9,602.2,£22.00,"£11,282.87","₹415,762",draft
"Apr 21, 2024",C004,NOC,R2726,416.3,514.7,28.00,"(3,497.21)","₹434,316",Billed
"Feb 20, 2024",C005,ofp ,R3218,165.5,193.8,£16.00,"£2,647.69","₹109,116",draft
05/08/2024,C007,dev ,R4316,108.9,139.6,GBP 45.00,"£4,902.73","₹232,983",credit
2024-08-14,C001,Noc ,R1274,799.8,944.1,£28.00,"(6,717.91)","₹837,028",billed
"Mar 8, 2024",C007,SOC,R4237,77.5,98.8,42.00,"3,252.98","₹115,663",draft
2024-06-25,C009, HD,R5224,982.3,1186.7,22.00,"£21,610.72","₹783,652",Credit
2024.09.26,C005,cld,R3314,402.3,499.4,£48.00,"19,308.55","783,514",BILLED
2024.10.13,C002,OFP,R1812,206.3,234.4,GBP 16.00,"£3,300.46","₹135,437",billed
2024.02.13,C001,NOC,R1190,287.3,348.2,28.00,"8,043.58","301,386",Billed
08/11/2024,C010,dev ,R5794,55.9,69.3,45.00,"2,516.94","₹117,338",Credit
02/07/2024,C003, HD,R2270,633.5,767.2,22.00,"£13,936.72","534,510",Billed
06/01/2024,C008,Hd,R4633,298.0,357.5,£22.00,"6,556.72","₹239,402",Draft
2024-08-09,C009,dev ,R5258,99.2,127.2,£45.00,"£4,461.98","207,871",Billed
"Sep 2, 2024",C012,hd ,R6697,173.3,195.5,£22.00,"£3,811.89","135,650",draft
10/03/2024,C004,aut,R2719,73.6,91.7,£52.00,error,"₹142,618",credit
"Feb 8, 2024",C012,dev ,R6622,14.5,19.4,45.00,651.86,"INR 31,065",credit
27/08/2024,C007,AUT,R4319,22.4,28.6,£52.00,"£1,166.29","INR 45,175",draft
2024-10-27,C012,Ofp,R6720,155.9,181.0,16.00,"2,493.65","102,960",credit
13/11/2024,C005,OFP,R3346,363.4,424.1,£16.00,"£5,814.18","₹240,746",BILLED
28/09/2024,C011,SOC,R6237,47.6,58.3,£42.00,"£1,998.97","69,451",BILLED
2024-08-08,C012,Hd,R6682,162.0,195.5,22.00,"3,564.91","130,685",credit
2024.02.20,C007,NOC,R4223,185.5,224.1,GBP 28.00,"£5,194.23","₹196,115",draft
2024-10-23,C011,cld,R6253,33.1,40.8,48.00,(476.45),"62,306",Draft
2024.07.19,C012,Ofp,R6681,195.3,231.3,16.00,"£3,124.83","INR 128,383",draft
2024-01-27,C011,Cld ,R6136,23.7,29.2,£48.00,"£1,138.31","₹45,991",credit
2024-05-18,C009,soc ,R5211,68.5,85.2,42.00,"£2,877.62","₹100,891",credit
2024-11-18,C005,Hd,R3338,1833.5,2162.4,£22.00,"40,336.36","₹1,485,316",Billed
2024-09-10,C012, HD,R6696,143.2,161.5,£22.00,"GBP 3,150.25","117,908",BILLED
2024-09-09,C006,hd ,R3819,330.9,401.4,£22.00,"£7,279.51","277,026",Credit
08/04/2024,C002,ofp ,R1736,182.7,213.7,£16.00,"2,923.49","₹123,452",billed
2024-12-17,C007,HD,R4365,333.2,395.7,£22.00,"£7,330.98","₹256,112",billed
"Oct 20, 2024",C011, HD,R6247,497.3,578.7,22.00,"10,940.45","421,794",billed
16/11/2024,C003,CLD,R2326,276.5,358.9,£48.00,"£13,270.86","₹543,506",Credit
2024-11-11,C005,OFP,R3347,379.3,442.7,£16.00,"6,069.21","240,956",billed
2024.03.16,C005,Noc ,R3225,144.4,176.4,£28.00,"£4,044.34","₹153,439",Credit
2024-04-01,C007,SOC,R4256,60.2,72.4,42.00,-,"89,310",draft
"Jul 26, 2024",C005,Noc ,R3284,179.4,221.9,28.00,"£5,024.14","₹189,631",Draft
"Jan 11, 2024",C010,noc,R5662,58.1,69.2,£28.00,"1,628.05","62,345",credit
2024-12-14,C004,noc,R2844,379.8,454.3,28.00,"10,633.49","407,514",credit
01/11/2024,C999,Noc ,R4351,200.8,245.8,28.00,"£5,622.10","₹219,391",Billed
2024-05-12,C999,Ofp,R2257,393.2,448.9,£16.00,"£6,291.70","266,964",credit
2024-04-19,C008,CLD,R4684,111.4,140.3,£48.00,"5,345.75","209,640",BILLED
2024-02-28,C001,DEV,R1195,234.3,293.2,£45.00,"£10,541.32","₹477,453",draft
2024-09-10,C006,HD,R3820,336.8,408.6,22.00,"£7,408.51","₹263,814",Credit
24/03/2024,C011,DEV,R6162,66.2,86.8,GBP 45.00,"£2,980.54","₹137,592",draft
"Mar 17, 2024",C012,Noc ,R6626,53.7,65.7,£28.00,"£1,504.19","₹57,529",Credit
2024-05-28,C003,AUT,R2256,111.1,143.8,£52.00,"5,777.64","209,898",Billed
2024-01-09,C007,Noc ,R4212,145.9,177.9,£28.00,"£4,086.24","160,049",Credit
"Sep 23, 2024",C002,cld,R1791,210.2,276.4,£48.00,"10,087.51","₹405,062",draft
2024-04-26,C009,OFP,R5206,140.1,166.9,GBP 16.00,"£2,240.89","₹91,703",Draft
2024.08.11,C012,Cld ,R6691,15.8,19.6,GBP 48.00,756.69,"₹30,356",Draft
"Oct 19, 2024",C001,CLD,R1305,270.6,343.1,48.00,"£12,989.20","504,366",billed
26/08/2024,C010,dev ,R5757,23.3,30.3,£45.00,"1,049.23","46,947",BILLED
18/08/2024,C011,Noc ,R6220,63.6,75.7,28.00,"£1,780.69","₹69,282",billed
2024.03.18,C002,soc ,R1712,225.6,280.1,42.00,"£9,475.29","336,969",BILLED
2024-04-04,C002,aut,R1733,119.0,149.4,52.00,"6,190.17","₹234,013",Billed
"Dec 23, 2024",C007,Cld ,R4371,115.9,146.3,£48.00,"5,561.93",,credit
2024-09-10,C010,Ofp,R5776,null,176.0,£16.00,"2,354.83","₹97,207",billed
"Jun 4, 2024",C001,NOC,R1246,1029.1,1214.3,£28.00,"£28,815.50","1,101,590",Draft
"Nov 3, 2024",C003,Soc,R2323,337.2,417.3,£42.00,"£14,160.90","₹485,595",credit
2024-07-11,C010,hd ,R5735,363.0,436.8,£22.00,"£7,985.92","₹310,773",Credit
2024-03-15,C008,SOC,R4666,64.8,83.0,£42.00,,"₹95,046",Billed
"Jan 26, 2024",C010,ofp ,R5669,445.1,527.1,£16.00,"£7,121.75",,Billed
2024-01-18,C003,Noc ,R2191,433.2,525.4,£28.00,"12,129.72","₹452,283",draft
"Jun 1, 2024",C008,OFP,R4720,119.9,143.0,16.00,"1,918.80","₹78,580",Draft
2024-03-16,C999,OFP,R3744,145.7,167.9,16.00,"£2,331.99","97,471",Credit
16/02/2024,C003,ofp ,R2213,189.6,222.0,16.00,"£3,033.59","123,541",billed
2024-09-07,C011,DEV,R6242,21.8,27.4,£45.00,£982.68,"₹45,653",Billed
2024-11-09,C004,aut,R2837,108.2,139.6,£52.00,"£5,624.09",null,Billed
2024.03.23,C012,DEV,R6635,18.9,23.6,45.00,850.61,"₹39,766",credit
21/10/2024,C001,Soc,R1301,295.4,372.1,NA,"£12,408.74","₹438,673",Draft
2024-07-07,C011,soc ,R6210,43.4,55.8,£42.00,"£1,821.13","₹63,338",BILLED
"Nov 10, 2024",C009,ofp ,R5305,239.2,266.1,£16.00,"3,827.75","155,694",Draft
2024.01.16,C003,hd ,R2190,969.5,1154.0,£22.00,"£21,328.23","776,966",Billed
2024-12-27,C008,CLD,R4793,186.6,239.1,GBP 48.00,"£8,957.62","347,793",Draft
"Aug 15, 2024",C012,Cld ,R6692,17.2,21.4,48.00,error,"33,361",BILLED
2024-05-25,C006,Aut ,R3774,37.1,48.2,£52.00,"£1,930.30","INR 70,482",Billed
"Jul 17, 2024",C001,OFP,R1272,338.5,391.9,£16.00,"GBP 5,415.63","212,330",Billed
2024.08.14,C004,soc ,R2784,236.5,307.7,42.00,"9,932.79","₹348,511",credit
18/06/2024,C002,Aut ,R1757,188.4,237.3,£52.00,"GBP 9,798.43","366,338",Draft
2024-06-01,C007,dev ,R4290,84.6,109.3,£45.00,"GBP 3,807.34","₹179,040",Credit
2024-03-12,C008,soc ,R4667,70.6,90.4,42.00,"£2,963.15","₹106,560",Credit
"Jan 28, 2024",C007,Hd,R4209,469.6,552.1,£22.00,"£10,332.19","373,273",Credit
2024-07-22,C008,cld,R4726,100.4,129.5,48.00,"£4,820.34","₹191,180",Billed
"Feb 17, 2024",C012,soc ,R6614,9.1,11.9,£42.00,382.82,"12,890",Draft
2024-12-04,C007,dev ,R4372,219.9,281.8,,"£9,893.74","₹472,915",Billed
2024-05-03,C009,cld,R5215,54.7,68.5,48.00,"£2,623.98","₹108,838",Credit
2024.11.18,C009,HD,R5289,337.7,385.1,£22.00,"£7,430.02","₹280,174",billed
"Feb 15, 2024",C003,noc,R2203,372.5,456.8,£28.00,"£10,429.54","398,688",credit
2024-01-22,C007,HD,R4208,412.5,484.9,22.00,"9,075.53","338,133",billed
"Aug 15, 2024",C006,noc,R3807,240.4,291.0,28.00,"6,732.29","₹267,392",Draft
18/09/2024,C012,SOC,R6703,11.7,14.4,£42.00,£489.37,"INR 16,841",credit
"Apr 4, 2024",C007,dev ,R4258,101.0,n/a,45.00,"GBP 4,544.49","₹211,631",Draft
2024-09-21,C010,soc ,R5768,23.8,31.2,£42.00,"1,001.07","35,174",draft
2024-12-02,C006,hd ,R3864,382.1,456.0,22.00,"8,406.70","₹304,959",BILLED
"Jan 15, 2024",C011, HD,R6131,264.5,313.6,£22.00,"£5,817.99","203,666",Billed
2024-09-20,C003,ofp ,R2303,154.0,179.5,16.00,"£2,463.69","₹100,973",BILLED
2024-10-20,C004,Noc ,R2809,627.9,764.4,£28.00,"£17,580.12","₹662,434",BILLED
2024-03-19,C003,Soc,R2219,304.5,394.7,£42.00,"£12,787.24","₹454,957",Credit
2024-07-17,C008,AUT,R4730,64.7,78.7,52.00,"3,366.19","₹121,421",billed
2024.06.08,C010,aut,R5732,10.4,13.0,52.00,GBP 541.78,"₹20,734",BILLED
20/03/2024,C002,ofp ,R1721,236.1,273.8,£16.00,"£3,777.29","155,309",draft
"Jan 22, 2024",C999,Soc,R1680,253.9,328.6,42.00,"£10,664.08","371,761",billed
2024.01.07,C011,soc ,R6134,18.3,23.0,£42.00,£768.14,"₹27,922",billed
2024-02-01,C010,ofp ,R5683,141.9,173.8,£16.00,"£2,269.71","95,137",Draft
24/11/2024,C009,Noc ,R5293,-,333.9,28.00,"7,584.84","₹285,560",Draft
"Sep 19, 2024",C004,CLD,R2798,177.0,230.1,£48.00,"8,493.63","₹347,894",Draft
2024-11-22,C011,aut,R6267,5.9,7.7,52.00,308.89,"₹11,446",credit
2024.01.27,C003,OFP,R2201,184.8,211.8,£16.00,"£2,956.89","₹123,691",credit
2024.03.02,C009,Aut ,R5190,26.5,33.6,52.00,"1,376.93","₹50,768",billed
03/09/2024,C004,CLD,R2797,205.6,267.4,GBP 48.00,"£9,869.95","₹395,550",BILLED
"Jul 27, 2024",C008,noc,R4723,386.5,457.4,£28.00,"£10,822.44","405,991",Billed
2024-02-10,C009,ofp ,R5180,133.3,152.5,£16.00,"£2,133.38","₹88,217",credit
21/03/2024,C002,hd ,R1708,476.4,540.8,£22.00,"£10,480.53","381,244",credit
2024.02.23,C006,DEV,R3720,88.2,109.3,£45.00,"£3,968.79","187,691",Billed
2024-12-25,C005,NOC,R3349,582.1,693.5,28.00,"16,298.22","₹612,784",BILLED
"Feb 17, 2024",C003,aut,R2210,134.9,172.5,£52.00,"£7,013.52","257,856",credit
03/02/2024,C007,ofp ,R4231,249.5,291.4,GBP 16.00,"3,992.26","₹165,043",credit
2024.06.24,C008,Hd,R4708,581.6,n/a,£22.00,"£12,794.19","478,474",BILLED
"Jul 13, 2024",C008,Hd,R4722,903.4,1034.6,£22.00,"£19,874.63","742,403",Credit
13/03/2024,C006, HD,R3729,251.8,292.0,22.00,"£5,538.82","₹206,839",Draft
"Feb 11, 2024",C002,ofp ,R1705,207.1,243.0,£16.00,"3,314.09","₹136,816",billed
2024.05.25,C006,Ofp,R3775,207.0,234.5,16.00,"£3,311.58","133,633",credit
"Mar 4, 2024",C006,DEV,R3738,92.5,123.4,£45.00,"4,161.26","₹193,665",BILLED
2024-08-04,C008,aut,R4746,33.1,39.0,£52.00,"1,719.43","64,441",BILLED
2024.05.09,C011,Noc ,R6185,168.9,205.2,£28.00,"£4,729.01","₹174,195",Credit
2024-02-22,C010,aut,R5681,7.3,9.0,£52.00,£377.12,"14,313",draft
19/12/2024,C012,Dev,R6743,15.4,19.7,£45.00,£691.65,"₹31,381",billed
05/01/2024,C006,Noc ,R3702,211.3,257.5,£28.00,"(£1,774.82)","₹221,821",credit
2024-07-06,C008,SOC,R4724,72.3,91.8,42.00,"£3,037.94","108,344",billed
"Aug 21, 2024",C009,AUT,R5262,27.4,34.6,£52.00,"£1,424.74","INR 52,989",Draft
2024-12-11,C010,Cld ,R5804,28.5,35.6,48.00,"£1,368.56","57,045",billed
"Oct 28, 2024",C009,CLD,R5282,125.7,155.3,48.00,"£6,032.30","247,153",billed
01/03/2024,C009,NOC,R5182,416.3,490.0,28.00,"11,655.73","INR 439,120",Credit
"Aug 21, 2024",C008,Dev,R4744,280.4,341.0,£45.00,"£12,616.21","565,909",BILLED
2024-11-25,C008,Soc,R4779,146.2,178.0,£42.00,"6,141.58","₹214,054",draft
"Jul 18, 2024",C001,AUT,R1268,-,139.6,£52.00,"5,922.78","₹217,933",Billed
"Jan 17, 2024",C006,ofp ,R3711,217.4,259.1,GBP 16.00,"£3,478.95","₹144,295",draft
06/12/2024,C012,NOC,R6738,77.6,88.9,28.00,"£2,174.10","83,144",Draft
2024-06-23,C010,ofp ,R5734,373.7,441.4,£16.00,"£5,979.01","241,612",Credit
14/12/2024,C004,AUT,R2854,125.6,157.2,£52.00,"£6,531.74","₹239,770",draft
09/05/2024,C003,Dev,R2254,493.9,607.1,£45.00,"£22,223.63","1,082,994",Billed
12/03/2024,C003,Hd,R2214,432.9,505.7,£22.00,"£9,524.17","₹360,047",draft
2024.02.02,C009,SOC,R5172,43.3,53.4,42.00,"£1,819.29","65,320",Draft
2024-12-05,C002,NOC,R1833,294.7,353.8,28.00,"£8,250.87","INR 308,580",billed
"Sep 10, 2024",C012,ofp ,R6707,255.6,303.9,£16.00,"£4,090.31","₹170,264",billed
"Sep 5, 2024",C011,Noc ,R6234,62.7,76.2,28.00,#N/A,"INR 66,319",Billed
"Sep 6, 2024",C007,hd ,R4322,453.0,559.6,22.00,"£9,966.30","363,213",Credit
"Aug 4, 2024",C999,Aut ,R3815,36.7,45.5,£52.00,"£1,907.72","₹70,406",billed
26/10/2024,C010,DEV,R5784,22.4,29.0,45.00,"1,006.99","48,325",billed
2024-04-23,C005,SOC,R3240,104.8,133.1,-,"£4,400.67","151,258",Credit
"Jun 26, 2024",C005,NOC,R3267,204.6,257.4,28.00,"£5,727.46","₹218,214",draft
"Jun 3, 2024",C003,Aut ,R2267,118.9,153.0,£52.00,"£6,181.04","236,381",Draft
2024.11.12,C009,CLD,R5297,116.8,148.9,48.00,"5,605.61","₹230,419",Credit
2024-08-28,C012,cld,R6690,17.9,22.3,48.00,859.81,"35,008",Draft
2024-04-05,C006,Ofp,R3761,132.3,155.9,£16.00,"£2,117.37","86,278",Billed
15/01/2024,C011,Cld ,R6137,26.1,32.1,£48.00,"GBP 1,251.41","INR 50,663",credit
"Jun 20, 2024",C010,NOC,R5724,148.1,177.2,£28.00,"GBP 4,146.43","₹160,299",BILLED
13/11/2024,C002,ofp ,R1828,262.9,307.6,£16.00,null,"₹177,447",billed
24/05/2024,C006,SOC,R3766,66.9,84.5,£42.00,"£2,810.25","99,040",credit
17/11/2024,C010, HD,R5790,410.8,,£22.00,"£9,037.48","₹326,993",credit
27/07/2024,C005,dev ,R3292,103.8,128.2,45.00,"4,670.08","₹207,781",Draft
2024-11-14,C004,cld,R2831,323.9,411.0,£48.00,"£15,548.59","635,736",draft
14/09/2024,C011,OFP,R6245,128.8,152.3,£16.00,"GBP 2,060.84","86,176",credit
2024.03.03,C008,noc,R4665,224.0,272.4,£28.00,"£6,272.21","240,227",Billed
17/04/2024,C011,HD,R6169,292.5,345.6,£22.00,"£6,435.15","INR 242,542",BILLED
20/07/2024,C010,Dev,R5743,47.3,63.6,£45.00,"2,130.31","99,742",Draft
2024.01.04,C008,Noc ,R4636,233.8,281.7,£28.00,"6,545.20","₹248,879",BILLED
2024-06-28,C007,SOC,R4287,83.9,108.0,£42.00,"£3,524.77","121,528",credit
04/09/2024,C004,cld,R2799,189.8,246.9,GBP 48.00,"GBP 9,111.04","₹361,744",Credit
22/11/2024,C001,AUT,R1323,n/a,164.0,£52.00,"£6,670.92","₹251,867",Billed
2024.09.16,C012,SOC,R6701,9.0,11.1,£42.00,375.92,"₹13,019",draft
"Apr 19, 2024",C008,Noc ,R4680,150.6,177.0,28.00,"£4,216.51","161,772",credit
2024-07-15,C009,Ofp,R5249,138.7,160.4,16.00,"£2,219.51","92,301",credit
2024-03-03,C007,Soc,R4238,86.6,110.4,42.00,"£3,636.05","₹127,614",Credit
"Jun 23, 2024",C006,Noc ,R3779,191.7,238.6,£28.00,"£5,366.74","₹204,694",Draft
23/11/2024,C001,Cld ,R1320,643.6,826.7,48.00,"30,890.64","1,254,048",Draft
26/05/2024,C006,Dev,R3772,70.9,89.8,45.00,"£3,191.39","149,308",Draft
2024-03-20,C008,noc,R4664,258.0,313.7,£28.00,"£7,223.98","INR 271,766",draft
"Jan 23, 2024",C999,DEV,R1685,155.7,203.5,45.00,"£7,007.08","₹324,822",billed
2024-10-26,C003,SOC,R2310,798.1,1058.6,42.00,"£33,519.38","₹1,186,392",Billed
"Feb 3, 2024",C001,aut,R1197,393.1,493.3,52.00,"£20,440.06","765,921",billed
01/10/2024,C004,HD,R2806,629.5,769.1,22.00,,"489,930",Draft
10/07/2024,C001,Cld ,R1266,598.7,734.3,48.00,"£28,736.43","INR 1,174,837",billed
2024.05.21,C009,ofp ,R5223,141.2,163.8,£16.00,"GBP 2,258.88","95,850",BILLED
05/01/2024,C011,Dev,R6139,31.1,38.5,£45.00,"£1,397.42","₹65,144",Draft
2024-11-16,C007,CLD,R4354,123.1,155.2,£48.00,"£5,910.55","₹235,865",BILLED
2024-01-22,C010,Dev,R5666,24.8,31.7,£45.00,"£1,117.72","₹52,225",credit
"Mar 14, 2024",C012,Dev,R6633,18.6,23.3,£45.00,£839.00,"₹37,485",BILLED
2024-08-21,C006,Noc ,R3808,235.3,284.7,£28.00,"£6,587.70","259,093",billed
2024-08-27,C001,Soc,R1276,360.0,449.4,42.00,"£15,119.96","528,255",draft
2024.08.24,C010,dev ,R5758,26.0,33.8,45.00,"£1,170.69","53,289",Credit
2024-05-01,C010,DEV,R5716,16.6,22.6,45.00,£746.53,"₹34,820",BILLED
"Sep 13, 2024",C010,DEV,R5771,24.5,31.4,45.00,"1,100.35","INR 52,236",BILLED
2024-05-13,C009,dev ,R5217,83.1,108.2,45.00,null,"₹175,489",billed
2024.02.01,C001,Ofp,R1198,322.9,374.1,£16.00,"£5,166.71","₹214,608",Billed
"Mar 25, 2024",C012,DEV,R6634,16.4,20.4,£45.00,£736.02,"₹34,308",BILLED
2024-03-25,C009,soc ,R5183,161.1,199.6,n/a,"6,764.13","240,142",BILLED
16/07/2024,C009,AUT,R5246,42.5,53.5,52.00,"2,209.90","₹80,825",Draft
2024.03.08,C001,Soc,R1205,236.5,305.5,£42.00,"£9,933.53","₹351,612",Billed
2024-01-03,C012,DEV,R6609,54.6,72.0,£45.00,"2,458.29","₹111,110",Draft
17/02/2024,C007,ofp ,R4230,258.8,302.2,£16.00,"£4,140.66","INR 167,570",Draft
2024-02-24,C008,hd ,R4647,372.6,439.5,£22.00,"£8,196.70","299,097",credit
2024-03-16,C012,soc ,R6628,11.6,14.6,42.00,486.65,"17,012",Billed
14/06/2024,C005,cld,R3272,99.8,n/a,GBP 48.00,"£4,789.85","₹193,724",credit
"Nov 13, 2024",C008,Hd,R4773,359.7,441.0,GBP 22.00,"£7,912.49","₹291,093",Draft
2024-11-05,C006,HD,R3848,290.4,339.8,22.00,"£6,389.74","₹240,165",billed
26/10/2024,C010,OFP,R5788,437.4,507.2,£16.00,"£6,998.89","₹287,181",BILLED
23/08/2024,C010,aut,R5760,9.8,12.3,£52.00,510.82,"INR 18,944",BILLED
2024-06-08,C005,hd ,R3264,514.6,601.1,null,"11,321.40","₹430,689",BILLED
05/11/2024,C011,DEV,R6264,72.7,90.6,45.00,"£3,270.85","150,272",draft
"Sep 27, 2024",C010,Noc ,R5767,60.9,71.9,28.00,"£1,704.95","63,763",draft
18/02/2024,C006,noc,R3716,174.4,200.9,£28.00,"£4,884.38","₹186,943",Draft
2024-03-18,C001,Aut ,R1213,207.4,266.5,£52.00,"10,785.22","INR 396,238",credit
12/04/2024,C001,Hd,R1217,665.7,784.1,£22.00,"14,646.01","₹554,677",BILLED
2024-10-13,C004,OFP,R2821,407.9,465.0,16.00,"6,527.20","₹269,533",BILLED
2024-06-18,C005,Aut ,R3275,41.9,53.1,52.00,"£2,178.04","₹83,322",BILLED
"Apr 3, 2024",C001,Noc ,R1220,339.6,412.2,£28.00,"£9,509.26","360,658",Billed
2024.09.21,C007,NOC,R4324,191.6,229.4,28.00,"5,364.43","₹212,174",Draft
2024-04-17,C001,dev ,R1228,510.2,644.6,45.00,"£22,959.54","₹1,060,986",BILLED
"Feb 6, 2024",C009,OFP,R5179,117.3,134.1,£16.00,"1,876.25","75,424",Draft
2024.03.01,C010,OFP,R5697,415.3,496.0,16.00,"£6,645.51","₹267,288",Credit
18/06/2024,C009,NOC,R5225,478.1,563.0,£28.00,"£13,386.26","₹500,261",draft
2024-06-28,C007,Noc ,R4285,220.6,278.0,£28.00,"£6,177.44","233,540",credit
2024-03-17,C004,noc,R2710,360.8,437.0,28.00,n/a,"392,954",draft
10/07/2024,C003,cld,R2276,549.9,701.5,£48.00,"26,395.11","1,103,157",Credit
"Mar 9, 2024",C002,Noc ,R1710,503.6,596.3,28.00,"£14,100.30",-,Credit
2024-03-03,C009,hd ,R5181,770.1,878.8,£22.00,"£16,942.17","₹642,458",billed
10/07/2024,C001,dev ,R1267,547.4,691.4,£45.00,"24,631.56","1,111,788",Draft
"Dec 8, 2024",C002,noc,R1834,363.3,436.2,null,"£10,172.32","₹394,049",credit
12/01/2024,C010,cld,R5664,52.1,67.9,48.00,"£2,500.94","₹99,572",BILLED
"Apr 17, 2024",C006,Aut ,R3758,81.6,99.2,£52.00,"£4,243.71","156,059",billed
"Feb 20, 2024",C009,soc ,R5173,53.6,66.0,£42.00,"2,249.17","₹78,563",Credit
2024-08-28,C006,OFP,R3818,150.3,176.1,£16.00,(£721.32),"₹100,142",Credit
2024.06.05,C010,Hd,R5722,371.2,445.8,£22.00,"8,165.44","₹304,184",Credit
2024-05-25,C010,soc ,R5712,19.3,23.9,42.00,£812.11,"29,317",draft
21/08/2024,C005,soc ,R3300,65.1,82.4,£42.00,"GBP 2,735.70","INR 94,674",Credit
26/03/2024,C002,HD,R1706,467.8,531.0,GBP 22.00,"£10,291.67","364,710",Draft
2024-06-23,C009,cld,R5227,95.6,121.4,48.00,"4,587.98","₹190,842",credit
19/04/2024,C006,DEV,R3757,141.4,178.0,£45.00,"6,363.48","285,151",Draft
02/03/2024,C002,Dev,R1716,130.4,168.2,£45.00,"GBP 5,868.57","₹266,430",BILLED
"Oct 11, 2024",C009,HD,R5276,577.4,688.8,GBP 22.00,"£12,703.60","459,813",BILLED
2024-09-04,C010,NOC,R5766,49.4,58.3,£28.00,"£1,382.71","₹54,360",BILLED
2024-11-17,C003,soc ,R2324,358.4,443.6,42.00,"£15,053.39","₹529,174",Draft
05/10/2024,C002,cld,R1806,571.8,733.3,£48.00,"£27,447.41","₹1,083,724",draft
2024.04.15,C008,HD,R4677,587.4,715.6,null,"£12,923.88","₹481,116",draft
2024.01.28,C004,Cld ,R2684,538.5,670.2,48.00,"25,845.65","₹1,042,593",draft
18/10/2024,C002,hd ,R1802,539.4,660.8,22.00,"£11,866.02","INR 443,860",credit
"Jul 4, 2024",C008,DEV,R4728,122.9,161.1,45.00,"£5,531.78","₹266,788",billed
"Jul 11, 2024",C012,hd ,R6669,150.7,182.9,£22.00,"£3,314.88","INR 123,515",Billed
2024.10.08,C006,SOC,R3837,-,82.0,£42.00,"2,820.94","103,238",Credit
2024-01-11,C004,OFP,R2691,205.3,236.2,£16.00,"3,285.15","130,870",Credit
2024-03-12,C006,Dev,R3740,93.9,125.4,45.00,"4,227.60","₹186,777",Billed
10/07/2024,C006, HD,R3791,278.8,335.7,£22.00,"£6,134.13","230,419",BILLED
07/06/2024,C002,Dev,R1755,418.4,521.9,£45.00,"£18,827.53","874,025",credit
"Jul 2, 2024",C999, HD,R5234,418.1,489.6,22.00,"9,198.44","₹332,268",Credit
"Nov 7, 2024",C012,noc,R6726,59.1,67.7,£28.00,"£1,654.73","61,945",draft
01/02/2024,C002,Dev,R1697,130.7,165.7,£45.00,"£5,879.29","INR 270,515",billed
2024.11.25,C006,noc,R3851,281.0,333.9,£28.00,"GBP 7,869.12","₹288,236",billed
2024-04-18,C009,dev ,R5202,105.7,134.6,£45.00,"£4,758.27","229,943",draft
2024-01-14,C006,noc,R3701,229.9,280.2,GBP 28.00,"£6,438.41","₹238,093",Billed
"Jan 17, 2024",C001,hd ,R1170,1820.8,2183.1,£22.00,"£40,058.58","₹1,486,795",billed
19/10/2024,C009,AUT,R5286,39.9,49.0,£52.00,"£2,072.94",-,BILLED
2024-10-05,C002,SOC,R1805,681.7,840.9,£42.00,"28,632.59","1,006,515",credit
10/05/2024,C002,hd ,R1738,852.9,1009.7,22.00,"£18,762.73","₹723,442",billed
2024-12-04,C001,NOC,R1328,1004.8,1222.8,GBP 28.00,"28,134.97","₹1,072,373",draft
"Sep 14, 2024",C011,AUT,R6243,15.0,18.5,GBP 52.00,£778.28,"₹29,131",BILLED
"Mar 7, 2024",C010, HD,R5685,NA,260.3,GBP 22.00,"4,874.67","₹181,638",Draft
09/03/2024,C006,Soc,R3734,64.4,81.1,GBP 42.00,"£2,704.51","₹93,811",credit
2024.07.19,C005,SOC,R3286,123.9,151.4,42.00,"£5,203.14","₹183,417",Billed
2024-03-06,C008,HD,R4662,349.5,402.6,GBP 22.00,"GBP 7,687.99","284,459",draft
2024.09.10,C004,Soc,R2796,879.9,1138.4,£42.00,"£36,957.14","₹1,290,506",BILLED
"Nov 3, 2024",C012,SOC,R6731,12.1,15.7,42.00,GBP 509.36,"18,219",Billed
"Jan 18, 2024",C005,DEV,R3204,90.0,119.7,£45.00,"£4,047.78","185,678",Billed
2024-12-24,C008,AUT,R4796,26.4,33.7,52.00,"1,372.34","₹51,200",Credit
19/04/2024,C001,Aut ,R1231,134.6,171.3,GBP 52.00,"£6,996.92","259,810",Credit
2024-12-20,C001,aut,R1334,223.5,279.4,52.00,"11,623.79","₹443,712",Billed
"Dec 19, 2024",C006,Dev,R3874,96.0,129.5,45.00,"£4,321.86","₹197,559",Draft
2024-01-26,C001,soc ,R1174,466.2,584.4,null,"19,581.62","676,343",Draft
2024-03-02,C006,OFP,R3745,132.3,152.4,£16.00,"£2,116.35","₹83,282",Credit
2024-06-10,C002,Ofp,R1760,172.9,202.9,16.00,#REF!,"117,747",billed
2024.09.17,C011,Dev,R6241,17.3,21.7,45.00,£779.26,"35,748",billed
"Aug 18, 2024",C006,ofp ,R3816,117.0,137.1,£16.00,"£1,872.42","78,495",billed
"Nov 1, 2024",C999,dev ,R2833,173.2,223.1,£45.00,"£7,792.27","367,927",Draft
2024-08-07,C001,CLD,R1279,195.4,244.4,48.00,"£9,379.69","INR 365,866",Billed
2024.12.07,C005,DEV,R3352,122.4,157.6,45.00,"£5,507.83","259,315",draft
2024-11-13,C007,Noc ,R4352,238.6,292.1,£28.00,"6,681.22","263,637",Credit
"Sep 17, 2024",C009,Soc,R5267,75.0,92.3,£42.00,"3,150.99","₹109,669",draft
01/01/2024,C003,dev ,R2196,164.7,217.7,£45.00,"£7,412.41","337,884",Credit
2024-09-28,C009,Cld ,R5270,102.3,127.1,48.00,"£4,912.36","191,830",Credit
13/05/2024,C011,HD,R6184,268.4,317.3,£22.00,"£5,904.09","222,175",billed
"Jun 12, 2024",C004,ofp ,R2768,308.3,362.5,GBP 16.00,"4,932.27","₹203,722",BILLED
2024-01-21,C011,soc ,R6135,18.2,22.9,£42.00,£763.67,"26,256",Draft
2024.12.28,C008, HD,R4788,352.8,393.4,£22.00,"£7,761.61","291,024",BILLED
2024.08.13,C011,NOC,R6221,63.0,75.0,GBP 28.00,"1,763.78","67,137",Billed
21/03/2024,C010,cld,R5690,25.3,31.2,£48.00,"£1,216.43","₹49,202",Credit
07/08/2024,C003,OFP,R2294,124.2,146.1,£16.00,"£1,986.44","INR 82,091",BILLED
2024-05-17,C001,OFP,R1243,415.9,485.0,£16.00,-,"₹276,582",Draft
2024-01-24,C005,cld,R3202,81.2,100.4,£48.00,"£3,896.85","₹149,843",Billed
2024.02.03,C004,Aut ,R2704,135.4,171.9,£52.00,"£7,040.38","₹269,149",Billed
2024-04-28,C006,Ofp,R3759,126.1,148.6,16.00,"2,018.26","82,142",Billed
2024-02-26,C005,NOC,R3210,167.8,198.0,£28.00,"£4,699.09","₹186,483",Billed
2024-11-19,C002,Cld ,R1821,145.3,180.8,48.00,"6,976.17","₹287,431",billed
27/11/2024,C009,Soc,R5294,111.9,136.2,£42.00,"£4,697.97","₹163,506",Credit
"Feb 2, 2024",C010,Ofp,R5682,132.2,161.9,16.00,"£2,114.67","₹84,492",billed
2024-11-08,C007,Soc,R4353,203.0,259.0,£42.00,"£8,525.50","₹295,340",draft
"Jul 21, 2024",C004,Noc ,R2771,917.9,1115.9,£28.00,"25,701.62","₹978,224",Billed
2024-12-24,C006,Dev,R3876,92.7,124.9,GBP 45.00,"4,169.74","₹194,827",credit
2024.11.26,C009,soc ,R5295,116.4,141.8,£42.00,"£4,890.59","₹170,935",Billed
"Jan 26, 2024",C005,Dev,R3205,100.5,133.7,45.00,"4,521.50","210,442",Billed
"Jan 21, 2024",C005,NOC,R3195,142.0,173.0,£28.00,"GBP 3,974.64","₹152,911",BILLED
2024.07.23,C002,Aut ,R1772,98.2,127.3,52.00,"£5,108.63","197,496",BILLED
16/08/2024,C007,HD,R4311,430.5,514.1,22.00,"9,471.16","353,518",BILLED
2024-10-10,C009,Soc,R5280,59.5,76.4,NA,"£2,500.42","₹85,500",billed
17/02/2024,C007,CLD,R4225,53.5,67.2,48.00,#N/A,"100,960",BILLED
2024.01.28,C007,OFP,R4219,238.2,267.4,£16.00,"3,811.97","151,008",credit
09/08/2024,C006,cld,R3811,94.0,113.2,48.00,"£4,513.92","184,805",BILLED
2024.11.25,C002,soc ,R1818,250.3,314.4,£42.00,"GBP 10,514.49","₹376,717",Draft
21/10/2024,C003,Noc ,R2309,341.4,409.0,28.00,"£9,557.88","₹363,023",BILLED
11/07/2024,C005,OFP,R3294,332.5,391.1,£16.00,"5,319.63","₹222,220",Credit
2024-01-02,C006,aut,R3710,23.7,29.2,52.00,"1,233.28","₹45,192",BILLED
2024-12-26,C011,cld,R6279,27.9,34.3,£48.00,"1,339.31","₹55,253",BILLED
2024-06-27,C003,dev ,R2266,133.4,170.3,£45.00,"6,001.52","276,386",Draft
2024-11-06,C004,Noc ,R2826,312.7,382.9,£28.00,"£8,756.57","₹335,137",draft
"Sep 5, 2024",C006,Noc ,R3822,528.1,641.2,28.00,"14,788.15","561,004",Draft
2024-09-28,C002,AUT,R1797,122.7,158.7,52.00,"£6,379.96","₹227,296",draft
28/02/2024,C002,SOC,R1694,230.9,302.6,£42.00,"£9,699.52","₹346,489",billed
2024-10-27,C006,hd ,R3833,432.3,508.3,NA,"GBP 9,511.51","₹359,151",billed
10/03/2024,C006,HD,R3728,312.0,361.8,22.00,"£6,863.94","₹252,615",credit
2024.12.03,C006,AUT,R3877,45.8,56.6,£52.00,"£2,381.10","₹90,273",billed
2024-07-16,C007,noc,R4299,n/a,422.0,£28.00,"GBP 9,744.50","₹369,427",draft
"May 16, 2024",C008,noc,R4695,162.7,198.2,£28.00,"4,556.82","172,779",Draft
27/02/2024,C008,dev ,R4657,69.6,90.9,45.00,"3,133.43","₹143,151",credit
2024.04.27,C005,Cld ,R3242,263.2,322.3,48.00,"£12,634.22","INR 500,145",billed
25/11/2024,C007,AUT,R4358,35.0,44.1,£52.00,"£1,818.16","₹69,152",Draft
"Nov 5, 2024",C001,Noc ,R1315,600.7,713.2,£28.00,"£16,819.42","₹638,540",billed
17/08/2024,C004,soc ,R2785,237.9,309.5,£42.00,"£9,991.31","₹349,590",Draft
2024.01.20,C012,HD,R6601,544.5,631.8,£22.00,"11,978.54","₹457,250",credit
03/09/2024,C011,HD,R6232,237.2,275.7,22.00,"5,217.73","₹193,319",credit
07/07/2024,C006,noc,R3792,161.2,200.6,£28.00,-,"168,254",BILLED
"Jul 26, 2024",C006,SOC,R3795,222.5,277.8,£42.00,"£9,342.97",n/a,Billed
2024.09.13,C002,AUT,R1798,118.9,153.8,£52.00,"6,184.42","₹233,204",credit
22/08/2024,C003,Dev,R2289,172.1,228.1,45.00,"7,744.22","₹351,156",Draft
2024-12-22,C011,Dev,R6282,17.3,21.9,£45.00,£779.07,"35,531",Billed
01/01/2024,C006,CLD,R3705,89.2,109.1,48.00,"4,279.94","₹169,289",credit
2024.12.04,C009,Aut ,R5314,88.0,111.1,GBP 52.00,"4,576.67","₹164,352",Credit
17/12/2024,C010,Soc,R5801,19.2,23.8,£42.00,806.62,"₹28,996",Credit
"May 24, 2024",C999,Cld ,R1743,421.7,528.1,£48.00,"£20,240.37","INR 812,140",credit
"Mar 17, 2024",C011,CLD,R6160,26.0,33.2,£48.00,"£1,248.08","₹50,390",billed
2024-06-17,C011,Noc ,R6197,83.8,101.9,£28.00,"£2,345.89","87,564",draft
"Jun 23, 2024",C009,OFP,R5232,NA,273.7,16.00,"£3,768.00","₹155,852",Credit
06/04/2024,C012,Ofp,R6648,453.2,535.2,16.00,"£7,251.24","INR 295,667",Credit
26/05/2024,C007,Aut ,R4277,52.8,64.2,£52.00,"£2,744.90","₹98,975",Billed
2024-11-20,C009,aut,R5302,29.1,36.3,£52.00,"£1,514.15","54,968",Credit
19/11/2024,C007,AUT,R4360,33.1,41.7,52.00,"£1,718.98","INR 64,921",Credit
2024-12-14,C001,HD,R1326,1074.2,1302.6,£22.00,"23,632.97","₹868,282",BILLED
01/09/2024,C005,noc,R3309,269.8,324.3,28.00,"7,555.10","292,128",credit
"May 25, 2024",C999,Cld ,R3769,113.3,146.1,£48.00,"5,436.37","INR 226,371",BILLED
"Sep 5, 2024",C010,hd ,R5762,222.5,258.5,£22.00,"4,895.18","₹185,247",Billed
"Feb 1, 2024",C005,Noc ,R3211,140.2,165.4,GBP 28.00,"(£1,177.44)","₹152,242",Draft
2024.09.26,C007,Dev,R4332,99.8,126.8,£45.00,"£4,492.02","₹200,816",BILLED
22/05/2024,C009,soc ,R5212,53.5,66.6,£42.00,"2,248.21","INR 79,892",Billed
2024-06-25,C010,CLD,R5728,64.6,83.2,£48.00,"£3,099.71","₹123,373",Billed
2024.07.13,C012,Dev,R6677,17.0,21.8,45.00,765.68,"₹36,446",Draft
2024-03-08,C005, HD,R3221,365.5,424.3,22.00,"8,042.06","297,422",Billed
2024-12-23,C009,Dev,R5313,229.0,297.3,£45.00,"10,303.82","₹470,535",Billed
2024.02.27,C012,NOC,R6613,150.5,173.8,28.00,"4,214.45","157,486",BILLED
10/04/2024,C004,cld,R2731,190.0,246.9,48.00,"£9,121.95","₹369,892",credit
2024.04.21,C002,soc ,R1728,671.1,832.9,42.00,"28,186.33","₹990,595",Billed
2024-04-23,C009,ofp ,R5207,124.3,148.2,16.00,"1,989.51","₹81,204",credit
"Mar 5, 2024",C010,Cld ,R5691,27.7,34.2,£48.00,"£1,331.75","₹55,454",BILLED
2024.05.23,C003,NOC,R2246,284.3,349.9,28.00,"7,960.84","308,963",credit
03/02/2024,C008,Cld ,R4655,82.8,108.0,48.00,"£3,973.93","164,854",credit
03/08/2024,C005,cld,R3301,363.9,477.3,£48.00,"17,466.46","696,516",Draft
2024-03-19,C004,Soc,R2712,255.2,315.6,£42.00,"10,716.95","₹374,385",credit
"Jul 8, 2024",C006,HD,R3789,228.3,274.9,22.00,"£5,023.08","₹179,244",credit
2024-06-25,C001,Dev,R1252,169.6,213.4,£45.00,"£7,630.53","INR 359,672",draft
2024.07.24,C002,Soc,R1766,710.9,883.8,42.00,"£29,857.94","₹1,023,069",billed
2024.01.14,C008,dev ,R4642,135.0,173.0,£45.00,"6,076.14","₹285,819",BILLED
12/06/2024,C011,AUT,R6203,16.6,21.0,52.00,,"32,478",draft
2024.01.08,C006,HD,R3700,346.4,410.6,£22.00,"GBP 7,619.85","283,015",Draft
2024.09.20,C009,Ofp,R5274,439.4,508.1,£16.00,"£7,030.18","278,453",Credit
16/08/2024,C001, HD,R1273,1889.2,n/a,22.00,error,"₹1,558,524",Draft
"Nov 13, 2024",C010,CLD,R5793,61.5,77.2,£48.00,"£2,951.85","₹117,851",Draft
2024-03-17,C010,aut,R5694,null,8.9,GBP 52.00,368.05,"13,443",Credit
2024-09-16,C005,SOC,R3313,83.9,103.7,42.00,"£3,523.52","125,989",Draft
04/04/2024,C003,AUT,R2239,80.7,98.0,£52.00,#REF!,"153,267",draft
2024-01-10,C009,aut,R5166,37.9,46.7,£52.00,"1,973.00","70,511",Billed
03/10/2024,C005,OFP,R3336,372.4,426.3,16.00,"5,959.13","₹244,801",Credit
26/12/2024,C007,HD,R4363,324.4,385.3,£22.00,"£7,137.59","INR 263,130",Draft
2024-05-17,C008,noc,R4694,149.2,181.7,£28.00,"£4,178.55","₹161,909",Billed
01/12/2024,C010,HD,R5798,764.1,883.7,22.00,"£16,809.83","627,755",Billed
06/03/2024,C011,NOC,R6158,199.5,237.2,28.00,"5,586.46","₹214,872",Credit
"Nov 4, 2024",C009,DEV,R5299,93.8,117.8,£45.00,"£4,222.70","₹190,353",Credit
21/05/2024,C006,soc ,R3765,59.6,75.3,£42.00,"2,504.63","₹87,075",BILLED
12/05/2024,C008, HD,R4692,323.3,378.5,GBP 22.00,"£7,111.71","261,021",draft
2024-03-16,C010,SOC,R5689,49.8,null,42.00,"£2,089.76","76,535",Billed
"Nov 16, 2024",C001,Aut ,R1322,133.2,170.3,52.00,"6,927.21","256,663",Draft
2024-07-06,C011, HD,R6208,229.7,277.5,£22.00,"(1,515.96)","₹186,655",billed
17/01/2024,C001,Ofp,R1183,231.1,256.1,16.00,"£3,697.88","154,395",Credit
2024-08-13,C007,SOC,R4313,77.1,94.9,42.00,"£3,236.32","111,228",credit
2024-08-12,C012,noc,R6686,40.9,null,28.00,"1,145.85",null,BILLED
2024-07-26,C010,soc ,R5739,11.6,14.2,£42.00,486.17,"INR 17,076",draft
13/03/2024,C003,OFP,R2228,453.7,510.4,£16.00,"£7,259.04","305,162",Billed
2024-12-19,C004,SOC,R2848,266.7,333.2,GBP 42.00,"11,200.15","INR 395,333",credit
2024-08-26,C012,Hd,R6683,133.1,160.5,22.00,"£2,927.15","₹108,687",BILLED
"Dec 2, 2024",C001,CLD,R1331,188.9,244.5,48.00,"£9,068.16","INR 359,827",Credit
2024-04-28,C002,ofp ,R1735,213.2,249.3,£16.00,"£3,411.28","141,948",draft
2024-02-18,C003,cld,R2207,490.5,638.0,£48.00,#N/A,"963,611",draft
2024-12-18,C012,ofp ,R6746,136.9,167.3,16.00,"£2,190.54","90,235",Billed
2024-02-22,C009,dev ,R5176,187.9,253.1,£45.00,"8,455.04","₹404,440",Credit
19/08/2024,C005,soc ,R3299,83.4,105.6,£42.00,"£3,503.50","₹124,126",credit
2024-07-21,C007,DEV,R4304,101.7,135.1,£45.00,"£4,574.86","₹211,792",Billed
"Apr 21, 2024",C001,hd ,R1218,710.2,836.4,£22.00,"15,623.76","₹588,339",BILLED
2024.03.15,C005,NOC,R3224,152.6,186.4,28.00,"4,274.08","₹162,465",Credit
2024-08-19,C007,Cld ,R4315,226.1,286.2,£48.00,"GBP 10,852.48","₹435,422",BILLED
2024.07.25,C001,HD,R1259,693.2,816.8,£22.00,"GBP 15,250.23","₹561,685",credit
2024-10-25,C006,CLD,R3842,97.8,122.2,48.00,"£4,695.11","₹193,258",BILLED
25/06/2024,C002,soc ,R1752,241.6,304.5,42.00,"£10,149.27","348,522",BILLED
12/12/2024,C005,dev ,R3354,112.2,144.4,£45.00,"£5,049.26","229,499",Billed
2024-11-01,C010,SOC,R5792,44.1,57.8,null,"1,852.84","₹64,526",Draft
01/09/2024,C007,CLD,R4328,75.7,98.6,£48.00,"£3,633.75","148,268",credit
28/04/2024,C004,Ofp,R2740,210.7,249.9,£16.00,"£3,371.67","₹141,250",Billed
"Feb 18, 2024",C003,OFP,R2212,n/a,221.4,16.00,"£3,025.99","124,247",credit
21/12/2024,C003,ofp ,R2346,234.0,262.1,16.00,"£3,743.46","₹154,379",BILLED
"Aug 26, 2024",C007,NOC,R4312,413.9,482.9,28.00,"£11,589.04","₹427,157",BILLED
"Sep 13, 2024",C012,Soc,R6702,9.6,11.8,42.00,£401.64,"₹14,021",billed
2024-05-06,C009,OFP,R5221,158.0,183.4,GBP 16.00,"2,528.63","₹103,074",billed
2024-02-22,C003,soc ,R2205,254.2,315.0,42.00,"£10,675.44","380,973",Billed
2024.08.22,C003,cld,R2287,281.9,355.7,£48.00,"£13,530.73","536,763",Credit
"Nov 26, 2024",C006,aut,R3859,46.6,59.5,£52.00,"2,424.66","₹88,890",Billed
27/06/2024,C007,aut,R4295,29.1,37.6,52.00,"1,515.71","₹55,619",credit
"Feb 11, 2024",C007,DEV,R4228,217.2,286.8,45.00,"£9,773.71","₹452,678",Credit
2024.06.16,C005,Soc,R3269,110.6,141.4,£42.00,"£4,643.34","157,255",Billed
2024-10-14,C006,Noc ,R3835,169.9,197.3,£28.00,"GBP 4,756.58","₹175,209",Draft
"Jan 16, 2024",C011,Ofp,R6141,474.3,561.2,16.00,"7,588.89","321,684",Draft
2024-02-20,C001,Dev,R1196,251.6,314.9,£45.00,"11,321.02","524,906",Draft
19/12/2024,C005,Cld ,R3351,403.5,517.4,GBP 48.00,"19,368.77","744,634",credit
08/03/2024,C011,CLD,R6161,29.3,37.4,£48.00,"1,407.36","55,326",Draft
2024-05-01,C008,HD,R4690,332.1,388.9,£22.00,"£7,306.80","₹264,199",draft
01/06/2024,C007,soc ,R4286,102.9,132.4,£42.00,"£4,320.82","₹151,269",draft
2024.02.16,C008,Noc ,R4651,247.4,296.9,28.00,"6,927.60","₹256,646",draft
2024-05-09,C999,cld,R3254,146.1,187.9,48.00,"£7,014.83","₹278,026",Billed
"Sep 14, 2024",C010, HD,R5764,-,252.4,£22.00,"£4,780.15","₹173,742",BILLED
"Jun 1, 2024",C008,OFP,R4721,122.0,NA,£16.00,"£1,951.94","₹82,973",BILLED
2024-04-20,C012,soc ,R6643,15.5,20.5,42.00,652.42,"₹22,890",Credit
2024-10-22,C008,Aut ,R4771,34.7,45.2,GBP 52.00,"£1,803.02","66,955",BILLED
13/11/2024,C011,CLD,R6263,30.5,38.5,48.00,"1,465.80","59,888",BILLED
2024-04-23,C004,SOC,R2728,238.9,305.3,£42.00,"£10,034.84","₹346,531",billed
"Dec 13, 2024",C999,Cld ,R2339,239.8,316.8,48.00,"11,511.24","₹454,736",credit
"Sep 9, 2024",C011,cld,R6239,30.6,38.8,£48.00,"1,469.49","58,263",Draft
2024-11-02,C001,Noc ,R1316,560.3,665.3,£28.00,"15,689.72","₹614,379",draft
07/03/2024,C003,dev ,R2223,148.5,182.8,45.00,"6,682.25","307,138",Billed
11/11/2024,C002,Aut ,R1826,125.6,153.3,52.00,"£6,531.60","₹242,226",BILLED
2024.09.02,C011,cld,R6238,27.5,34.8,£48.00,"1,318.13","53,506",Draft
18/12/2024,C009,ofp ,R5316,261.3,298.2,16.00,"4,181.01","171,398",billed
06/12/2024,C006,Cld ,R3873,97.2,121.7,,"£4,666.21","₹183,875",Draft
24/10/2024,C003,HD,R2306,1245.5,1513.7,22.00,"£27,400.84","₹988,650",Draft
16/10/2024,C001,OFP,R1311,282.4,329.0,£16.00,"4,518.71","180,054",draft
2024-05-26,C006,HD,R3762,482.9,555.0,£22.00,"£10,623.76","405,717",BILLED
2024.12.21,C010,aut,R5810,7.9,9.7,£52.00,412.57,"INR 15,130",draft
"Jun 10, 2024",C012,Soc,R6664,10.6,13.4,42.00,GBP 445.90,"15,972",Draft
2024.01.10,C002,cld,R1682,143.3,182.0,48.00,"£6,879.16","₹277,890",Draft
15/12/2024,C010,AUT,R5808,7.7,9.4,£52.00,£399.60,"14,531",credit
2024-10-17,C004,Noc ,R2808,571.6,695.9,28.00,"£16,004.00","INR 605,756",draft
2024-05-17,C002,noc,R1741,349.5,428.3,£28.00,"£9,785.27","₹365,766",Credit
04/01/2024,C008,SOC,R4638,165.0,206.0,£42.00,"6,931.18","₹234,578",Billed
2024-02-20,C004,Dev,R2701,181.9,224.4,45.00,"£8,184.60","382,062",Draft
"Jun 20, 2024",C003,OFP,R2269,370.8,424.8,£16.00,"5,932.42","₹247,437",credit
2024-11-22,C007,Cld ,R4355,112.1,141.3,48.00,"GBP 5,378.93","₹211,693",BILLED
"Apr 12, 2024",C008,noc,R4678,158.5,186.4,28.00,"4,439.34","169,041",billed
2024-11-20,C003,noc,R2321,521.0,613.1,£28.00,"£14,588.21","₹573,799",BILLED
11/04/2024,C004,Soc,R2729,286.2,365.7,42.00,"(£3,605.90)","₹429,665",Draft
2024-10-25,C005,Hd,R3324,607.5,691.5,£22.00,"£13,364.45","516,071",Credit
2024-02-09,C002,AUT,R1700,91.8,113.2,52.00,"4,773.89","INR 171,654",credit
"Jul 11, 2024",C002,Noc ,R1764,408.5,491.2,28.00,"£11,438.18","₹424,991",Draft
2024.06.13,C004,Ofp,R2769,306.9,360.9,16.00,"4,909.93","INR 205,018",draft
2024.05.05,C010,NOC,R5710,174.6,203.0,28.00,"£4,887.49","186,282",billed
2024-03-09,C005,OFP,R3236,n/a,182.5,£16.00,"£2,506.54","102,846",BILLED
"Aug 25, 2024",C010,Aut ,R5759,8.2,10.3,£52.00,£428.40,"15,836",billed
2024-05-08,C999,dev ,R5216,70.6,92.0,45.00,"3,178.10","₹145,921",Billed
2024-11-18,C010,HD,R5789,384.5,439.3,£22.00,"£8,458.12","₹315,653",Draft
2024-02-04,C012,SOC,R6616,11.1,14.5,£42.00,467.70,"16,139",billed
2024-02-11,C006,dev ,R3721,88.3,109.4,£45.00,"£3,972.47","₹179,017",Billed
"Jul 10, 2024",C009, HD,R5235,433.0,507.0,22.00,"9,526.26","345,723",Billed
2024.04.20,C011,Dev,R6178,64.3,84.5,£45.00,"2,894.76","135,348",billed
2024-01-19,C004,Ofp,R2690,192.9,222.0,£16.00,"3,086.77","129,067",Draft
2024-06-27,C001,aut,R1255,198.0,258.3,£52.00,"£10,297.77","INR 380,819",credit
"Mar 16, 2024",C001,HD,R1200,1082.2,1278.9,£22.00,"£23,808.31","893,194",Billed
26/09/2024,C010,NOC,R5765,50.6,59.7,GBP 28.00,"£1,415.78","53,745",credit
2024-01-06,C002,aut,R1688,307.3,404.5,52.00,"15,977.00","595,819",billed
2024-12-25,C006,soc ,R3870,112.9,143.3,42.00,"£4,742.70","₹169,683",Billed
2024.08.11,C005,ofp ,R3304,188.5,213.6,16.00,"£3,016.49","₹124,011",BILLED
2024-05-28,C010,dev ,R5717,16.4,22.3,45.00,£737.27,"₹32,830",Billed
2024-08-21,C001,cld,R1278,192.2,240.3,£48.00,"£9,223.20","372,284",Draft
2024-04-07,C009,Cld ,R5200,77.4,97.9,£48.00,"3,714.81","152,479",draft
"Jun 2, 2024",C011,Soc,R6199,22.9,28.5,42.00,£960.46,"33,950",BILLED
"Mar 24, 2024",C005,DEV,R3231,99.6,129.9,45.00,#N/A,"210,187",credit
2024-12-07,C008,Ofp,R4800,118.4,138.5,16.00,"£1,894.36","80,594",Credit
2024.06.09,C008,SOC,R4713,155.6,199.4,42.00,"6,536.96","₹232,945",BILLED
2024.09.28,C008,Soc,R4753,68.2,83.0,£42.00,(859.11),"₹105,280",Draft
08/07/2024,C011,Ofp,R6216,201.2,231.1,16.00,"3,218.47","₹135,619",BILLED
2024.08.22,C002,SOC,R1777,301.5,385.9,£42.00,"12,664.87","₹444,136",credit
"Jul 17, 2024",C010,noc,R5737,166.5,202.6,28.00,"4,663.12","₹180,457",draft
2024.03.21,C004,Aut ,R2720,81.5,101.5,NA,"£4,235.84","155,415",Draft
06/09/2024,C002,dev ,R1793,158.7,209.0,£45.00,"7,143.37","324,217",Billed
2024.02.03,C011,Aut ,R6154,5.9,7.3,£52.00,306.77,"₹11,164",Billed
2024-10-04,C002,Aut ,R1809,182.4,219.0,£52.00,"£9,486.11","₹351,831",Billed
"Dec 1, 2024",C008,Dev,R4794,240.2,n/a,£45.00,"£10,810.14","₹504,101",BILLED
2024-11-03,C009,hd ,R5291,368.5,420.2,22.00,"8,106.58","300,662",credit
2024-02-23,C012,Hd,R6612,427.9,514.6,22.00,"£9,414.77","347,222",billed
2024-02-25,C002,cld,R1696,246.1,306.9,48.00,"11,811.56","473,231",Credit
2024-09-16,C006,Ofp,R3831,409.1,469.4,16.00,"GBP 6,545.20","INR 264,163",draft
17/09/2024,C007,DEV,R4331,99.9,126.9,£45.00,"£4,495.34","₹204,949",Credit
2024-10-20,C007,NOC,R4337,139.8,168.1,£28.00,NA,"153,745",credit
2024-12-14,C011,Hd,R6271,163.2,202.7,£22.00,"3,590.68","INR 130,918",Billed
2024-09-23,C011, HD,R6233,292.4,339.9,£22.00,"£6,431.86","239,340",credit
"Aug 28, 2024",C003,NOC,R2283,272.3,335.6,£28.00,"7,623.39","INR 290,131",draft
05/11/2024,C011,AUT,R6266,5.9,7.6,52.00,£305.90,"11,302",Draft
2024-01-10,C001,AUT,R1181,130.4,165.7,52.00,"6,778.99","252,517",Credit
"Jun 23, 2024",C007,cld,R4288,90.5,114.8,48.00,"£4,343.47","165,792",BILLED
2024.06.23,C007, HD,R4282,337.0,398.7,£22.00,"£7,414.63","₹273,825",credit
2024-04-21,C011,aut,R6179,5.6,6.7,52.00,£289.16,"₹10,536",Credit
2024-03-02,C006,AUT,R3742,36.8,43.8,£52.00,"£1,912.22","₹73,302",Draft
2024-02-28,C003,Noc ,R2204,428.4,525.4,£28.00,"11,994.50","449,244",Billed
"Mar 24, 2024",C012, HD,R6624,492.2,573.7,£22.00,"£10,827.41","408,322",billed
2024-09-25,C008,Noc ,R4750,159.5,198.1,28.00,"(£1,340.10)","₹168,794",billed
2024-03-09,C005,Ofp,R3235,159.7,186.0,£16.00,"£2,555.34","₹104,725",credit
2024-06-02,C004,hd ,R2758,438.0,521.1,22.00,"£9,636.16","361,157",credit
13/08/2024,C006,HD,R3806,238.8,269.3,22.00,"£5,253.75","INR 195,266",Draft
17/01/2024,C009,ofp ,R5167,374.9,436.3,£16.00,#N/A,"₹244,710",draft
2024-10-07,C010,Soc,R5782,52.6,67.7,42.00,"2,210.33","₹78,213",Draft
"Aug 24, 2024",C004,SOC,R2786,251.8,327.6,GBP 42.00,#REF!,"₹367,438",draft
2024-10-27,C999,Aut ,R4770,34.0,44.3,£52.00,"£1,767.66","₹65,994",Draft
2024.12.17,C007,Noc ,R4368,142.9,169.9,£28.00,"£4,000.63","₹149,158",Credit
"Aug 12, 2024",C009,hd ,R5251,890.0,1046.6,£22.00,"GBP 19,578.98","₹740,401",BILLED
2024-10-07,C999,noc,R3325,279.8,335.5,28.00,"£7,833.10",NA,Credit
26/03/2024,C004,Dev,R2716,159.7,206.3,£45.00,"£7,185.70","INR 332,984",Billed
19/04/2024,C011,noc,R6172,64.0,79.7,£28.00,"1,791.32","70,411",Credit
"Apr 8, 2024",C007,AUT,R4262,33.3,44.4,52.00,"£1,730.30","₹64,942",BILLED
08/05/2024,C004,Ofp,R2755,355.0,412.0,£16.00,"5,679.22","241,905",BILLED
22/05/2024,C003,Cld ,R2252,177.4,222.8,£48.00,"£8,514.52","330,825",Draft
"Apr 7, 2024",C008,Soc,R4682,65.9,79.5,GBP 42.00,"£2,767.90","₹97,579",draft
2024.03.03,C011,OFP,R6167,169.8,190.9,16.00,"£2,717.04","112,900",Credit
2024-09-16,C999,AUT,R5273,41.5,50.2,£52.00,"£2,155.88","77,725",billed
2024-04-23,C001,noc,R1221,314.5,381.6,£28.00,"£8,804.84","343,830",credit
07/07/2024,C999,noc,R6672,51.4,62.9,28.00,"1,439.63","54,107",billed
2024-07-03,C005,dev ,R3291,94.9,117.2,45.00,"£4,269.03","₹203,226",credit
19/12/2024,C012,Hd,R6736,404.5,479.1,£22.00,"8,898.64","335,560",billed
"Jan 26, 2024",C012,NOC,R6602,77.2,93.5,28.00,"2,162.10","₹82,651",billed
"Jul 2, 2024",C009,dev ,R5243,82.5,102.9,£45.00,"£3,714.33","₹169,175",Credit
2024-11-16,C004,Soc,R2829,440.1,551.0,£42.00,"18,485.25","₹651,066",credit
01/03/2024,C012,Noc ,R6625,39.9,48.7,£28.00,"1,116.41","43,819",Billed
03/03/2024,C009,Dev,R5187,56.5,71.8,45.00,"£2,543.02","₹114,223",billed
2024-01-21,C006,dev ,R3707,263.3,344.5,£45.00,"11,847.46","₹571,710",Billed
06/07/2024,C004,Ofp,R2780,325.6,376.3,£16.00,"£5,210.04","₹216,249",Credit
27/03/2024,C008,Dev,R4672,120.2,160.5,£45.00,#REF!,"₹248,574",BILLED
"Oct 16, 2024",C009,OFP,R5287,279.1,320.7,£16.00,"4,465.68","186,075",billed
24/06/2024,C005,Hd,R3262,507.3,592.5,£22.00,"11,159.62","₹425,546",Billed
17/07/2024,C004,Aut ,R2777,113.5,145.5,£52.00,"5,900.67","223,864",billed
"Sep 6, 2024",C006,AUT,R3830,72.0,88.0,£52.00,"3,741.45","₹136,865",Draft
2024-11-17,C002,dev ,R1824,514.5,651.4,GBP 45.00,"£23,154.56","₹1,063,777",draft
2024-10-04,C012,Cld ,R6715,23.4,28.5,48.00,"£1,122.73","45,260",BILLED
"Aug 5, 2024",C009,soc ,R5255,81.4,99.4,£42.00,"3,420.18","₹120,363",BILLED
2024.09.06,C008,DEV,R4757,269.5,340.2,£45.00,"12,127.94","₹576,776",Draft
2024.02.07,C011,Soc,R6144,19.3,23.8,42.00,£812.07,"₹28,020",BILLED
"Jan 23, 2024",C003,noc,R2192,457.2,554.5,28.00,"12,801.27","₹494,402",Credit
2024-11-01,C010,Ofp,R5797,188.0,216.2,£16.00,"3,007.92","126,769",billed
2024-02-16,C011,Hd,R6142,560.2,668.9,22.00,"£12,325.42","₹459,168",Credit
2024.01.14,C004,dev ,R2687,153.3,192.4,£45.00,"6,896.94","332,679",credit
22/12/2024,C003,DEV,R2342,167.7,228.0,45.00,"7,548.26","342,468",credit
21/08/2024,C006,soc ,R3809,174.2,210.5,£42.00,"£7,314.31","₹252,279",Credit
2024.05.11,C999,AUT,R5719,24.0,30.0,£52.00,"£1,245.65","₹46,445",credit
"Jan 3, 2024",C009,hd ,R5154,258.5,295.6,22.00,"5,687.42","205,347",Draft
"Sep 13, 2024",C006,Cld ,R3825,107.4,133.7,£48.00,"5,157.22","204,459",BILLED
09/05/2024,C010,CLD,R5713,18.6,22.7,48.00,£894.62,"35,286",BILLED
"Aug 19, 2024",C006,Hd,R3804,294.2,331.8,£22.00,"6,472.48","244,306",Credit
17/06/2024,C005,aut,R3276,44.9,57.0,GBP 52.00,"GBP 2,336.97","83,971",credit
2024-07-26,C005,Hd,R3280,812.4,936.5,£22.00,"£17,872.90","655,993",BILLED
"Mar 4, 2024",C001,Noc ,R1204,353.7,427.4,28.00,"9,902.39","₹372,559",billed
"Nov 27, 2024",C003,dev ,R2327,482.1,604.2,45.00,"£21,692.80","1,020,724",BILLED
2024-09-14,C004,Aut ,R2802,294.3,355.9,£52.00,"GBP 15,301.68","₹566,546",Billed
2024-04-01,C999,aut,R5204,37.9,47.3,52.00,"1,968.57","₹71,689",credit
"May 15, 2024",C010,dev ,R5718,14.1,19.2,45.00,£635.46,"₹28,940",credit
2024-09-25,C002,noc,R1787,1124.7,1328.5,28.00,"31,491.93","1,233,471",credit
01/10/2024,C999,CLD,R3841,98.3,122.8,48.00,"£4,718.78","184,489",credit
2024.05.08,C002,NOC,R1739,330.5,405.0,£28.00,"9,252.83","359,313",Credit
2024-12-19,C999,NOC,R4366,n/a,181.4,28.00,"4,272.20","164,876",credit
08/04/2024,C011,Ofp,R6182,449.8,515.3,£16.00,"£7,197.15","INR 296,480",Billed
"Feb 22, 2024",C006,dev ,R3722,89.2,110.6,45.00,"4,015.41","182,102",credit
2024-05-26,C006,Dev,R3771,71.5,90.5,45.00,"£3,216.51","149,339",BILLED
2024-03-18,C003,NOC,R2217,833.3,1042.8,28.00,"£23,332.16","₹879,287",credit
2024-08-06,C009,SOC,R5256,71.5,87.2,£42.00,"£3,001.34","106,835",Credit
2024.07.14,C003,OFP,R2280,403.4,458.7,£16.00,"£6,453.86","₹258,432",billed
12/08/2024,C008,HD,R4734,334.7,416.0,£22.00,"GBP 7,363.48","271,828",Billed
2024-12-02,C002,DEV,R1839,487.0,614.2,£45.00,"£21,916.00","₹1,008,764",billed
2024-09-13,C002,CLD,R1792,216.1,284.3,£48.00,"£10,373.91","394,246",BILLED
2024.03.02,C002,Cld ,R1714,453.9,563.0,48.00,"£21,787.00","INR 884,179",credit
2024-03-24,C999,NOC,R2709,335.7,406.5,£28.00,"£9,399.00","365,120",BILLED
2024-04-01,C007,NOC,R4253,119.0,141.8,28.00,(£999.42),"₹126,090",draft
18/06/2024,C999,Soc,R5727,11.6,14.5,42.00,487.09,"₹17,530",draft
"May 12, 2024",C005,Dev,R3256,77.7,99.4,£45.00,"£3,495.04","₹160,912",credit
05/08/2024,C003,noc,R2284,253.5,312.4,£28.00,"£7,096.63","₹257,142",Billed
11/11/2024,C002,NOC,R1817,583.5,704.2,£28.00,-,"632,086",Credit
2024-06-07,C009,aut,R5230,39.3,50.3,52.00,"£2,042.73","75,832",draft
"Aug 18, 2024",C001,ofp ,R1284,323.6,378.3,GBP 16.00,"£5,177.80","211,981",Billed
26/03/2024,C001,cld,R1208,238.1,310.1,£48.00,"£11,428.67","₹454,076",billed
"Aug 13, 2024",C002,DEV,R1779,382.0,485.1,45.00,"£17,190.13","783,098",Draft
2024.10.03,C009,HD,R5275,621.9,741.9,GBP 22.00,"£13,682.38","508,736",Draft
2024-03-06,C007,Hd,R4234,343.1,397.4,22.00,"7,547.58","INR 282,395",draft
2024-04-02,C008,aut,R4687,31.9,39.3,£52.00,"£1,658.70","₹61,139",Billed
2024.12.04,C999,Hd,R6272,208.7,259.1,£22.00,error,"₹176,614",Billed
2024-11-11,C003,Cld ,R2325,319.9,415.2,£48.00,"£15,353.36","₹614,779",Billed
"Aug 21, 2024",C003,HD,R2281,1201.9,1386.6,22.00,"26,440.76","993,891",credit
2024-02-09,C008,Dev,R4658,84.9,110.8,£45.00,"£3,821.49","₹175,707",billed
14/09/2024,C002,SOC,R1789,230.1,296.3,£42.00,"GBP 9,665.76","339,715",BILLED
2024-12-09,C002,NOC,R1832,335.0,402.3,n/a,"£9,381.04","₹353,772",credit
2024-04-15,C001,CLD,R1226,167.3,206.8,£48.00,"£8,030.59","325,944",Credit
2024.05.01,C999,SOC,R2248,223.1,282.1,42.00,"GBP 9,370.93","₹324,532",draft
2024-04-06,C004,soc ,R2727,299.3,382.5,£42.00,"£12,571.23","₹442,274",billed
2024-01-19,C001,ofp ,R1185,216.1,239.4,16.00,"3,457.60","138,356",Billed
"Mar 25, 2024",C011,AUT,R6164,6.1,7.7,£52.00,316.12,"₹11,376",Credit
2024.01.20,C008,AUT,R4645,24.7,30.8,£52.00,"£1,286.33","₹48,821",credit
2024-08-05,C010,CLD,R5756,69.2,88.0,£48.00,"GBP 3,320.51","135,208",Billed
2024-02-19,C002,hd ,R1690,1393.6,1612.0,22.00,"£30,660.19","1,158,568",Billed
2024-06-24,C007,CLD,R4289,111.3,141.2,£48.00,"£5,343.63","216,986",Credit
2024-12-04,C012,SOC,R6739,28.7,35.5,£42.00,"1,204.29","₹43,677",Draft
"Jan 10, 2024",C002,ofp ,R1689,534.1,625.2,16.00,"£8,546.20","₹348,659",billed
02/10/2024,C007,noc,R4338,123.8,148.9,28.00,"(£1,040.25)","131,699",Credit
2024.03.11,C001,Noc ,R1202,343.0,414.5,28.00,"£9,603.15","INR 358,065",billed
2024-09-06,C007,aut,R4334,53.1,65.7,£52.00,"2,762.89","100,913",draft
21/01/2024,C006,Aut ,R3709,28.0,34.4,52.00,"£1,454.40","53,722",Credit
2024-08-23,C006,Aut ,R3814,31.8,39.4,£52.00,"1,653.41","INR 61,934",Credit
2024-06-16,C002,HD,R1748,NA,760.6,£22.00,"(4,326.05)","₹526,723",billed
2024-07-03,C010,soc ,R5738,12.8,15.7,£42.00,539.25,"₹18,814",Draft
2024-04-10,C005,ofp ,R3246,170.6,193.1,£16.00,"2,729.43","108,536",billed
2024-11-23,C008,Aut ,R4783,33.0,43.6,£52.00,"£1,713.61","₹62,701",credit
"Nov 16, 2024",C006,Ofp,R3862,177.0,207.0,£16.00,"2,831.81","115,311",credit
"Dec 23, 2024",C005,hd ,R3348,1369.5,1580.2,£22.00,"£30,129.93","1,104,294",Credit
"Feb 28, 2024",C009,hd ,R5169,360.0,426.1,£22.00,"7,920.14","INR 283,897",Billed
06/03/2024,C006,Cld ,R3736,84.1,102.0,£48.00,"(£1,210.89)","155,391",credit
2024-09-20,C005,DEV,R3315,290.3,371.2,45.00,"£13,062.45","619,372",Draft
2024-08-14,C010,noc,R5750,55.6,68.4,£28.00,n/a,"58,339",Credit
2024-03-11,C012,OFP,R6636,199.5,225.3,£16.00,"£3,191.95","136,524",billed
14/08/2024,C007,SOC,R4314,84.3,103.8,42.00,"3,539.91","INR 126,070",BILLED
2024-01-27,C008,dev ,R4641,120.8,154.8,£45.00,n/a,"₹244,476",credit
2024-03-27,C004,Soc,R2711,260.4,322.1,£42.00,"£10,937.89","₹383,943",credit
23/01/2024,C005,dev ,R3203,77.3,102.9,£45.00,"£3,479.51","₹164,786",BILLED
2024-06-09,C006,dev ,R3785,88.4,114.9,45.00,"3,980.15","₹181,805",Draft
22/06/2024,C007,NOC,R4284,209.6,264.1,28.00,"5,868.98","227,354",Billed
04/06/2024,C006,AUT,R3786,32.1,39.9,£52.00,"£1,671.36","INR 62,907",draft
"Sep 12, 2024",C011,NOC,R6236,63.3,77.0,28.00,"1,772.04","₹66,928",Draft
14/06/2024,C006,DEV,R3784,79.4,103.2,45.00,"3,573.26","₹162,262",Credit
2024-05-18,C001,DEV,R1240,448.7,566.2,£45.00,"£20,191.59","956,266",Credit
2024-07-08,C007,DEV,R4305,135.2,179.6,£45.00,"6,083.19","INR 286,747",Billed
05/09/2024,C003,aut,R2302,132.0,161.3,£52.00,"6,865.39","250,113",draft
2024.01.25,C010,hd ,R5657,211.3,244.1,NA,"4,648.24","₹166,784",draft
14/03/2024,C007,dev ,R4241,90.6,117.1,45.00,"£4,078.44","₹195,296",draft
2024-05-03,C009,Cld ,R5214,55.8,69.9,48.00,"2,676.80","₹111,188",BILLED
2024-10-24,C008,DEV,R4769,101.2,124.9,£45.00,"4,553.27","209,596",Billed
2024.10.13,C008,Soc,R4765,88.7,109.1,£42.00,"£3,723.49","INR 128,878",Billed
"Jul 18, 2024",C006,ofp ,R3803,465.7,542.5,£16.00,"£7,451.13","₹304,000",BILLED
2024-02-11,C009,hd ,R5168,,447.2,£22.00,"GBP 8,312.50","312,807",draft
2024.10.01,C010,Noc ,R5780,101.2,120.5,£28.00,"2,832.77","108,325",credit
23/03/2024,C006,Cld ,R3735,89.3,108.3,null,"£4,285.08","165,982",BILLED
05/05/2024,C004,OFP,R2754,308.2,357.7,£16.00,"GBP 4,930.98","199,354",credit
"Nov 3, 2024",C004,Hd,R2825,537.7,659.3,£22.00,"11,829.02","441,926",credit
2024-11-15,C003,Ofp,R2330,177.2,207.9,16.00,"£2,835.81","115,889",BILLED
"Sep 18, 2024",C009,AUT,R5272,43.8,53.1,52.00,"£2,279.90","₹86,323",credit
2024.04.02,C001,Ofp,R1232,319.7,381.6,16.00,"£5,115.64","212,344",Billed
"Nov 10, 2024",C011,Ofp,R6269,171.9,195.6,£16.00,"2,750.43","110,637",Draft
10/05/2024,C002,SOC,R1742,748.9,897.1,£42.00,#REF!,"₹1,093,897",Billed
"Aug 5, 2024",C008,aut,R4745,30.6,36.1,£52.00,"1,589.38","58,733",draft
"Feb 18, 2024",C001, HD,R1187,921.1,1069.4,22.00,"£20,264.68","739,289",credit
"Oct 23, 2024",C001,Soc,R1303,327.4,412.3,£42.00,"£13,752.13","₹485,362",Billed
"Oct 4, 2024",C002,ofp ,R1813,187.4,213.0,£16.00,"2,999.04","125,794",Credit
11/01/2024,C007,NOC,R4211,137.2,167.3,£28.00,"£3,842.63","142,158",Billed
2024-08-25,C999,cld,R4743,95.8,126.7,£48.00,"4,596.96","180,665",Draft
2024.05.09,C009, HD,R5208,981.1,1203.2,£22.00,"£21,583.72","807,257",Billed
2024-08-22,C008,Noc ,R4736,129.6,157.5,28.00,"£3,629.69","138,714",billed
2024-08-25,C006,DEV,R3813,238.9,317.2,£45.00,"£10,749.47","INR 495,481",Draft
2024-05-25,C007,Noc ,R4269,148.8,180.6,£28.00,"£4,165.65","INR 155,227",Billed
"Nov 22, 2024",C002,Hd,R1814,873.2,1046.4,GBP 22.00,"£19,211.16","₹721,283",Draft
14/03/2024,C005,Hd,R3223,431.4,500.7,22.00,"£9,491.18","₹359,651",BILLED
"Dec 2, 2024",C008,Ofp,R4799,143.1,167.4,16.00,"2,289.88","₹99,227",Draft
"Apr 8, 2024",C999,DEV,R4260,97.1,124.4,45.00,"4,368.12","₹207,703",Credit
"Apr 12, 2024",C003,AUT,R2237,83.0,100.7,GBP 52.00,"£4,315.38","159,885",billed
2024-05-23,C010,Cld ,R5715,17.0,20.7,48.00,£815.80,"₹33,012",Billed
2024-12-24,C006,noc,R3867,156.6,187.3,£28.00,"£4,385.61","168,456",Draft
2024-05-18,C009,aut,R5220,35.4,43.3,£52.00,"1,840.20","₹65,977",credit
"Jan 3, 2024",C001,CLD,R1177,157.7,200.0,£48.00,"£7,568.54","₹308,776",BILLED
2024.08.26,C008,SOC,R4741,54.4,68.1,£42.00,"£2,283.84","₹79,968",Billed
2024-09-12,C001,Noc ,R1288,548.5,641.3,£28.00,"£15,356.63","610,260",BILLED
2024-02-07,C007,Soc,R4224,,239.6,£42.00,"£7,961.83","275,061",draft
28/09/2024,C005,ofp ,R3321,217.8,259.2,£16.00,"£3,484.54","146,295",Billed
"Mar 15, 2024",C999,NOC,R3730,244.9,305.2,28.00,"6,858.45","₹267,750",Billed
"Apr 13, 2024",C004,AUT,R2737,80.1,97.9,52.00,"£4,166.10","156,522",draft
2024.03.25,C006,Ofp,R3743,130.0,149.8,16.00,"£2,080.13","87,992",BILLED
"Apr 7, 2024",C009,cld,R5199,100.4,127.0,£48.00,"£4,819.45","₹192,142",billed
2024-02-21,C002,Ofp,R1703,214.7,251.9,£16.00,"£3,434.45","₹144,763",BILLED
2024-04-22,C010,Noc ,R5699,193.7,219.7,28.00,"£5,422.71",n/a,credit
"Dec 19, 2024",C011,soc ,R6275,13.1,17.0,£42.00,551.60,"₹18,968",draft
2024-10-04,C005,Dev,R3332,309.1,405.1,£45.00,"£13,910.81","₹637,048",Billed
2024-05-28,C002,hd ,R1737,835.5,989.1,£22.00,"18,380.84","691,923",BILLED
2024-09-24,C002,dev ,R1795,139.3,183.3,45.00,"£6,267.79","288,127",draft
"Jul 13, 2024",C008,Hd,R4722,903.4,1034.6,£22.00,"£19,874.63","742,403",Credit
2024.05.15,C004,Cld ,R2746,n/a,241.3,£48.00,"9,314.38","369,920",billed
"Apr 26, 2024",C008,Cld ,R4683,112.5,141.8,48.00,"5,401.76","214,627",credit
2024.01.16,C008,Hd,R4635,291.2,349.3,£22.00,"6,405.82","₹239,286",draft
2024-02-11,C012,Dev,R6620,14.1,18.8,£45.00,£632.44,"₹29,650",Billed
2024-02-18,C005,Cld ,R3214,128.1,164.0,£48.00,"£6,146.91","243,323",billed
"Oct 22, 2024",C012,soc ,R6714,36.7,45.2,£42.00,"£1,542.11","INR 54,813",Draft
2024-02-21,C004,Ofp,R2706,640.0,746.8,null,"10,239.44","436,954",BILLED
2024-05-18,C005,NOC,R3251,449.2,529.9,£28.00,"(3,773.13)","₹483,675",BILLED
"Nov 11, 2024",C003,ofp ,R2331,143.1,167.9,£16.00,"2,290.05","₹100,138",Draft
"Feb 13, 2024",C006,cld,R3719,n/a,345.7,48.00,"£13,413.85","548,906",Billed
2024-01-09,C001,cld,R1176,164.5,208.6,£48.00,"7,894.10","₹317,567",credit
12/02/2024,C010, HD,R5670,615.8,708.4,GBP 22.00,"13,547.55","₹487,168",Credit
2024-07-17,C012, HD,R6671,166.0,201.6,GBP 22.00,"3,652.59","₹135,888",Billed
2024-11-24,C004,DEV,R2835,206.7,266.3,45.00,"GBP 9,300.15","424,214",Draft
17/08/2024,C005,HD,R3296,1413.3,1633.8,£22.00,"£31,093.40","₹1,162,062",draft
"Aug 12, 2024",C001,DEV,R1280,160.7,207.0,GBP 45.00,"£7,233.66","₹335,100",BILLED
2024.11.07,C009,Ofp,R5304,254.0,282.5,16.00,"4,063.49","169,147",Billed
"Aug 13, 2024",C009,AUT,R5261,23.4,29.5,52.00,#REF!,"₹43,680",Draft
"Jan 11, 2024",C005,Aut ,R3206,112.2,138.9,£52.00,"5,835.10","₹218,608",credit
2024-04-14,C002,noc,R1726,298.6,358.4,28.00,"8,362.18","₹314,041",Billed
2024-03-02,C008,CLD,R4669,63.8,82.6,48.00,(£918.66),"₹124,617",BILLED
2024-03-01,C007,Noc ,R4235,213.2,259.4,28.00,"£5,969.09","₹232,957",Draft
2024-04-16,C011,Cld ,R6176,25.3,32.3,£48.00,"£1,212.41","INR 48,607",Credit
2024-07-10,C006,Aut ,R3801,37.3,47.3,GBP 52.00,"£1,941.14","₹69,493",Billed
11/01/2024,C002,Noc ,R1678,914.5,1096.2,28.00,"£25,604.80","969,142",credit
"Oct 14, 2024",C007,noc,R4339,141.5,170.2,£28.00,"3,962.81","₹153,964",Credit
"Oct 7, 2024",C009,NOC,R5277,571.5,700.7,GBP 28.00,"16,002.49","606,973",draft
2024.10.16,C009,CLD,R5281,127.3,157.3,£48.00,"£6,110.02","249,636",Draft
2024-12-01,C007,ofp ,R4376,214.0,254.5,16.00,"3,424.33","144,342",Draft
"Jul 11, 2024",C008,Cld ,R4727,96.1,124.0,£48.00,"£4,614.70","₹177,329",draft
2024-02-14,C004,CLD,R2700,171.4,218.6,£48.00,"£8,226.08","309,221",billed
2024-12-22,C011,Dev,R6282,17.3,21.9,£45.00,£779.07,"35,531",Billed
2024-01-08,C004,DEV,R2686,166.4,208.9,£45.00,"7,488.03","353,465",credit
06/05/2024,C002,Noc ,R1740,289.0,354.2,£28.00,"8,091.82","303,929",Credit
2024-04-01,C009,Hd,R5195,443.9,500.7,£22.00,"£9,766.68","361,095",credit
2024-05-08,C004,noc,R2744,418.6,503.3,28.00,"11,721.94","437,763",credit
"Sep 5, 2024",C006,CLD,R3827,104.9,130.5,£48.00,"£5,036.16","INR 202,640",billed
2024.11.09,C009,HD,R5290,401.0,457.3,£22.00,"8,821.41","₹329,535",Draft
2024-12-18,C003,CLD,R2340,283.2,374.1,£48.00,"£13,592.55","₹561,765",credit
2024-07-09,C012,OFP,R6680,191.2,226.5,£16.00,"3,058.95","129,748",Billed
2024-02-25,C006,Noc ,R3715,156.0,179.6,£28.00,"£4,368.27","₹163,999",billed
"Aug 18, 2024",C010,Soc,R5755,14.1,17.6,42.00,592.69,"INR 21,020",billed
2024-01-05,C003,Aut ,R2199,277.7,343.1,£52.00,"£14,440.39","₹527,989",credit
23/09/2024,C002,DEV,R1794,160.9,211.8,GBP 45.00,"£7,241.35","₹330,693",billed
03/10/2024,C006,Noc ,R3834,153.9,178.7,28.00,"£4,308.64","₹159,925",Billed
09/04/2024,C007,cld,R4257,220.1,283.2,48.00,"£10,565.95","₹436,914",BILLED
"Sep 22, 2024",C010,OFP,R5775,140.3,167.7,16.00,"£2,244.90","93,324",BILLED
06/11/2024,C005,aut,R3344,77.6,99.4,£52.00,"4,036.79","₹149,627",billed
2024.12.20,C001,hd ,R1327,1026.2,1244.4,22.00,"£22,577.22","₹857,769",Draft
2024.10.21,C004,Soc,R2811,332.5,417.2,42.00,"£13,966.39","₹485,817",credit
"Dec 13, 2024",C002,Aut ,R1841,113.3,141.3,52.00,"£5,892.23","₹221,776",Draft
2024-10-19,C007,Soc,R4341,null,72.2,42.00,"2,410.63","₹86,865",Billed
07/05/2024,C012,cld,R6654,25.3,33.6,£48.00,"£1,214.98","₹48,651",Billed
15/11/2024,C004,AUT,R2838,104.7,135.2,£52.00,"5,446.62","₹202,502",BILLED
23/09/2024,C001,Cld ,R1292,198.4,248.0,£48.00,"£9,522.38","₹383,714",credit
2024.07.13,C001,Aut ,R1270,128.5,157.5,GBP 52.00,"6,681.41","₹259,409",Draft
2024.07.25,C005,Dev,R3290,100.9,124.7,£45.00,"£4,541.12","208,053",billed
2024-05-08,C012,Dev,R6657,22.5,28.1,45.00,"£1,012.35","₹47,208",draft
2024.10.11,C004,soc ,R2812,null,405.9,42.00,"£13,588.51","₹470,474",Credit
03/04/2024,C002, HD,R1724,513.9,576.3,-,"£11,305.59","₹428,305",BILLED
2024-03-04,C009,ofp ,R5192,136.0,161.7,£16.00,"£2,175.91","89,808",billed
17/03/2024,C002,dev ,R1717,153.2,NA,£45.00,"£6,892.41",NA,credit
2024-12-06,C003,Soc,R2338,406.1,519.2,£42.00,"17,054.61","₹602,622",Credit
26/06/2024,C012,noc,R6660,51.1,57.9,28.00,"£1,432.04","₹53,432",credit
2024-10-22,C003,AUT,R2318,109.0,140.7,52.00,"GBP 5,668.22","213,381",credit
"Jan 26, 2024",C009,noc,R5155,215.3,265.9,£28.00,"£6,027.71","INR 233,543",BILLED
24/02/2024,C002,Soc,R1692,206.5,270.5,£42.00,"8,672.26","₹311,951",Draft
2024-08-20,C011,soc ,R6222,13.6,16.5,42.00,£569.66,"19,353",billed
2024-06-03,C007,DEV,R4291,89.9,116.1,£45.00,"£4,045.88","₹192,240",BILLED
2024-09-04,C001,Cld ,R1291,201.7,252.1,£48.00,"£9,680.51","393,895",Billed
11/02/2024,C004,noc,R2695,389.0,465.1,£28.00,"£10,893.33","411,470",Draft
2024-08-16,C008,soc ,R4740,51.4,64.4,£42.00,"£2,160.46","₹76,017",BILLED
2024-08-11,C005,Soc,R3298,83.0,105.0,42.00,"£3,484.08","126,525",BILLED
2024-05-08,C004,dev ,R2750,259.0,324.6,45.00,"£11,657.15","533,454",Credit
"May 13, 2024",C002,aut,R1746,322.0,406.1,52.00,"£16,745.52","₹624,211",Draft
"Feb 23, 2024",C005,dev ,R3216,216.1,263.3,£45.00,"9,725.20","INR 449,706",draft
"Jul 23, 2024",C008,dev ,R4729,131.8,172.7,£45.00,null,"₹283,679",credit
2024.12.09,C008,Hd,R4789,371.4,414.2,22.00,"8,171.84","309,669",Billed
17/12/2024,C006,Aut ,R3878,47.5,58.7,52.00,"2,471.46","88,388",Draft
2024.02.28,C009,aut,R5177,64.3,null,£52.00,"£3,345.45","₹124,654",billed
06/09/2024,C001,soc ,R1290,940.0,1161.9,42.00,#N/A,"₹1,372,243",Draft
2024-06-16,C003,AUT,R2268,104.1,134.0,£52.00,"5,415.21","INR 202,791",billed
2024-03-08,C005,dev ,R3229,82.8,108.0,45.00,"£3,726.18","INR 172,150",credit
18/01/2024,C002,soc ,R1679,236.9,306.6,GBP 42.00,"GBP 9,949.15","₹349,146",draft
03/06/2024,C006,Ofp,R3788,399.6,474.3,£16.00,"£6,393.88","263,195",billed
2024-02-15,C011,DEV,R6149,20.9,26.8,£45.00,940.37,"44,889",billed
2024-03-23,C001,OFP,R1215,831.6,974.8,£16.00,"£13,306.08","₹556,872",credit
20/05/2024,C009,Soc,R5210,62.3,77.4,£42.00,"2,614.78","93,489",Billed
28/01/2024,C007,dev ,R4216,137.8,184.4,45.00,#REF!,"₹292,564",billed
2024-05-19,C999,ofp ,R3261,163.5,188.0,£16.00,"£2,616.57","INR 107,969",billed
07/11/2024,C002,SOC,R1819,255.8,321.2,42.00,"£10,741.71","₹377,524",Credit
2024-11-04,C001,SOC,R1319,330.2,420.0,£42.00,"£13,870.28","486,007",Draft
2024-10-25,C011,OFP,R6256,477.0,549.6,£16.00,"£7,631.50","₹321,791",Draft
"Dec 23, 2024",C010,Dev,R5807,14.7,18.1,£45.00,GBP 659.35,"₹32,005",BILLED
2024-04-16,C007,soc ,R4255,70.5,84.8,£42.00,"£2,960.72","105,563",Credit
2024-09-20,C010,Ofp,R5777,122.9,147.0,£16.00,"1,967.16","INR 77,481",draft
2024-11-03,C005,dev ,R3342,194.7,253.5,£45.00,"8,761.38","₹409,016",billed
2024-02-24,C006,AUT,R3723,66.2,83.3,£52.00,"3,441.01","₹125,742",Draft
"May 18, 2024",C003, HD,R2244,542.6,656.6,22.00,"11,937.36",-,Billed
"Nov 25, 2024",C012,soc ,R6729,11.0,14.2,42.00,£462.15,"16,278",Credit
"May 15, 2024",C008,OFP,R4706,132.3,153.3,16.00,"£2,117.33","88,702",Draft
2024.06.11,C012,DEV,R6667,42.9,54.6,£45.00,"£1,932.11","₹92,595",credit
14/11/2024,C006,Cld ,R3856,335.2,421.0,£48.00,-,"₹667,338",BILLED
"May 7, 2024",C008,CLD,R4699,69.5,88.8,48.00,"£3,335.32","₹129,548",billed
11/11/2024,C009,Cld ,R5296,102.7,130.9,£48.00,"GBP 4,929.26","196,052",Credit
"Jun 20, 2024",C004,dev ,R2764,432.6,557.6,£45.00,"(GBP 5,839.57)","₹924,814",Credit
2024-02-04,C006,Ofp,R3725,NA,128.8,£16.00,"1,833.33","75,325",Billed
2024-10-12,C010,noc,R5781,102.0,121.5,28.00,"£2,857.39","₹107,226",Credit
"Dec 25, 2024",C010,NOC,R5799,,87.9,£28.00,"2,026.28","76,818",Billed
16/06/2024,C002,Aut ,R1756,145.7,183.5,£52.00,"7,576.75","282,669",Billed
"Aug 18, 2024",C009,Dev,R5259,99.0,127.0,45.00,"4,454.55","INR 207,208",BILLED
09/04/2024,C004,CLD,R2732,199.1,258.6,48.00,#REF!,"₹369,810",Draft
"Feb 26, 2024",C010,Cld ,R5675,31.8,41.3,£48.00,"1,527.47","₹61,617",billed
"Sep 15, 2024",C004,noc,R2794,301.0,364.2,£28.00,"8,429.35","₹323,425",Credit
2024-03-05,C009,aut,R5189,26.0,33.0,52.00,"1,351.07","INR 50,561",Billed
"Aug 13, 2024",C010, HD,R5749,301.0,353.3,22.00,"£6,622.59","₹241,643",billed
17/06/2024,C004,Noc ,R2759,463.2,568.7,28.00,"£12,969.83","489,030",Draft
2024-08-28,C008,OFP,R4747,180.1,207.0,16.00,"£2,881.33","₹118,422",billed
2024-12-27,C012,DEV,R6741,15.4,19.7,£45.00,,"INR 32,126",draft
27/11/2024,C006,aut,R3860,46.5,59.3,£52.00,(724.87),"INR 89,655",Draft
2024.12.05,C005,Aut ,R3355,42.7,51.1,52.00,"2,221.89","₹83,986",draft
2024-12-05,C005,AUT,R3357,47.2,56.4,£52.00,"£2,453.80","₹90,137",Draft
2024-06-21,C001,ofp ,R1256,228.7,273.3,16.00,"£3,659.29","148,886",draft
2024-09-20,C007,NOC,R4325,203.2,243.3,28.00,"£5,689.72","₹219,279",credit
22/07/2024,C003,Dev,R2278,240.1,308.3,£45.00,"10,803.60","₹494,742",Draft
"Oct 27, 2024",C004,Dev,R2815,191.4,244.8,£45.00,"£8,611.30","₹395,439",credit
2024.12.25,C003,hd ,R2334,415.8,490.3,£22.00,"9,148.36","₹335,080",Draft
16/10/2024,C003,Dev,R2314,277.2,351.2,45.00,"£12,473.54","588,674",credit
2024-09-24,C003,Dev,R2300,545.6,698.8,£45.00,"24,551.54","₹1,162,336",BILLED
2024-11-17,C006,Ofp,R3863,165.8,194.0,£16.00,"2,653.10","104,817",draft
"Jun 20, 2024",C004,HD,R2757,475.8,566.1,GBP 22.00,"£10,468.06","389,660",BILLED
"Sep 13, 2024",C009,HD,R5264,1013.8,n/a,£22.00,"22,303.58","₹822,662",Credit
2024-02-07,C006,Noc ,R3714,156.6,180.3,28.00,"£4,384.16","170,177",Draft
"Jun 10, 2024",C004,soc ,R2762,335.7,414.2,£42.00,#N/A,"₹498,205",billed
2024-07-11,C009,Cld ,R5241,72.7,89.3,£48.00,"£3,487.58","INR 143,609",draft
2024-06-11,C001,SOC,R1249,240.4,303.7,42.00,"10,097.30","352,202",credit
2024-11-03,C008,OFP,R4785,246.4,286.8,£16.00,"3,942.53","164,625",Draft
2024-11-08,C001,Soc,R1318,296.0,376.5,42.00,"£12,433.17","₹427,337",Draft
2024-04-07,C008,OFP,R4688,195.8,227.6,16.00,"3,133.06","₹128,869",credit
21/10/2024,C011,Soc,R6251,13.6,17.0,42.00,570.57,"19,879",draft
"Oct 14, 2024",C012,Noc ,R6712,83.1,95.2,NA,"2,327.18","₹89,501",billed
04/10/2024,C999,ofp ,R3337,434.9,497.8,£16.00,"£6,958.23","₹277,222",Billed
16/04/2024,C001,cld,R1225,154.1,190.5,48.00,#N/A,"292,779",credit
05/11/2024,C012,hd ,R6724,193.9,227.9,£22.00,"4,265.03","₹164,541",Billed
"May 22, 2024",C008,cld,R4698,63.3,80.9,48.00,"3,038.21","₹125,220",draft
2024-10-01,C005,AUT,R3333,44.0,54.2,52.00,"GBP 2,285.88","₹85,551",Credit
2024-12-13,C006,hd ,R3865,392.7,468.7,£22.00,"£8,640.47","₹315,666",Draft
17/03/2024,C002,noc,R1709,440.6,521.7,28.00,"GBP 12,335.59","₹469,690",draft
11/05/2024,C011,ofp ,R6195,510.1,596.5,£16.00,"£8,161.93","₹333,249",BILLED
07/07/2024,C004,dev ,R2776,170.1,220.1,45.00,"7,653.27","₹360,392",credit
17/07/2024,C009,NOC,R5236,137.8,170.5,£28.00,"3,859.78","151,208",Credit
26/03/2024,C005,SOC,R3227,196.4,251.4,£42.00,"£8,246.96","₹284,479",Draft
12/10/2024,C010,CLD,R5783,65.1,83.2,£48.00,"£3,125.97","₹130,225",Draft
21/01/2024,C009,cld,R5160,77.2,101.1,£48.00,"£3,703.83","151,746",BILLED
2024.10.22,C009,Dev,R5284,130.4,174.8,£45.00,"5,868.54","₹275,809",Draft
05/03/2024,C004,OFP,R2723,374.2,446.9,16.00,"£5,987.28","242,440",Draft
2024.02.12,C011,aut,R6152,5.4,6.6,£52.00,279.94,"10,576",BILLED
2024-01-07,C012,cld,R6606,14.4,18.7,£48.00,689.85,"₹27,693",billed
2024.02.24,C004,CLD,R2699,199.6,254.7,£48.00,"GBP 9,581.66","₹387,102",Billed
2024-12-27,C008,aut,R4797,24.5,31.3,52.00,"GBP 1,275.82","₹45,913",BILLED
26/10/2024,C002,dev ,R1807,246.7,328.0,£45.00,"£11,103.31","515,089",billed
2024-10-10,C007,dev ,R4347,145.6,185.4,£45.00,"£6,552.06","298,843",billed
2024-01-26,C010,aut,R5667,11.0,13.3,£52.00,573.23,"₹21,081",Billed
"Sep 18, 2024",C012,dev ,R6706,59.3,78.0,£45.00,"2,667.33","INR 122,632",Draft
2024.02.26,C010,NOC,R5672,83.4,97.2,28.00,"£2,333.82","INR 90,655",Billed
2024-06-26,C002,Noc ,R1750,1085.8,1315.3,£28.00,"£30,402.44","₹1,195,746",Billed
"Jan 5, 2024",C004,AUT,R2688,110.5,138.9,52.00,"£5,746.75","223,271",draft
"Sep 9, 2024",C003,OFP,R2305,136.6,159.2,16.00,"£2,185.27","89,632",draft
2024.09.09,C003,Soc,R2298,732.0,877.9,£42.00,"30,743.08","₹1,085,481",billed
19/08/2024,C007,OFP,R4321,429.1,507.0,16.00,"£6,864.95","₹270,429",Draft
"Nov 13, 2024",C003,ofp ,R2332,150.3,176.3,£16.00,"2,404.44","99,212",Credit
"Aug 16, 2024",C012,Noc ,R6685,48.8,57.4,£28.00,"£1,365.71","52,341",Draft
2024-07-14,C003,Noc ,R2273,431.7,508.2,28.00,"£12,088.13","464,609",BILLED
2024-11-24,C003, HD,R2320,1356.0,1584.7,GBP 22.00,"£29,831.84","1,098,816",Billed
2024.09.26,C012,CLD,R6705,23.9,29.8,£48.00,"£1,147.95","47,572",Draft
2024.11.19,C005,CLD,R3341,-,477.2,£48.00,"£17,416.56","671,962",draft
2024-07-27,C004,CLD,R2773,607.2,762.7,48.00,"29,144.88","1,186,266",credit
2024-09-21,C005,Soc,R3311,80.1,99.0,GBP 42.00,"£3,362.57","117,956",billed
"Dec 27, 2024",C004,noc,R2845,381.1,455.8,£28.00,"£10,669.46","₹418,865",BILLED
2024-04-04,C006,Cld ,R3755,93.8,116.5,48.00,#REF!,"₹186,434",Draft
2024-01-24,C005,hd ,R3192,362.4,416.7,£22.00,"7,973.30","₹290,009",credit
25/07/2024,C008,Ofp,R4732,171.7,200.7,£16.00,"2,747.56","₹112,855",draft
"Aug 7, 2024",C002,aut,R1780,337.5,429.9,£52.00,n/a,"645,615",BILLED
"Jan 12, 2024",C999,AUT,R1180,143.4,182.3,£52.00,"£7,458.75","₹271,388",Billed
2024-12-23,C007,ofp ,R4375,266.0,316.3,16.00,"4,255.96","171,386",billed
2024.01.05,C001,Dev,R1179,493.1,628.4,£45.00,"£22,187.96","₹998,871",Billed
09/07/2024,C009,dev ,R5245,75.5,94.2,45.00,"£3,399.36","₹158,270",BILLED
"May 18, 2024",C008,aut,R4703,25.2,30.7,52.00,"1,312.98","47,303",billed
2024-10-18,C005,noc,R3326,292.7,351.0,GBP 28.00,"£8,195.27","319,569",billed
27/11/2024,C008, HD,R4775,397.7,487.6,£22.00,"8,749.48","₹317,528",BILLED
2024.11.27,C009,AUT,R5301,31.9,39.7,52.00,"1,656.55","₹62,480",Draft
21/05/2024,C007,NOC,R4268,112.5,136.6,£28.00,"3,151.04","₹121,743",draft
"Mar 23, 2024",C009,dev ,R5186,70.3,89.3,£45.00,"£3,162.93","139,295",BILLED
"Jul 27, 2024",C010,SOC,R5740,13.1,16.0,£42.00,550.44,"18,898",Draft
2024.07.01,C001,soc ,R1265,835.7,1024.9,£42.00,"£35,098.92","1,236,436",draft
2024.03.14,C001,Soc,R1207,255.9,330.5,£42.00,"£10,747.85","380,802",Credit
26/04/2024,C004,Dev,R2734,241.0,298.5,£45.00,"£10,844.19","503,129",Draft
2024-05-03,C004,CLD,R2748,189.2,235.3,£48.00,"9,081.98","₹358,512",Billed
2024.03.10,C011,Soc,R6159,41.0,50.6,£42.00,"1,720.13","₹60,759",Billed
2024-04-27,C005,ofp ,R3245,182.9,207.0,16.00,"£2,926.00","117,094",draft
2024.05.05,C011,Dev,R6190,,23.3,GBP 45.00,£788.81,"₹36,648",Credit
2024.02.21,C011,Dev,R6150,17.7,22.7,£45.00,795.11,"36,849",billed
2024-05-01,C006,Dev,R3770,92.7,117.4,45.00,"4,171.35","195,562",draft
"May 9, 2024",C007,NOC,R4267,147.2,178.6,£28.00,"£4,121.57","₹157,728",draft
2024.03.01,C003,DEV,R2224,165.1,203.3,,#N/A,"353,744",Credit
13/04/2024,C002,ofp ,R1734,210.9,246.6,16.00,"3,374.32","₹140,860",draft
04/03/2024,C012,noc,R6627,48.9,59.8,28.00,"£1,369.89","51,679",Credit
01/10/2024,C005,HD,R3323,615.3,700.4,£22.00,"£13,535.85","506,451",credit
2024.10.02,C003,DEV,R2315,247.1,313.1,£45.00,"£11,120.46","₹520,897",Billed
2024.06.20,C004,HD,R2756,449.3,null,£22.00,"£9,885.12","358,897",Billed
16/02/2024,C005,Ofp,R3220,166.8,195.4,£16.00,"£2,669.42",null,billed
2024-12-27,C008,aut,R4797,24.5,31.3,52.00,"GBP 1,275.82","₹45,913",BILLED
26/07/2024,C001,AUT,R1269,126.8,155.5,52.00,"£6,594.27","₹239,950",draft
2024-05-26,C008,DEV,R4701,124.1,156.0,£45.00,"5,582.68","256,434",Draft
24/03/2024,C008,cld,R4668,58.0,75.2,£48.00,"£2,784.73","INR 115,504",Credit
23/05/2024,C007,SOC,R4270,208.2,259.8,£42.00,"£8,745.34","311,857",billed
18/01/2024,C003,CLD,R2194,223.9,282.0,£48.00,#REF!,"₹438,226",Billed
22/08/2024,C012,HD,R6684,157.6,190.2,GBP 22.00,"3,467.57","125,982",Billed
2024.03.04,C004,DEV,R2717,159.5,206.0,45.00,"£7,177.12","₹335,586",Billed
2024.09.21,C005,aut,R3316,51.2,62.3,£52.00,"2,664.59","98,093",credit
2024-10-05,C001,cld,R1304,275.9,349.8,48.00,"13,242.43","521,102",Draft
2024-07-21,C010,Aut ,R5744,19.7,24.4,52.00,"1,023.01","36,502",credit
2024.06.28,C002,soc ,R1751,214.5,270.4,£42.00,"9,010.29","310,053",Credit
"Feb 5, 2024",C011,CLD,R6147,18.2,23.3,£48.00,872.63,"₹34,348",draft
"Sep 5, 2024",C003,Cld ,R2299,626.7,756.2,£48.00,"£30,080.85","₹1,228,267",BILLED
2024-12-08,C007,noc,R4367,145.6,173.2,28.00,#REF!,"152,938",Billed
"Dec 7, 2024",C009,Cld ,R5310,66.4,81.6,£48.00,"£3,189.54","125,766",Billed
05/12/2024,C004,Dev,R2851,164.8,214.7,45.00,"£7,416.62","325,914",billed
2024-09-17,C001,Dev,R1295,305.4,394.6,£45.00,"13,743.19","₹653,038",Credit
2024-09-26,C006,Dev,R3828,133.9,168.3,45.00,"£6,023.79","INR 282,458",credit
"Oct 22, 2024",C003,Ofp,R2319,511.8,601.9,GBP 16.00,"8,188.99","₹332,381",Draft
2024-11-12,C009,dev ,R5298,82.6,103.7,-,"£3,718.45","₹176,460",credit
"Mar 28, 2024",C003,cld,R2221,149.0,191.5,NA,"£7,151.30","285,944",billed
2024-02-12,C012,dev ,R6621,17.0,22.8,£45.00,NA,"INR 34,273",BILLED
2024-06-25,C003,noc,R2260,826.1,1000.1,£28.00,"23,130.65","₹885,480",Draft
2024.08.02,C008,noc,R4737,160.7,195.3,£28.00,"4,499.90","165,884",draft
2024-10-03,C001,soc ,R1302,270.2,340.3,42.00,"£11,349.18","₹393,016",BILLED
2024-07-27,C003,Hd,R2271,552.2,668.7,22.00,"12,148.46","INR 451,209",draft
04/12/2024,C001,SOC,R1329,748.2,966.7,£42.00,"31,424.67","₹1,076,059",draft
"May 20, 2024",C008,Noc ,R4693,154.4,188.0,£28.00,"4,322.06","165,892",billed
"Dec 6, 2024",C012,cld,R6740,48.9,61.9,£48.00,"2,349.53","₹99,169",billed
20/11/2024,C006,soc ,R3855,83.5,108.4,£42.00,"3,506.98","₹124,326",Credit
2024-05-07,C001,soc ,R1237,420.3,526.5,42.00,"17,652.31","₹614,014",Credit
2024-06-28,C011,OFP,R6204,148.4,177.6,£16.00,"2,375.13","₹97,213",draft
2024-03-06,C003,SOC,R2218,282.3,366.0,£42.00,"11,858.62","413,951",Draft
12/10/2024,C001,Noc ,R1300,993.5,1182.4,28.00,"£27,818.37","₹1,090,436",credit
"Aug 5, 2024",C009,OFP,R5263,473.6,568.3,£16.00,"GBP 7,578.09","308,299",Draft
11/12/2024,C007,HD,R4364,332.3,394.7,£22.00,"7,311.56","₹263,649",Credit
"Apr 14, 2024",C011,Cld ,R6177,27.1,34.7,£48.00,"£1,301.99","₹52,946",Credit
2024-07-28,C005,HD,R3281,812.5,936.6,£22.00,"17,875.88","664,442",billed
05/09/2024,C003,Hd,R2296,1404.7,1635.8,22.00,"30,903.45","1,124,736",Draft
09/08/2024,C006,cld,R3810,96.9,116.7,48.00,"£4,652.96","189,900",draft
14/07/2024,C001,hd ,R1260,586.8,691.4,22.00,"12,908.65","467,280",BILLED
"Jul 6, 2024",C005,NOC,R3283,216.4,267.6,£28.00,"6,059.78","230,853",Credit
2024-04-01,C005,DEV,R3243,222.4,278.9,45.00,"£10,010.17","₹478,551",Billed
2024.09.16,C999, HD,R4749,1273.6,1501.3,£22.00,"£28,018.98","₹1,033,575",Billed
2024-02-01,C010,Dev,R5676,13.3,16.4,GBP 45.00,597.77,"27,698",billed
11/10/2024,C009,aut,R5285,45.1,55.4,£52.00,"2,343.66","₹84,175",Billed
"Aug 21, 2024",C008,Soc,R4739,44.4,55.6,42.00,"1,864.89","₹65,272",BILLED
2024.05.07,C006,aut,R3773,35.4,46.0,52.00,"£1,842.47","₹67,290",Credit
2024-09-24,C005,OFP,R3320,262.0,311.8,£16.00,"£4,191.95","171,014",Billed
2024.01.15,C012,CLD,R6607,18.4,24.0,£48.00,£884.77,"36,822",Draft
2024-12-12,C001,DEV,R1333,504.0,651.8,45.00,"£22,680.53","₹1,043,039",Billed
2024.09.24,C004,dev ,R2800,285.5,363.4,45.00,n/a,"INR 598,805",draft
2024-03-18,C003,HD,R2216,402.4,470.0,22.00,"8,851.82","₹333,661",Credit
"Apr 17, 2024",C003,OFP,R2242,149.1,172.5,£16.00,"2,384.90","INR 95,632",credit
2024-02-04,C007,CLD,R4226,62.3,78.2,n/a,"2,989.12","₹120,359",Credit
2024-03-21,C012,soc ,R6629,10.1,12.8,42.00,426.27,"₹14,977",draft
2024.10.25,C004,hd ,R2805,488.6,596.9,22.00,"10,748.41","398,657",billed
2024-04-15,C008,AUT,R4686,36.7,45.1,£52.00,"£1,906.18","71,658",billed
2024.08.26,C012,Ofp,R6695,192.7,221.9,16.00,"3,083.87","₹124,884",credit
2024-08-12,C008,HD,R4735,327.3,406.9,£22.00,"7,201.58","272,730",draft
2024-07-12,C012,noc,R6673,41.5,50.8,GBP 28.00,"1,163.12","₹45,181",credit
"Apr 24, 2024",C009,ofp ,R5205,161.7,192.7,16.00,"£2,586.44","₹109,999",billed
12/08/2024,C005,noc,R3297,604.6,727.7,£28.00,"£16,929.58","₹625,507",BILLED
2024-07-05,C002,Dev,R1769,220.7,274.2,£45.00,"£9,932.04","456,650",Credit
"Apr 8, 2024",C999,aut,R4261,31.9,42.6,£52.00,"1,660.47","61,541",Credit
2024-08-18,C009,cld,R5257,208.9,264.6,£48.00,#REF!,"409,067",draft
2024-11-23,C002,soc ,R1820,276.4,347.1,GBP 42.00,"£11,609.35","₹414,184",credit
08/10/2024,C006,Dev,R3843,306.8,402.8,£45.00,"£13,805.62","₹631,815",Draft
2024.04.05,C006,CLD,R3753,88.6,110.1,48.00,"£4,251.68","168,294",credit
01/02/2024,C005,ofp ,R3219,184.7,NA,16.00,"2,954.78","₹125,891",BILLED
2024.02.24,C009,Ofp,R5178,108.9,124.5,GBP 16.00,"£1,742.64","₹71,248",Draft
"Oct 24, 2024",C001,dev ,R1307,270.7,337.8,n/a,"£12,183.63","₹562,838",billed
20/02/2024,C002,Aut ,R1702,89.7,110.6,52.00,"GBP 4,662.87","₹170,020",draft
2024-05-23,C007,DEV,R4276,94.2,121.0,45.00,"£4,237.32","₹199,490",Draft
18/11/2024,C002,aut,R1827,105.6,128.9,52.00,"5,493.54","₹201,181",credit
16/07/2024,C007,HD,R4297,450.9,510.7,£22.00,"£9,920.58","368,916",Draft
2024.02.08,C011,NOC,R6143,188.7,232.6,£28.00,"5,282.67","₹198,200",Credit
"May 11, 2024",C011,cld,R6187,19.2,25.0,48.00,£921.59,"37,619",BILLED
2024-04-19,C010,soc ,R5700,14.6,18.4,£42.00,£614.98,"INR 21,543",Credit
05/10/2024,C010,aut,R5787,10.2,12.7,52.00,529.11,"20,433",draft
12/11/2024,C012,HD,R6723,195.9,230.2,22.00,"4,309.01","₹161,012",credit
2024-02-12,C009,cld,R5174,,89.7,£48.00,"3,379.49","133,360",billed
2024-02-16,C006,Soc,R3718,93.2,118.9,£42.00,#N/A,"138,950",Draft
2024-01-28,C012,soc ,R6604,15.9,19.9,£42.00,£665.86,"23,596",Draft
2024.04.17,C003,Soc,R2231,559.1,710.1,42.00,"£23,484.21","827,065",billed
26/04/2024,C001,NOC,R1219,322.9,391.9,28.00,"£9,041.40","INR 337,300",Credit
2024.12.04,C002,AUT,R1840,126.3,157.5,52.00,"GBP 6,568.79","238,844",billed
2024-05-12,C001,NOC,R1236,999.9,1187.3,£28.00,"£27,997.02","1,037,639",billed
"Aug 9, 2024",C007,HD,R4310,491.8,587.4,22.00,"£10,820.68","399,980",BILLED
2024-08-04,C999,Cld ,R4742,111.7,147.7,£48.00,"5,359.71","₹218,054",Billed
2024.04.10,C003,NOC,R2230,738.5,878.3,£28.00,"£20,678.59","804,183",credit
02/12/2024,C006,DEV,R3875,88.0,118.7,45.00,"3,961.34","183,320",BILLED
12/07/2024,C002,CLD,R1767,472.4,636.4,£48.00,"£22,674.58","INR 937,660",draft
"Aug 17, 2024",C002,Ofp,R1782,184.7,218.4,£16.00,"£2,955.84","120,888",draft
2024.09.20,C001,AUT,R1296,355.3,450.4,52.00,"18,477.08","INR 689,523",Billed
2024-03-09,C009,OFP,R5193,140.1,166.6,£16.00,"£2,241.58","₹94,107",BILLED
2024-03-15,C005,Hd,R3222,430.9,500.1,£22.00,"£9,480.04","349,252",billed
2024-05-27,C004,CLD,R2747,225.8,280.7,£48.00,"10,836.19",,billed
2024-07-20,C006,Cld ,R3797,102.0,130.5,£48.00,"4,897.26","₹194,596",billed
2024-08-14,C007,Aut ,R4318,24.6,31.3,£52.00,"£1,277.78","48,044",Billed
2024-02-16,C009,Noc ,R5170,413.9,485.3,28.00,"£11,588.29","448,483",billed
20/06/2024,C001,hd ,R1245,1017.6,1180.4,£22.00,"£22,386.15","₹856,670",credit
2024-03-07,C006,Aut ,R3741,40.6,48.4,52.00,"£2,111.40","₹79,995",billed
2024-06-13,C010,DEV,R5731,18.6,24.0,£45.00,NA,"INR 38,853",BILLED
2024-05-16,C009,DEV,R5218,67.4,87.7,£45.00,"3,031.14","142,282",draft
"Jun 24, 2024",C003,hd ,R2258,534.7,617.5,£22.00,"11,763.71","INR 437,204",draft
2024.02.27,C999,cld,R6146,15.8,20.2,£48.00,759.51,"₹30,120",Credit
2024-04-17,C006,hd ,R3747,384.9,437.6,£22.00,#REF!,n/a,draft
02/09/2024,C004,Noc ,R2793,301.7,365.0,£28.00,"8,448.47","316,880",billed
2024-11-28,C008,OFP,R4786,208.1,242.2,16.00,"£3,329.66","₹136,032",Credit
06/11/2024,C004,Hd,R2823,536.8,658.3,GBP 22.00,"11,810.60","440,359",Billed
2024-10-13,C006,Ofp,R3846,165.9,189.5,16.00,"2,655.07","106,884",credit
2024.12.08,C003,Soc,R2337,419.7,536.6,£42.00,"17,626.50","INR 620,771",Draft
18/08/2024,C004,noc,R2783,428.9,519.6,£28.00,"£12,007.99","₹467,634",credit
28/10/2024,C009,DEV,R5283,150.3,201.5,£45.00,"(2,029.63)","302,507",draft
2024-06-14,C005,noc,R3265,215.0,270.5,GBP 28.00,"6,019.63","238,032",billed
17/12/2024,C008,AUT,R4795,23.5,30.0,52.00,"GBP 1,222.63","46,043",Billed
2024-01-25,C007,soc ,R4213,160.3,200.9,42.00,"6,731.07","₹241,382",Draft
"Mar 4, 2024",C004,OFP,R2722,328.8,392.6,£16.00,"5,260.60","INR 220,320",draft
2024.08.08,C012,soc ,R6689,13.0,16.1,42.00,543.92,"₹18,837",Draft
"Oct 19, 2024",C007,cld,R4344,79.4,103.3,48.00,"3,812.79","149,885",Billed
2024-04-18,C011,noc,R6173,56.3,70.1,£28.00,"£1,576.31","₹59,727",BILLED
2024-12-13,C004,OFP,R2856,239.6,281.2,GBP 16.00,"£3,834.32","₹160,662",Draft
2024-12-05,C999,aut,R4374,46.6,59.9,£52.00,"2,422.71","89,961",Billed
2024-01-17,C005,SOC,R3198,60.1,71.9,£42.00,"2,524.48","88,700",credit
16/02/2024,C007, HD,R4220,497.2,587.2,22.00,"£10,938.20","₹414,399",Credit
2024-02-05,C003,Hd,R2202,1202.3,1382.0,22.00,#N/A,"964,677",BILLED
2024.10.26,C008,SOC,R4764,74.0,91.1,£42.00,"£3,108.72","108,598",Credit
2024.05.06,C006,soc ,R3767,73.5,92.7,£42.00,"3,085.49","105,597",Credit
"Aug 11, 2024",C004,hd ,R2781,1128.8,1322.2,£22.00,"£24,833.87","₹923,280",BILLED
2024-10-03,C010,Hd,R5778,393.0,463.1,NA,"£8,646.20","₹317,623",BILLED
2024-06-16,C002,CLD,R1754,407.9,503.6,£48.00,"(£5,873.70)","INR 803,192",Draft
"May 6, 2024",C012,ofp ,R6658,455.0,518.1,£16.00,"£7,279.91","₹307,192",BILLED
"Jun 11, 2024",C007,hd ,R4281,290.1,343.1,GBP 22.00,"£6,381.15","₹243,315",billed
2024-08-02,C006,hd ,R3805,285.8,322.3,22.00,"6,287.26","236,487",Billed
"Jun 4, 2024",C010,Soc,R5726,15.3,19.1,42.00,£640.92,"22,629",billed
2024-12-14,C008,NOC,R4790,226.9,272.8,28.00,"GBP 6,352.64","INR 238,805",credit
2024.08.03,C003,ofp ,R2295,157.0,184.7,16.00,"£2,511.49","101,858",Draft
04/04/2024,C008,noc,R4679,146.2,171.8,£28.00,"£4,092.48","157,661",BILLED
2024-04-03,C010, HD,R5698,557.5,641.9,22.00,"12,265.00","₹456,257",credit
"Feb 7, 2024",C006,soc ,R3717,87.3,111.3,£42.00,"£3,664.51","129,489",credit
2024.10.24,C004,CLD,R2813,379.1,472.7,GBP 48.00,"£18,194.78","₹720,188",BILLED
2024-06-03,C005,OFP,R3277,212.6,245.6,NA,"£3,401.17","139,158",Billed
2024.04.18,C003,OFP,R2240,127.7,147.7,£16.00,"GBP 2,042.60","81,199",Credit
21/08/2024,C009,NOC,R5252,164.3,209.4,28.00,"4,599.40","178,320",credit
2024-05-03,C004,Aut ,R2751,88.3,110.6,£52.00,"£4,589.55","₹165,753",draft
"Oct 21, 2024",C005,aut,R3334,40.9,50.4,£52.00,"£2,127.33","INR 82,184",billed
2024-04-20,C007,noc,R4251,134.7,160.5,£28.00,"£3,772.34","143,197",billed
21/11/2024,C005,NOC,R3339,-,644.6,28.00,"15,488.10","576,404",credit
11/07/2024,C007,ofp ,R4308,,174.0,£16.00,"2,402.53","95,444",Draft
2024.02.19,C010,NOC,R5671,80.1,93.4,£28.00,(£672.52),"83,274",billed
2024-01-08,C009,DEV,R5162,-,83.0,45.00,"£2,828.13","₹130,633",credit
2024-11-07,C001,SOC,R1317,339.5,431.8,42.00,"14,259.22","506,887",Credit
28/11/2024,C012,Cld ,R6732,54.9,69.0,£48.00,"£2,633.97","108,279",Credit
"May 5, 2024",C012,SOC,R6652,16.6,20.3,GBP 42.00,697.61,"₹25,287",draft
2024.09.18,C004,ofp ,R2803,355.5,427.9,16.00,"£5,687.37","₹238,723",BILLED
2024-07-01,C005,Noc ,R3282,168.0,207.7,28.00,"4,703.05","₹176,728",billed
2024-10-21,C012,CLD,R6716,22.5,27.4,GBP 48.00,#N/A,"42,831",Credit
2024-02-24,C012,SOC,R6615,10.6,13.8,£42.00,£445.29,"INR 15,180",credit
2024-03-24,C005,Aut ,R3233,-,74.9,52.00,"£3,084.98","INR 114,690",billed
11/10/2024,C004,Dev,R2817,212.3,271.6,45.00,"£9,553.07","₹441,613",BILLED
2024.05.10,C003,cld,R2253,161.5,202.9,GBP 48.00,"7,753.51","317,681",billed
2024-04-08,C010,ofp ,R5708,389.1,446.5,£16.00,"£6,224.89","INR 266,107",draft
17/08/2024,C001,ofp ,R1285,328.7,384.3,£16.00,"£5,259.82","₹217,820",credit
15/09/2024,C999,ofp ,R6708,197.6,234.9,£16.00,"3,161.37","₹127,037",BILLED
2024-07-18,C007,Cld ,R4303,66.7,84.8,£48.00,"3,203.17","₹128,180",Draft
2024-03-21,C003,AUT,R2227,132.5,167.3,£52.00,"£6,887.53","₹250,199",draft
"May 24, 2024",C003,Noc ,R2245,282.5,347.7,£28.00,"7,910.71","290,685",Credit
2024.11.18,C001,Ofp,R1325,762.5,883.6,£16.00,"12,200.34","₹498,790",credit
2024.06.03,C010,Aut ,R5733,10.1,12.6,GBP 52.00,522.77,"₹19,891",Credit
08/08/2024,C009,Aut ,R5260,22.7,28.7,52.00,"£1,179.60","44,285",billed
2024-12-12,C010,Aut ,R5809,6.8,8.4,£52.00,£354.25,"₹13,408",BILLED
2024-07-11,C004,OFP,R2779,278.5,321.9,£16.00,"£4,456.22","₹183,175",credit
2024-02-11,C006,Hd,R3713,812.6,991.6,22.00,"17,877.01","₹663,522",BILLED
22/12/2024,C005,OFP,R3358,209.3,241.7,16.00,"£3,348.11","₹139,669",Draft
2024-03-17,C009,OFP,R5191,122.1,145.2,£16.00,"1,953.57","₹81,196",Draft
14/07/2024,C009,Aut ,R5247,36.5,45.9,£52.00,"£1,896.33","₹70,933",Billed
06/04/2024,C001,AUT,R1229,132.0,168.1,£52.00,"£6,864.46","253,586",BILLED
20/04/2024,C006,dev ,R3756,134.1,168.8,45.00,"£6,034.22","286,068",Credit
2024.10.03,C009,HD,R5275,621.9,741.9,GBP 22.00,"£13,682.38","508,736",Draft
02/09/2024,C002,hd ,R1786,550.4,644.7,£22.00,"GBP 12,109.16","₹456,580",draft
2024-08-20,C003,Soc,R2286,332.1,416.0,£42.00,"£13,947.96","₹477,232",BILLED
2024-12-09,C004,Hd,R2841,469.9,576.2,22.00,"£10,337.65","₹380,538",Draft
24/01/2024,C005,OFP,R3207,301.5,n/a,£16.00,"4,823.91","₹199,932",Draft
2024-04-10,C009,SOC,R5197,93.5,113.2,£42.00,"3,927.98","₹138,459",Billed
2024-01-17,C003,cld,R2195,231.6,291.7,48.00,"£11,118.06","INR 434,028",Billed
11/02/2024,C004,noc,R2695,389.0,465.1,£28.00,"£10,893.33","411,470",Draft
02/10/2024,C006,Ofp,R3847,171.0,195.3,GBP 16.00,"£2,735.92","112,015",BILLED
"Nov 3, 2024",C007,dev ,R4357,145.1,179.2,45.00,"6,531.12","INR 296,390",BILLED
2024.08.27,C011,Soc,R6223,11.1,13.5,£42.00,£466.06,"₹15,579",BILLED
2024-11-14,C004,OFP,R2839,810.5,926.2,16.00,"£12,967.67","₹537,005",billed
2024-08-04,C011,dev ,R6228,23.1,28.9,£45.00,"1,041.24","46,500",credit
2024-07-05,C012,hd ,R6670,155.1,188.3,NA,"3,412.98","₹128,673",Billed
06/03/2024,C008, HD,R4661,344.2,396.5,£22.00,"GBP 7,571.93","₹284,376",BILLED
"Oct 24, 2024",C007,cld,R4343,70.7,92.0,GBP 48.00,"£3,392.80","INR 139,008",billed
06/07/2024,C009,SOC,R5239,175.2,221.5,42.00,"£7,359.59","₹262,539",Credit
2024-09-03,C004,Ofp,R2804,311.6,375.1,£16.00,"£4,986.35","₹210,784",Draft
11/04/2024,C007,Hd,R4248,253.9,304.9,£22.00,"£5,585.72","212,020",draft
2024-09-19,C002,SOC,R1790,221.9,285.8,£42.00,"£9,320.77","₹327,743",BILLED
2024.04.16,C002,Aut ,R1732,118.4,148.6,£52.00,"6,155.32","₹224,476",draft
"Dec 24, 2024",C006,Cld ,R3871,89.8,112.4,48.00,"£4,311.48","₹177,530",Credit
01/08/2024,C007,DEV,R4317,109.1,139.8,45.00,"4,911.65","224,330",Draft
2024-09-25,C011,Ofp,R6246,143.1,169.3,16.00,"2,290.34","95,310",Billed
2024-11-19,C009,dev ,R5300,98.0,123.0,null,"£4,411.51","₹195,322",Draft
21/09/2024,C006, HD,R3821,291.5,353.6,22.00,"6,412.44","₹234,367",Credit
15/07/2024,C002,Noc ,R1765,422.1,507.5,-,"£11,817.99","₹454,776",BILLED
2024.12.08,C002,aut,R1842,129.9,161.9,£52.00,"£6,752.65","₹248,428",BILLED
2024-01-01,C006,Soc,R3703,160.9,205.1,42.00,"£6,756.41","INR 240,017",Billed
2024-06-24,C005,Noc ,R3266,195.4,245.9,£28.00,"5,472.53","208,195",Billed
2024.06.02,C008,Cld ,R4714,189.2,238.2,£48.00,"9,082.69","362,092",Draft
"Jun 4, 2024",C007,Aut ,R4294,26.1,33.7,£52.00,"1,358.91","₹50,004",Draft
"Jun 13, 2024",C001,OFP,R1258,223.7,267.3,£16.00,"GBP 3,579.11","148,415",billed
13/10/2024,C004,CLD,R2814,383.1,477.7,GBP 48.00,"£18,388.15","₹767,120",Credit
2024-12-25,C010,cld,R5803,30.2,37.7,48.00,(435.41),"59,160",Billed
2024-04-08,C012,hd ,R6639,259.5,307.4,£22.00,"£5,709.45","INR 213,765",credit
26/01/2024,C008,Noc ,R4637,270.6,326.1,28.00,"7,577.36","₹277,752",BILLED
07/10/2024,C011,SOC,R6250,13.0,null,42.00,£547.80,"19,404",credit
"Jan 12, 2024",C012,ofp ,R6611,240.4,276.6,£16.00,"3,846.34","INR 160,233",Billed
05/10/2024,C999,noc,R6713,83.7,95.9,28.00,"GBP 2,342.70","84,256",Credit
2024.12.01,C009,noc,R5308,582.1,673.8,£28.00,"£16,299.32","₹628,718",credit
26/08/2024,C008,noc,R4738,169.7,206.2,£28.00,"4,752.77","179,723",draft
"Feb 3, 2024",C004,Dev,R2702,157.0,193.7,£45.00,"£7,063.20","322,198",Billed
01/01/2024,C007,noc,R4210,114.5,139.6,£28.00,"£3,206.55","₹121,770",billed
2024-10-05,C006,CLD,R3840,100.2,125.1,£48.00,"4,810.29","193,576",Draft
"Mar 21, 2024",C007,Aut ,R4245,45.5,56.6,52.00,"GBP 2,363.46","₹87,035",Billed
"Dec 8, 2024",C005,AUT,R3356,39.5,47.2,£52.00,"2,054.41","₹76,543",Billed
27/12/2024,C011,CLD,R6278,28.2,34.7,£48.00,"£1,353.29","₹54,159",Credit
2024-05-22,C999,Aut ,R4704,20.8,25.2,52.00,"1,080.09","39,747",draft
2024-03-04,C006,SOC,R3733,70.8,89.2,42.00,"£2,974.00","105,455",credit
24/05/2024,C001,HD,R1234,895.1,1023.3,22.00,"£19,693.22","INR 703,793",credit
"Apr 20, 2024",C004,aut,R2736,91.9,null,52.00,"4,776.46","176,040",Credit
2024-05-04,C001, HD,R1235,1106.4,1264.8,22.00,"£24,341.80","890,376",Draft
"Apr 1, 2024",C008,OFP,R4689,217.5,252.8,£16.00,"£3,480.50","144,715",Billed
09/07/2024,C004,SOC,R2772,632.5,775.0,£42.00,"£26,562.93","919,866",BILLED
2024-10-01,C007,SOC,R4342,64.3,80.9,42.00,"£2,699.01","INR 92,274",draft
2024.03.11,C002,Soc,R1711,230.4,286.1,£42.00,"9,678.46","345,776",Billed
"Apr 2, 2024",C002,Hd,R1722,575.4,645.2,£22.00,"(3,797.32)","468,604",draft
25/10/2024,C008,DEV,R4768,89.4,110.3,45.00,"£4,020.97","₹179,272",Credit
2024-05-16,C008,OFP,R4707,127.5,147.7,16.00,"2,040.52","83,159",draft
03/04/2024,C004,Ofp,R2739,233.5,276.8,16.00,"3,735.42",-,Billed
"Mar 21, 2024",C006,HD,R3727,317.6,368.3,£22.00,"6,986.74","₹255,750",draft
2024-03-26,C001,Aut ,R1214,195.8,251.6,£52.00,"10,180.70","₹374,222",Billed
2024-05-21,C012,Dev,R6656,25.0,31.3,45.00,"1,126.00","₹50,465",billed
2024.04.15,C007,NOC,R4252,112.9,134.5,£28.00,"£3,160.91","₹123,705",BILLED
2024-07-10,C003,dev ,R2277,228.6,293.7,£45.00,"10,289.16","470,754",BILLED
2024-06-04,C009,SOC,R5226,186.6,234.2,42.00,"£7,835.24","280,649",BILLED
"Sep 8, 2024",C001,OFP,R1297,394.0,446.2,16.00,"£6,304.13","₹260,874",Billed
2024-10-12,C007,Dev,R4346,132.0,168.0,45.00,"£5,940.04","283,988",Draft
"Aug 13, 2024",C010,soc ,R5753,15.9,19.8,42.00,£666.12,"23,284",BILLED
2024-02-23,C002,Dev,R1698,151.3,191.9,45.00,"£6,808.57","₹321,618",credit
2024.04.15,C010,SOC,R5701,14.0,17.5,£42.00,£586.21,"₹20,607",credit
"Sep 14, 2024",C009,NOC,R5265,512.6,634.8,£28.00,"14,351.98","₹536,905",Billed
16/12/2024,C010,SOC,R5802,24.9,30.9,£42.00,"1,044.76","37,595",BILLED
2024-06-04,C008,Noc ,R4712,129.0,158.8,28.00,"£3,611.55","142,834",draft
2024-06-03,C008,NOC,R4710,138.7,170.8,£28.00,"3,884.15","₹138,571",Draft
2024-01-14,C002,CLD,R1684,135.2,171.7,GBP 48.00,"£6,487.81","₹253,489",Draft
2024-01-03,C009,Hd,R5153,307.9,352.1,£22.00,"£6,773.78","250,290",billed
2024-07-03,C011,HD,R6207,266.8,322.3,£22.00,"£5,868.62","₹216,856",credit
2024-12-07,C004,HD,R2840,463.3,568.1,GBP 22.00,"£10,191.65","386,621",BILLED
"Apr 8, 2024",C001,SOC,R1224,295.7,369.8,£42.00,"12,419.28","₹427,850",draft
2024-09-19,C001,HD,R1286,901.0,1040.8,£22.00,"£19,822.73",NA,BILLED
19/10/2024,C012,hd ,R6710,194.0,224.0,22.00,"£4,267.23","159,388",Draft
2024.10.03,C012,dev ,R6717,17.8,23.3,45.00,£802.03,"37,362",billed
2024.03.01,C008,DEV,R4671,111.9,149.4,45.00,"£5,033.49","236,669",Draft
2024-09-24,C005,Soc,R3312,93.2,115.3,42.00,"GBP 3,915.62","136,776",Draft
11/01/2024,C008,Ofp,R4646,352.0,415.6,£16.00,"5,632.50","₹232,512",billed
"Jan 1, 2024",C009,Noc ,R5156,185.2,228.8,£28.00,"£5,186.29","₹194,921",credit
2024-08-21,C001,cld,R1278,192.2,240.3,£48.00,"£9,223.20","372,284",Draft
24/11/2024,C007,Aut ,R4359,31.2,39.3,52.00,"£1,620.65","58,998",billed
2024.06.10,C011,soc ,R6200,18.3,22.8,42.00,£767.83,"27,634",Credit
2024-03-21,C003,DEV,R2225,172.3,212.1,45.00,"£7,752.81","₹357,639",Draft
"Jan 20, 2024",C009,AUT,R5165,39.4,48.5,n/a,"2,047.20","75,667",Credit
2024-03-16,C008,aut,R4673,37.0,47.0,£52.00,"£1,923.75","INR 70,521",credit
2024.12.22,C001,Cld ,R1330,210.5,272.4,48.00,"GBP 10,105.50","397,775",draft
01/12/2024,C009,Ofp,R5315,264.5,301.9,£16.00,"£4,232.28","174,697",credit
"May 27, 2024",C999,Cld ,R4697,65.8,84.1,£48.00,"3,156.49","₹123,870",BILLED
17/04/2024,C005,hd ,R3238,698.8,812.8,22.00,"15,373.55","₹565,201",Credit
24/02/2024,C002,SOC,R1693,204.9,268.4,42.00,"£8,605.00","INR 298,975",draft
"Mar 19, 2024",C003,aut,R2226,146.1,184.5,52.00,"7,596.01","286,777",draft
2024.04.09,C007,OFP,R4264,526.4,629.6,£16.00,"£8,422.18","₹341,543",billed
2024-08-28,C012,NOC,R6687,52.0,61.3,£28.00,"1,456.94","55,980",Billed
"Jan 22, 2024",C999,DEV,R6138,27.7,34.3,GBP 45.00,"1,245.80","₹55,227",Draft
26/10/2024,C007,ofp ,R4349,473.8,571.7,£16.00,"GBP 7,581.15","307,725",Draft
2024.11.16,C006,NOC,R3852,228.7,271.6,28.00,"£6,402.48","239,047",Billed
2024-05-28,C007,hd ,R4266,414.2,474.7,GBP 22.00,"£9,113.02","343,878",draft
15/05/2024,C003,soc ,R2250,215.0,271.8,£42.00,"£9,031.48","₹318,119",draft
05/04/2024,C003,Dev,R2235,166.0,224.4,£45.00,"£7,469.35","351,588",draft
22/06/2024,C002,ofp ,R1759,199.2,233.7,16.00,"3,187.64","135,902",BILLED
2024-12-01,C012,dev ,R6742,16.1,20.6,£45.00,£723.53,"₹32,758",Billed
2024.03.06,C005,NOC,R3226,163.4,199.5,£28.00,"4,573.92","₹179,089",Draft
2024-08-13,C010,NOC,R5751,60.0,73.8,28.00,#N/A,"₹62,350",Billed
2024.07.23,C001,NOC,R1263,355.1,442.1,28.00,"£9,941.48","₹387,175",Billed
"Feb 24, 2024",C001,Noc ,R1188,361.2,437.8,£28.00,"GBP 10,112.92","393,910",Billed
2024-12-27,C004,cld,R2849,290.1,NA,£48.00,"£13,923.82","566,329",Draft
"Jul 19, 2024",C006,NOC,R3794,162.8,202.6,28.00,"4,559.35","168,447",BILLED
2024-07-09,C006,Dev,R3800,107.2,135.7,£45.00,"4,823.53","₹227,479",Credit
"Dec 8, 2024",C011,Noc ,R6274,202.2,241.3,£28.00,"£5,662.71","₹218,911",Draft
"Jun 26, 2024",C009,dev ,R5229,233.4,309.0,£45.00,"£10,502.48","483,881",billed
"Dec 17, 2024",C009,CLD,R5311,79.0,96.9,48.00,"3,790.74","₹149,478",Credit
2024.10.28,C011,Aut ,R6255,18.9,24.3,£52.00,£983.22,"36,724",Billed
2024.11.06,C004,HD,R2824,517.3,634.3,£22.00,"£11,379.58","₹420,541",billed
21/11/2024,C008,noc,R4778,194.3,237.8,28.00,"5,440.48","INR 201,471",Billed
10/05/2024,C005,Hd,R3249,419.4,500.4,-,"9,227.07","329,944",Credit
2024.12.20,C003,Dev,R2343,160.8,218.6,45.00,"£7,235.89","332,098",Billed
2024.12.22,C999,CLD,R1332,168.4,217.9,£48.00,"£8,081.82","₹325,944",BILLED
2024.06.19,C008,Hd,R4709,597.2,690.0,£22.00,"13,137.98","₹479,499",Draft
2024.10.15,C006,ofp ,R3845,142.1,162.2,£16.00,"2,273.00","₹93,912",draft
2024-05-28,C009,Aut ,R5219,38.5,47.1,£52.00,"£2,003.57","73,683",Credit
2024-09-21,C005,ofp ,R3319,262.0,311.8,£16.00,"4,191.39","₹173,606",credit
03/11/2024,C002,ofp ,R1829,345.2,403.9,£16.00,"£5,522.99",null,draft
2024.12.21,C009,soc ,R5309,230.2,278.6,,"9,668.24","332,610",Credit
2024-12-17,C010,DEV,R5806,16.9,20.9,45.00,£761.03,"₹34,980",BILLED
2024-02-16,C003,aut,R2211,104.9,134.2,52.00,"GBP 5,456.81","199,531",Billed
2024.04.25,C011,Soc,R6174,21.4,27.0,42.00,899.42,"30,965",billed
2024.04.02,C010,soc ,R5702,13.7,17.2,£42.00,£575.13,"19,290",BILLED
2024.09.15,C008,CLD,R4755,107.5,134.0,£48.00,"£5,158.34","₹199,014",billed
2024-07-27,C012,Cld ,R6676,51.8,67.1,48.00,"£2,486.05","₹99,500",billed
2024-07-22,C010,hd ,R5736,281.8,339.1,22.00,"6,200.44","₹226,742",Billed
10/05/2024,C005,Hd,R3250,362.5,432.5,22.00,"£7,975.93","296,408",credit
12/04/2024,C002,dev ,R1730,377.0,481.8,GBP 45.00,"16,965.00","INR 780,077",billed
"Oct 28, 2024",C009,Soc,R5278,73.0,93.7,£42.00,"3,065.41","INR 109,813",credit
"Jun 17, 2024",C011,ofp ,R6205,146.2,174.9,£16.00,"2,339.33","₹95,126",BILLED
2024-11-09,C007,OFP,R4362,289.8,344.9,£16.00,"4,636.16","INR 186,186",BILLED
2024-03-12,C001,Dev,R1210,178.4,229.0,£45.00,"£8,027.38","₹365,155",draft
2024-07-12,C004,aut,R2778,122.7,157.3,GBP 52.00,"£6,378.62","234,180",Credit
18/01/2024,C001,CLD,R1178,153.8,195.1,£48.00,"7,381.79","₹294,313",Billed
11/12/2024,C009, HD,R5306,538.3,622.6,£22.00,"£11,841.61","421,309",Billed
"Dec 10, 2024",C006,Noc ,R3866,143.2,171.2,£28.00,"£4,008.34","₹151,753",Draft
2024-01-25,C008,cld,R4640,97.2,121.4,£48.00,"£4,666.52","₹187,002",Billed
2024-11-19,C002,CLD,R1822,156.9,195.2,£48.00,"7,532.49","302,339",BILLED
2024.09.11,C999,hd ,R3308,742.3,849.0,22.00,"£16,331.18","₹622,540",Draft
2024-03-24,C011,AUT,R6165,5.3,6.7,£52.00,#REF!,"₹10,352",Credit
12/11/2024,C008,CLD,R4780,249.5,310.9,48.00,"11,974.84","₹483,128",Draft
2024-10-15,C008,Ofp,R4772,456.2,519.3,NA,"£7,298.41","295,888",credit
"Jan 25, 2024",C004,DEV,R2685,169.6,212.9,GBP 45.00,"7,631.19","346,983",credit
2024-05-26,C012,cld,R6655,27.6,36.6,48.00,"1,324.90","52,179",billed
28/10/2024,C004,aut,R2818,113.6,137.8,52.00,"£5,907.57","219,597",billed
2024-08-28,C010,Hd,R5748,275.0,322.8,22.00,"£6,050.30","₹230,701",credit
2024.02.20,C007,NOC,R4223,185.5,224.1,GBP 28.00,"£5,194.23","₹196,115",draft
26/02/2024,C005,noc,R3212,142.5,-,£28.00,"£3,989.14","₹150,120",billed
2024-04-01,C007,Hd,R4250,301.3,361.9,£22.00,"£6,629.70","₹251,318",BILLED
25/04/2024,C003,DEV,R2236,159.8,216.0,£45.00,"£7,190.32","327,831",billed
"Apr 19, 2024",C010,Dev,R5706,14.9,19.0,£45.00,£671.15,"₹30,360",Draft
01/08/2024,C004,Ofp,R2791,638.6,737.8,£16.00,"10,217.65","425,925",Credit
08/04/2024,C011, HD,R6170,282.8,334.2,22.00,"£6,222.03","₹234,734",Billed
"May 5, 2024",C009,Ofp,R5222,131.6,152.7,16.00,"£2,105.47","₹87,375",Billed
2024-11-10,C007,dev ,R4356,135.4,167.2,£45.00,"6,092.88","₹284,344",BILLED
06/02/2024,C006,OFP,R3726,138.8,156.0,16.00,"£2,220.40","₹95,600",BILLED
14/04/2024,C012,Soc,R6642,13.6,18.0,£42.00,£573.23,"19,679",billed
03/08/2024,C005,cld,R3301,363.9,477.3,£48.00,"17,466.46","696,516",Draft
"Dec 23, 2024",C011,Dev,R6280,22.8,28.9,£45.00,"£1,025.88","₹48,658",Credit
2024.01.20,C003,Soc,R2193,526.7,704.8,£42.00,"£22,119.91",,Credit
2024-06-24,C008,aut,R4717,20.7,26.2,£52.00,"£1,078.78","39,551",BILLED
24/09/2024,C001,Noc ,R1289,415.7,486.0,28.00,"£11,638.81","459,026",Draft
2024-07-09,C009,Cld ,R5242,68.7,84.5,GBP 48.00,"£3,297.36","₹133,492",Draft
27/06/2024,C001,AUT,R1254,188.5,245.9,£52.00,"£9,803.02",null,draft
2024-10-01,C001,aut,R1308,203.1,247.4,52.00,"£10,562.81","₹388,383",Billed
"Aug 20, 2024",C001,Soc,R1275,453.4,566.0,42.00,"19,044.25","696,135",Credit
2024.12.15,C010,ofp ,R5812,208.4,244.2,n/a,"3,334.80","₹139,122",Billed
2024-09-17,C006,Dev,R3829,114.5,143.9,45.00,"(£1,545.41)","235,686",credit
09/09/2024,C003,noc,R2297,986.4,1154.3,28.00,"£27,619.67","1,024,511",Billed
15/11/2024,C012,soc ,R6730,9.8,12.7,42.00,412.78,"14,426",Draft
"May 21, 2024",C008,ofp ,R4705,110.3,127.8,16.00,"£1,764.93","₹72,822",billed
"Jun 25, 2024",C009,ofp ,R5233,208.1,241.8,£16.00,"3,329.23","136,785",Billed
11/12/2024,C012,Ofp,R6745,145.3,177.5,£16.00,"£2,324.60","₹95,098",billed
2024-08-03,C002,HD,R1774,1634.9,1933.1,22.00,"£35,966.70","1,378,457",draft
02/12/2024,C002,soc ,R1836,236.1,304.5,42.00,null,"₹358,525",BILLED
2024.04.14,C004,CLD,R2730,160.9,209.0,-,"7,722.47","₹310,399",Billed
05/01/2024,C001,NOC,R1173,355.1,453.3,-,"9,942.52","₹387,509",Billed
"Jan 2, 2024",C010,Aut ,R5668,10.2,12.3,£52.00,529.70,"INR 19,328",draft
2024-03-21,C007,CLD,R4239,89.8,116.2,£48.00,"£4,310.72","168,811",Billed
19/06/2024,C006,Hd,R3777,706.6,824.5,,"£15,544.98","₹556,432",credit
2024-01-06,C011,Noc ,R6133,177.1,220.7,28.00,"£4,958.59","₹188,499",credit
2024-07-14,C001,ofp ,R1271,334.7,387.6,GBP 16.00,"5,355.90","INR 225,514",BILLED
2024-08-20,C010,noc,R5752,57.0,70.1,£28.00,"£1,595.04","59,691",draft
2024-10-15,C999,aut,R1309,190.0,231.4,GBP 52.00,"£9,880.29","359,303",billed
2024.04.27,C010,dev ,R5704,16.3,20.8,£45.00,£732.57,"₹33,298",billed
2024-07-03,C010,Ofp,R5745,113.7,132.7,16.00,"GBP 1,818.71","₹74,580",credit
"Jan 3, 2024",C002,DEV,R1686,120.4,157.4,£45.00,"£5,419.86","255,833",Billed
27/12/2024,C005,Ofp,R3359,209.2,241.6,£16.00,"£3,347.04","141,487",credit
2024-01-10,C012,cld,R6608,15.0,19.5,48.00,£720.18,"₹29,833",credit
"Dec 1, 2024",C003, HD,R2335,506.0,596.6,22.00,"£11,132.09","₹413,893",credit
2024.04.22,C010,DEV,R5705,12.8,16.4,£45.00,£577.21,"₹25,098",Draft
"Jul 5, 2024",C007,Hd,R4298,482.8,546.8,22.00,"£10,621.87","₹389,990",BILLED
"Nov 11, 2024",C008,Noc ,R4776,null,240.3,£28.00,"5,498.92","210,749",Billed
"Sep 25, 2024",C008,Aut ,R4758,22.4,28.0,52.00,"£1,164.07","43,828",Draft
10/05/2024,C011,dev ,R6191,20.9,27.8,£45.00,GBP 941.58,"44,887",Credit
14/10/2024,C002,OFP,R1811,224.5,255.1,£16.00,"£3,591.98","₹152,413",Draft
2024-11-26,C999,Ofp,R6270,163.0,185.5,16.00,"GBP 2,608.43","₹107,164",Credit
2024-06-10,C003,SOC,R2261,,844.6,£42.00,"£28,810.98","1,026,594",Draft
2024-03-26,C007,DEV,R4242,94.5,122.1,45.00,"£4,252.30","INR 195,518",draft
14/04/2024,C003,ofp ,R2241,124.1,143.6,16.00,"1,985.15","80,197",Draft
2024.11.02,C006,Soc,R3853,77.7,100.8,£42.00,"£3,263.64","113,505",BILLED
10/08/2024,C003,cld,R2288,258.3,325.9,48.00,"£12,396.44","₹493,249",BILLED
05/12/2024,C004,OFP,R2857,285.0,334.4,16.00,"£4,560.69","181,457",Draft
2024-04-12,C001,Cld ,R1227,160.2,198.1,£48.00,"£7,690.87","INR 303,869",Credit
2024-12-19,C011,Dev,R6281,18.9,24.0,£45.00,#N/A,"₹38,199",Billed
2024-05-12,C005,Dev,R3255,86.4,110.5,45.00,"£3,887.79","₹176,159",draft
2024-12-24,C012,NOC,R6737,65.1,74.5,28.00,"GBP 1,822.02","₹69,406",billed
02/12/2024,C011,SOC,R6276,12.8,16.6,GBP 42.00,539.51,"18,398",credit
10/07/2024,C999,OFP,R4309,151.5,175.5,£16.00,"£2,423.77","101,662",billed
2024-09-09,C002,soc ,R1788,243.5,313.5,£42.00,"£10,225.79","363,154",billed
2024-12-05,C009,HD,R5307,589.5,681.8,£22.00,"£12,968.04","463,752",draft
"Oct 27, 2024",C006,SOC,R3838,72.0,87.9,42.00,"£3,022.48","INR 106,874",Billed
"May 4, 2024",C003,Cld ,R2251,176.8,222.1,£48.00,"8,486.49","₹337,344",Draft
22/07/2024,C010,OFP,R5747,130.0,151.8,£16.00,"GBP 2,079.81","85,653",Credit
2024.03.11,C004,dev ,R2718,181.3,234.3,£45.00,"£8,160.35","393,268",billed
2024-06-28,C012,ofp ,R6668,487.8,543.5,£16.00,"7,805.19","₹326,010",draft
2024-08-12,C008,HD,R4733,330.7,411.1,22.00,"7,276.43","₹276,435",credit
2024-12-02,C004,Soc,R2847,272.9,341.0,42.00,"(3,438.08)","₹390,254",Draft
2024-03-11,C001,dev ,R1211,195.8,251.4,45.00,"8,812.88","422,948",draft
"Nov 15, 2024",C004,Soc,R2830,542.5,679.1,£42.00,"GBP 22,783.13","795,963",BILLED
19/11/2024,C002,Cld ,R1823,157.3,195.6,£48.00,"£7,548.91","₹297,225",Credit
2024.02.21,C011,Dev,R6150,17.7,22.7,£45.00,795.11,"36,849",billed
07/02/2024,C002,Ofp,R1704,176.7,207.3,16.00,"GBP 2,827.53","117,500",Draft
"Jun 6, 2024",C007,Ofp,R4296,546.9,637.9,£16.00,"£8,749.94","INR 347,122",draft
"Jul 22, 2024",C011,CLD,R6211,29.6,36.4,£48.00,"£1,421.88","₹55,993",Billed
"Jul 22, 2024",C012,Soc,R6675,30.5,37.7,£42.00,"GBP 1,281.85",n/a,Credit
2024-09-08,C012,Noc ,R6700,81.1,98.2,28.00,error,"86,304",billed
22/05/2024,C006,cld,R3768,124.5,160.6,48.00,"£5,975.79","₹239,754",Credit
2024-09-05,C012,Cld ,R6704,27.3,34.0,£48.00,"1,309.62","53,150",BILLED
"Feb 28, 2024",C005,Hd,R3209,1169.0,1338.9,£22.00,"GBP 25,717.62","962,674",Credit
"Feb 24, 2024",C999,Aut ,R4659,73.1,90.8,null,"3,801.78","₹142,347",BILLED
05/10/2024,C007,Soc,R4340,55.6,70.0,42.00,"£2,336.72","INR 80,622",Draft
"Mar 21, 2024",C006,soc ,R3732,60.1,75.6,£42.00,"2,522.36","₹87,810",Draft
"Oct 22, 2024",C006,aut,R3844,92.2,119.4,52.00,"£4,795.58","₹181,103",Billed
2024-12-28,C003,noc,R2336,802.6,1008.7,£28.00,"22,472.11","₹867,960",Credit
2024-05-14,C010,hd ,R5709,589.3,720.7,£22.00,"£12,963.54","₹491,753",BILLED
"Apr 28, 2024",C005,Soc,R3241,96.0,122.0,42.00,"4,032.37","143,854",BILLED
"Sep 5, 2024",C003,ofp ,R2304,149.5,174.3,16.00,"£2,391.75","101,040",BILLED
2024-09-06,C005,aut,R3318,40.6,49.4,52.00,"GBP 2,111.40","₹79,814",billed
2024.09.02,C011,DEV,R6240,19.9,25.0,45.00,£896.51,"₹41,978",Billed
"Mar 13, 2024",C002,ofp ,R1720,193.1,223.9,£16.00,"GBP 3,088.91","INR 126,669",Credit
15/10/2024,C004,aut,R2820,85.4,103.5,52.00,"£4,439.54","169,834",draft
2024-02-09,C010,DEV,R5677,13.6,16.8,45.00,612.22,"28,434",Credit
26/01/2024,C010,HD,R5659,197.9,228.6,22.00,"4,352.76","INR 164,050",BILLED
17/07/2024,C002,Ofp,R1773,575.1,654.3,£16.00,"£9,201.36","383,373",Draft
2024-08-11,C003,dev ,R2291,134.3,178.1,£45.00,"£6,045.25","280,851",Draft
2024-04-25,C006,SOC,R3751,60.2,n/a,£42.00,"2,526.35","INR 87,567",billed
2024-04-23,C011,Noc ,R6171,71.6,89.2,28.00,"2,005.28","₹78,777",Draft
2024-05-13,C005,OFP,R3259,187.9,216.0,£16.00,-,"₹124,671",credit
2024-03-18,C007,NOC,R4236,193.6,235.5,£28.00,"5,420.18","₹203,794",BILLED
2024-01-22,C008,Aut ,R4644,23.5,29.3,52.00,"£1,220.66","₹46,282",Draft
2024-07-14,C005,cld,R3287,115.9,146.5,48.00,"£5,565.54","225,683",BILLED
2024-10-09,C012,dev ,R6718,17.2,22.4,£45.00,£773.30,"36,006",credit
2024-10-05,C003,noc,R2308,289.6,347.0,£28.00,"8,108.90","₹315,980",Credit
2024-12-16,C011,ofp ,R6284,226.8,261.4,GBP 16.00,"£3,628.79","150,475",draft
2024-03-09,C010,Aut ,R5696,6.5,8.2,GBP 52.00,£338.84,"₹12,845",BILLED
14/07/2024,C007,Cld ,R4302,72.2,91.8,£48.00,"3,466.30","₹139,946",credit
28/07/2024,C011,DEV,R6213,18.7,24.1,£45.00,£840.91,"INR 39,111",BILLED
"Apr 6, 2024",C012,cld,R6644,22.3,28.2,£48.00,"£1,068.05","₹42,303",Billed
"Nov 6, 2024",C008,NOC,R4777,173.2,212.0,28.00,"4,849.91","₹182,929",Credit
2024-03-12,C010,Dev,R5692,26.6,34.2,45.00,(£359.25),"₹56,400",draft
"Feb 7, 2024",C008,soc ,R4653,69.7,86.8,GBP 42.00,"£2,928.35","₹101,304",Credit
"May 2, 2024",C007,Cld ,R4271,61.3,78.9,48.00,"2,941.46","₹115,289",billed
02/09/2024,C005,Noc ,R3310,310.2,372.8,28.00,"£8,686.04","₹336,987",Billed
28/06/2024,C003,DEV,R2264,122.7,156.7,£45.00,"(1,656.63)","253,515",Billed
"Oct 20, 2024",C009,OFP,R5288,232.4,267.0,16.00,"3,717.89","152,790",credit
2024-12-25,C004,aut,R2855,144.1,180.3,52.00,"£7,491.33","₹270,473",billed
02/05/2024,C007,Hd,R4265,433.8,497.2,22.00,"£9,544.69","350,018",Billed
2024-07-13,C010,cld,R5742,27.6,35.0,£48.00,(396.98),"₹52,249",Credit
13/09/2024,C009,soc ,R5268,66.3,81.6,42.00,"2,785.05","₹96,388",credit
01/03/2024,C008, HD,R4663,331.0,381.4,£22.00,"£7,282.09","INR 269,854",Draft
2024-03-17,C008,AUT,R4674,30.2,38.4,£52.00,-,"61,528",BILLED
2024-05-08,C001,OFP,R1242,435.3,507.7,£16.00,"6,965.60","₹293,410",BILLED
2024-12-21,C002,Cld ,R1838,570.1,721.4,£48.00,"27,366.63","1,097,240",BILLED
10/07/2024,C005,SOC,R3285,133.8,163.6,42.00,"£5,620.67","₹196,841",draft
2024-08-05,C009,Noc ,R5253,143.3,182.7,£28.00,"4,013.05","₹150,869",draft
20/05/2024,C005,AUT,R3258,112.4,138.5,£52.00,"£5,843.69",,billed
2024.07.08,C003,soc ,R2275,315.5,400.5,42.00,"£13,252.75","459,202",BILLED
2024.05.24,C999,DEV,R1745,208.5,277.1,£45.00,"GBP 9,382.97","436,711",BILLED
"May 17, 2024",C011,soc ,R6186,45.5,55.2,£42.00,"£1,909.52","₹63,962",Draft
2024-08-24,C011,Ofp,R6231,160.5,187.1,£16.00,"2,567.69","₹105,629",billed
2024-02-12,C001,SOC,R1193,289.9,368.8,£42.00,"12,174.85","423,625",credit
2024-05-21,C003,noc,R2247,299.1,368.1,£28.00,"£8,375.56","335,035",credit
2024-05-04,C011,HD,R6183,235.4,278.4,22.00,"GBP 5,179.05","INR 194,149",Credit
"Oct 15, 2024",C008,Noc ,R4763,594.6,707.4,£28.00,"16,650.15","INR 601,228",credit
08/11/2024,C008,AUT,R4784,36.5,48.3,£52.00,"£1,898.47","₹70,047",Billed
2024.12.03,C008,SOC,R4792,181.2,234.2,42.00,"7,610.32","271,768",Credit
"Oct 27, 2024",C008,hd ,R4762,1080.3,1240.4,GBP 22.00,"23,767.38","₹903,545",Draft
09/11/2024,C010,ofp ,R5796,190.4,219.0,£16.00,"£3,047.01","₹124,111",Billed
"Jan 28, 2024",C008,HD,R4634,342.2,410.5,22.00,"£7,529.33","INR 282,188",Credit
2024-06-28,C012,NOC,R6661,40.3,-,£28.00,"£1,127.56","43,884",Credit
"Aug 26, 2024",C002,Soc,R1776,-,405.9,£42.00,"£13,321.28","463,371",Draft
19/06/2024,C001,Cld ,R1250,512.2,658.1,£48.00,"(£7,376.28)",null,Draft
24/12/2024,C004,OFP,R2858,277.1,325.1,16.00,"4,433.01","₹182,819",credit
10/04/2024,C006,NOC,R3749,243.9,305.4,-,"6,828.49","266,186",Billed
2024-01-19,C009,Hd,R5152,,270.6,£22.00,"£5,205.91","₹185,140",draft
"Feb 23, 2024",C005,soc ,R3213,176.2,211.6,£42.00,"(2,220.39)","266,320",billed
2024-06-04,C010,DEV,R5729,14.1,18.1,£45.00,(£190.32),"29,494",draft
11/11/2024,C004,DEV,R2834,211.1,272.0,45.00,"GBP 9,499.87","434,203",billed
2024-03-25,C007,Dev,R4243,85.9,111.0,45.00,"£3,865.25","₹183,642",Credit
2024.06.24,C012,Hd,R6659,423.7,489.5,22.00,"9,321.57","346,811",Billed
2024-03-04,C011,Ofp,R6168,140.5,158.0,£16.00,error,"91,706",credit
03/11/2024,C006, HD,R3849,289.9,339.2,22.00,"6,378.84","₹236,059",BILLED
"Mar 19, 2024",C003,CLD,R2222,133.8,172.0,48.00,"£6,423.32","259,034",Draft
2024-08-26,C012,DEV,R6693,46.1,59.6,GBP 45.00,"£2,073.92","97,895",billed
23/09/2024,C001,hd ,R1287,1068.0,1233.6,£22.00,"23,495.66","848,647",Billed
2024.08.22,C002,SOC,R1777,301.5,385.9,£42.00,"12,664.87","₹444,136",credit
06/12/2024,C004,dev ,R2852,202.9,264.3,£45.00,"9,129.68","423,713",credit
2024-12-25,C005,OFP,R3360,230.3,265.9,16.00,"3,684.07","₹152,008",Billed
07/09/2024,C008,Cld ,R4756,110.6,137.9,£48.00,"5,310.26","₹216,265",credit
2024-02-03,C004,hd ,R2693,684.3,782.4,GBP 22.00,"15,053.55","549,383",draft
2024.01.04,C001,Noc ,R1172,276.7,353.3,£28.00,"7,748.72","292,053",BILLED
"Feb 9, 2024",C007,Noc ,R4222,165.5,200.0,£28.00,"4,633.77","174,070",billed
13/02/2024,C011,SOC,R6145,20.1,24.7,£42.00,843.15,"29,411",Billed
2024-11-14,C004,CLD,R2832,348.3,442.0,£48.00,"16,718.67","₹680,561",Draft
2024-01-23,C006,aut,R3708,25.7,31.6,52.00,"1,337.42","48,585",Draft
"Jul 12, 2024",C007,OFP,R4307,148.5,172.0,£16.00,,"₹99,881",Billed
2024-11-15,C002,aut,R1825,131.0,159.9,£52.00,"£6,811.65","₹257,690",Draft
07/12/2024,C002,HD,R1830,778.2,898.8,22.00,"17,119.75","₹655,717",credit
2024-09-04,C006,SOC,R3824,104.5,131.1,GBP 42.00,"4,388.06","₹156,133",Billed
06/04/2024,C004, HD,R2724,1427.3,1648.3,£22.00,"31,400.30","1,158,310",Draft
"Aug 3, 2024",C011,SOC,R6224,13.6,16.6,42.00,GBP 572.19,"₹19,471",Billed
11/08/2024,C004,DEV,R2788,282.0,366.7,£45.00,NA,"₹603,641",credit
22/06/2024,C001,Soc,R1248,307.5,388.4,n/a,"12,912.95","₹437,652",credit
2024-09-24,C012, HD,R6698,141.2,159.3,22.00,"£3,107.28","115,920",Credit
2024-01-04,C004,hd ,R2680,1436.0,1685.0,22.00,"£31,593.06","₹1,143,539",Draft
"Jul 25, 2024",C011,Cld ,R6212,25.3,31.1,48.00,"£1,216.26","₹49,544",Credit
28/04/2024,C005,noc,R3239,406.8,501.1,£28.00,"11,389.88","424,666",BILLED
15/05/2024,C004,Dev,R2749,222.0,278.1,45.00,"9,987.76","478,214",BILLED
01/11/2024,C006,DEV,R3858,130.4,164.8,£45.00,"£5,867.69","INR 270,364",BILLED
2024-03-11,C001,cld,R1209,260.0,338.6,48.00,"12,479.24","₹504,134",billed
2024.02.17,C011,dev ,R6151,17.4,22.3,-,£781.57,"36,077",billed
2024-06-18,C001,SOC,R1247,261.5,,42.00,"£10,981.28","370,694",draft
2024-07-27,C006,Dev,R3799,118.9,150.5,£45.00,"5,350.86","₹247,638",Billed
2024-09-19,C006,CLD,R3826,-,110.5,48.00,"4,264.70","170,793",Credit
2024-12-28,C006,Ofp,R3879,432.5,499.2,£16.00,"6,920.40","₹281,903",credit
2024.10.25,C006,SOC,R3839,73.3,-,£42.00,"3,076.75","₹107,571",Credit
14/11/2024,C012,noc,R6727,54.7,62.6,GBP 28.00,"1,530.92","57,452",Credit
"May 20, 2024",C012,noc,R6650,63.9,76.7,28.00,"£1,788.59","67,595",billed
2024.11.02,C001,dev ,R1321,550.8,688.6,45.00,"£24,784.48","INR 1,144,582",billed
2024-01-19,C004,Ofp,R2690,192.9,222.0,£16.00,"3,086.77","129,067",Draft
27/08/2024,C003,Soc,R2285,328.2,411.1,£42.00,"13,783.57","₹481,716",billed
2024-10-17,C004,Hd,R2807,489.4,597.9,£22.00,"£10,767.28","403,868",Credit
28/05/2024,C007,Ofp,R4279,231.7,265.1,£16.00,"£3,707.31","₹148,284",BILLED
"Oct 1, 2024",C004,Dev,R2816,172.9,221.2,45.00,"7,780.58","₹353,038",Draft
04/08/2024,C005,Aut ,R3303,102.6,127.0,GBP 52.00,"£5,333.84","₹200,750",credit
"Dec 7, 2024",C010,ofp ,R5811,222.5,260.7,£16.00,"3,560.13","₹142,216",billed
2024-04-24,C010,aut,R5707,23.9,29.7,£52.00,"£1,243.41","₹45,807",draft
"Apr 9, 2024",C009,hd ,R5194,488.5,550.9,£22.00,"GBP 10,745.91",null,billed
2024-05-02,C008,SOC,R4696,160.2,205.3,42.00,"£6,728.05","236,619",Billed
2024-05-07,C011,AUT,R6194,9.0,11.5,£52.00,470.01,"17,833",Draft
"Apr 1, 2024",C999, HD,R1723,535.6,600.7,£22.00,#REF!,"418,738",Billed
05/05/2024,C011,AUT,R6193,8.2,10.4,GBP 52.00,426.86,"15,888",Draft
2024.11.27,C009,AUT,R5301,31.9,39.7,52.00,"1,656.55","₹62,480",Draft
2024-01-19,C999,NOC,R5661,62.7,74.7,£28.00,"£1,756.50","68,782",Draft
19/08/2024,C002,noc,R1775,1086.5,1319.9,28.00,"30,421.08","1,142,274",Credit
"Dec 1, 2024",C002,ofp ,R1843,557.1,667.2,£16.00,"GBP 8,913.04","INR 358,758",Billed
2024-08-22,C008,Ofp,R4748,194.9,224.1,16.00,"£3,118.47","₹127,989",draft
"Aug 2, 2024",C011,dev ,R6227,26.3,32.8,£45.00,(£355.00),"53,603",billed
2024-05-06,C001,CLD,R1239,541.1,663.9,£48.00,"25,973.32","INR 1,034,177",draft
"Apr 5, 2024",C004,Ofp,R2738,231.9,275.0,£16.00,"£3,711.12","157,823",billed
2024-10-04,C005,Hd,R3322,624.4,710.7,£22.00,"£13,735.87","₹506,575",credit
22/08/2024,C999,dev ,R2789,282.4,367.2,45.00,"£12,707.70","₹589,244",Credit
04/06/2024,C002,SOC,R1753,265.5,334.7,£42.00,n/a,"382,137",BILLED
"Jan 24, 2024",C003,dev ,R2197,167.5,221.4,£45.00,"£7,538.41","₹339,650",draft
13/09/2024,C005,aut,R3317,49.6,n/a,£52.00,"£2,579.63","96,270",billed
23/09/2024,C010,CLD,R5770,62.1,76.5,GBP 48.00,"£2,978.94","₹123,645",Credit
19/06/2024,C006,dev ,R3783,83.1,108.0,£45.00,"£3,740.60","₹169,805",billed
2024-11-22,C007, HD,R4350,975.3,1122.8,22.00,"£21,456.85","₹795,001",credit
2024-04-22,C002,NOC,R1727,293.8,352.5,28.00,"8,225.40","315,850",Credit
"Jan 25, 2024",C006,cld,R3706,93.7,114.7,GBP 48.00,"£4,499.27","INR 178,082",draft
06/08/2024,C002,cld,R1778,507.2,644.7,£48.00,"£24,344.56","₹964,440",Credit
2024.09.23,C007,Dev,R4330,96.9,123.1,45.00,"4,361.35","₹204,814",credit
08/05/2024,C010,ofp ,R5721,220.5,264.0,16.00,"3,527.50","₹147,905",Draft
21/07/2024,C004,Hd,R2770,1242.3,1445.5,GBP 22.00,"27,331.34","1,012,311",billed
2024-08-19,C004,cld,R2787,535.1,690.8,£48.00,"£25,683.71","1,048,517",credit
2024-03-25,C003,CLD,R2220,151.4,194.6,£48.00,"£7,266.54","₹279,598",credit
2024.02.25,C999,SOC,R5171,44.0,54.2,£42.00,"GBP 1,848.83","₹64,787",credit
2024-11-14,C006,SOC,R3854,86.2,111.9,42.00,"£3,622.00","₹128,173",Billed
2024.01.16,C006,CLD,R3704,87.7,107.3,£48.00,"£4,207.26","171,566",draft
"Apr 7, 2024",C012,noc,R6640,62.2,74.1,£28.00,"1,740.52","66,632",draft
07/01/2024,C011,HD,R6132,276.0,327.4,n/a,"6,072.81","₹224,845",Draft
13/10/2024,C003,CLD,R2312,194.2,242.9,48.00,"£9,322.77","378,266",draft
"Jan 22, 2024",C009,soc ,R5159,42.4,54.0,42.00,null,"61,475",Credit
2024-11-14,C012,ofp ,R6735,457.2,527.4,16.00,"£7,314.77","₹313,829",draft
2024.06.03,C010,hd ,R5723,282.6,339.5,£22.00,"£6,218.25","₹233,890",draft
"Jul 1, 2024",C006,CLD,R3798,79.5,101.7,£48.00,"GBP 3,818.31","₹150,083",Credit
2024-02-26,C999,Soc,R1192,258.1,328.3,42.00,"10,839.30","374,390",Draft
21/09/2024,C010,Soc,R5769,23.4,30.7,GBP 42.00,£984.63,"₹33,982",credit
2024-01-25,C002,DEV,R1687,123.7,161.7,GBP 45.00,"£5,566.12","₹263,316",credit
2024.02.03,C010,dev ,R5678,13.9,17.2,45.00,(£187.90),"INR 28,476",Draft
"Sep 21, 2024",C009,dev ,R5271,229.7,288.7,45.00,"(3,101.24)","484,720",Billed
08/07/2024,C002,hd ,R1763,533.3,626.2,22.00,"£11,733.23","₹445,851",credit
"Feb 21, 2024",C012,cld,R6618,15.1,18.8,48.00,£726.71,"28,852",Billed
2024-03-18,C008,CLD,R4670,56.6,73.3,48.00,"2,716.73","₹109,509",Billed
2024-07-12,C004,dev ,R2775,168.0,217.4,£45.00,"GBP 7,558.93","INR 351,226",BILLED
2024-06-20,C005,cld,R3271,99.7,125.8,£48.00,"4,787.27","188,934",draft
2024-02-06,C008, HD,R4649,354.7,418.4,22.00,"7,804.18","INR 281,681",credit
"Apr 19, 2024",C012,cld,R6645,22.5,28.5,£48.00,"£1,078.98","44,336",draft
11/01/2024,C008,Ofp,R4646,352.0,415.6,£16.00,"5,632.50","₹232,512",billed
2024-04-17,C001, HD,R1216,665.0,783.2,£22.00,"£14,629.33","540,979",billed
2024-04-22,C003,Aut ,R2238,73.5,89.2,£52.00,"£3,821.32","₹147,153",BILLED
2024-03-13,C004,Cld ,R2714,250.5,318.2,48.00,"£12,025.38","₹484,646",draft
"Feb 25, 2024",C008,Cld ,R4654,88.7,115.7,48.00,"4,256.78","₹173,171",BILLED
2024-09-24,C002,aut,R1796,132.5,171.4,52.00,"6,890.54",n/a,credit
22/09/2024,C007,Aut ,R4333,44.9,55.5,52.00,"£2,334.46","₹89,056",draft
"Jul 20, 2024",C001,noc,R1264,335.0,417.2,null,"£9,381.31","₹349,714",Billed
2024-02-11,C010,OFP,R5684,116.9,143.2,£16.00,"£1,870.66","81,554",credit
04/03/2024,C003,hd ,R2215,396.0,462.6,22.00,"8,711.90","₹323,285",BILLED
22/10/2024,C011,Noc ,R6248,177.9,218.1,£28.00,"£4,980.53","₹193,300",BILLED
26/04/2024,C007,Hd,R4249,284.1,341.2,£22.00,"GBP 6,251.14","₹226,287",Draft
12/04/2024,C009,noc,R5196,552.6,682.2,£28.00,"£15,473.02","₹598,595",draft
2024-10-17,C001,dev ,R1306,254.0,317.0,£45.00,"11,431.97","₹531,260",billed
06/12/2024,C008,ofp ,R4798,150.3,175.7,NA,"2,404.06","₹99,266",Draft
2024.02.05,C011,cld,R6148,16.8,21.5,£48.00,£805.27,"32,198",billed
2024-02-25,C008,NOC,R4650,238.2,285.8,£28.00,"£6,668.70",,Billed
2024-02-22,C002,NOC,R1691,913.1,1067.0,28.00,"25,566.62","977,282",Credit
2024-05-01,C002,DEV,R1744,223.6,297.1,£45.00,"£10,060.07","₹466,579",draft
2024-05-17,C010,Soc,R5711,23.2,28.6,42.00,-,"₹34,010",Draft
15/12/2024,C004,Dev,R2853,172.4,224.6,45.00,"£7,759.77","₹358,619",Credit
2024.04.17,C010,CLD,R5703,48.8,65.7,£48.00,"£2,343.02","₹97,074",draft
2024-10-25,C002,Dev,R1808,241.9,321.5,£45.00,"GBP 10,884.66","₹517,358",draft
2024.04.06,C001,ofp ,R1233,425.2,507.5,£16.00,"6,803.31",NA,credit
01/06/2024,C007,AUT,R4293,28.2,36.4,£52.00,-,"INR 54,746",BILLED
2024-06-22,C004,noc,R2760,449.0,551.3,£28.00,"£12,573.32","473,268",Billed
18/05/2024,C007,cld,R4272,69.2,89.1,48.00,NA,"133,049",credit
2024.02.15,C001,SOC,R1191,306.4,389.8,42.00,"£12,869.87","₹447,361",Billed
2024-08-05,C004,Aut ,R2790,273.5,361.1,£52.00,"14,221.00","512,633",credit
"Jan 16, 2024",C005,Hd,R3193,367.6,422.6,22.00,"8,087.36","297,396",BILLED
2024-05-07,C007,OFP,R4280,242.9,277.9,GBP 16.00,"£3,886.28","INR 164,487",draft
2024-12-06,C010,Noc ,R5800,71.8,n/a,28.00,"2,009.61","₹75,078",BILLED
16/12/2024,C002,soc ,R1837,231.0,298.0,42.00,"£9,703.83","₹339,758",billed
2024.04.09,C004,Aut ,R2735,91.1,111.3,£52.00,"£4,738.90","₹179,241",Draft
2024-04-09,C011,Soc,R6175,19.8,24.9,£42.00,,"₹29,067",credit
17/07/2024,C002,Dev,R1768,178.6,221.9,45.00,"£8,039.19","371,296",draft
23/06/2024,C010,DEV,R5730,17.4,22.4,£45.00,£782.37,"35,976",Draft
2024.02.18,C999,Cld ,R4227,66.1,83.0,£48.00,#REF!,"₹127,227",draft
"Jan 27, 2024",C004,AUT,R2689,119.6,150.4,£52.00,"£6,219.85","232,792",Credit
20/06/2024,C008,Ofp,R4719,123.1,-,16.00,"1,970.12","82,499",draft
2024-06-11,C004,aut,R2766,78.7,97.2,£52.00,"(1,227.64)","₹152,079",draft
2024-05-24,C011,Dev,R6192,21.9,29.1,45.00,986.30,"₹45,203",BILLED
"Feb 19, 2024",C011,AUT,R6153,5.6,6.9,GBP 52.00,£291.17,"INR 10,872",Draft
"Sep 15, 2024",C007,Cld ,R4329,67.8,88.3,£48.00,"£3,253.58","132,366",credit
"Jul 8, 2024",C009,OFP,R5250,144.0,166.5,£16.00,"2,304.67","₹92,576",Billed
14/03/2024,C001,dev ,R1212,189.4,243.1,null,"£8,524.26","INR 387,689",Billed
18/02/2024,C003,dev ,R2208,214.6,273.1,£45.00,"9,655.62",n/a,Credit
2024-11-18,C011,Soc,R6260,20.0,24.0,42.00,£839.28,"₹29,127",Billed
2024.01.13,C002,Cld ,R1683,140.8,178.8,£48.00,"6,757.07","269,816",BILLED
2024.01.28,C005,cld,R3201,85.5,105.7,48.00,"4,102.29","163,334",draft
2024-12-18,C001,ofp ,R1337,273.3,321.7,GBP 16.00,"£4,373.08",NA,BILLED
2024-07-26,C003,soc ,R2274,368.4,467.5,£42.00,"15,471.18","INR 538,571",credit
2024-10-27,C011,cld,R6252,34.8,42.9,GBP 48.00,"1,671.65","65,439",draft
2024.02.01,C001,Noc ,R1189,344.3,417.3,28.00,"£9,640.70","₹358,998",BILLED
2024-04-05,C007,DEV,R4259,91.0,116.7,£45.00,"4,095.49","₹184,466",Draft
2024-09-11,C008,Noc ,R4751,173.4,215.3,-,"GBP 4,855.37","183,363",billed
2024-03-02,C004,soc ,R2713,251.5,311.1,£42.00,"£10,565.01","355,507",Billed
2024-03-20,C012,Ofp,R6637,230.6,260.5,£16.00,"3,690.19","151,951",BILLED
2024.04.25,C003,cld,R2233,242.4,298.8,£48.00,"11,634.33","465,164",Billed
2024-11-24,C008,Dev,R4782,149.8,185.5,£45.00,"6,739.46","₹317,963",Draft
2024-05-07,C004,HD,R2742,643.0,726.5,£22.00,"£14,145.16","₹538,734",draft
2024-12-25,C008, HD,R4787,n/a,372.6,£22.00,"£7,351.13","266,470",Billed
"Feb 22, 2024",C007,hd ,R4221,425.5,502.6,22.00,"9,360.90","353,687",BILLED
21/10/2024,C003,Noc ,R2309,341.4,409.0,28.00,"£9,557.88","₹363,023",BILLED
"Apr 18, 2024",C006,soc ,R3750,54.5,69.3,£42.00,"2,287.79","81,690",Credit
2024.10.04,C006, HD,R3832,417.4,490.7,£22.00,"£9,182.77","334,087",BILLED
2024.01.12,C001,OFP,R1184,250.2,277.2,16.00,"GBP 4,002.63","165,208",credit
"Aug 20, 2024",C010,soc ,R5754,15.7,19.6,£42.00,£658.82,"₹23,432",billed
2024-05-15,C007,DEV,R4275,73.9,94.9,45.00,"3,324.22","150,976",Credit
"Mar 19, 2024",C004,NOC,R2708,351.5,425.7,28.00,"£9,841.78",null,Billed
2024-03-12,C012,Cld ,R6632,26.7,35.1,48.00,"1,280.61","₹51,385",Billed
04/11/2024,C004,noc,R2827,397.4,486.6,£28.00,"GBP 11,128.09","INR 417,543",Credit
02/11/2024,C003,NOC,R2322,477.8,562.3,28.00,"13,379.53","506,851",Draft
2024-11-19,C002,hd ,R1815,878.1,1052.3,22.00,"£19,318.29","699,839",credit
2024-08-14,C005,ofp ,R3305,224.3,254.1,16.00,"£3,588.82","147,256",billed
"Sep 10, 2024",C005, HD,R3307,931.0,1064.7,£22.00,"GBP 20,481.83","791,105",draft
"Jun 5, 2024",C012,Noc ,R6662,48.2,54.6,£28.00,"£1,350.98","₹51,985",Billed
10/06/2024,C004,Cld ,R2763,632.8,780.9,£48.00,"GBP 30,374.33","₹1,222,052",Billed
2024.09.24,C010,dev ,R5772,26.0,33.4,45.00,"1,171.18","INR 52,688",Billed
2024-09-24,C001,dev ,R1294,311.7,402.7,£45.00,"14,026.23","₹664,516",Credit
10/04/2024,C002,noc,R1725,295.5,354.6,28.00,"£8,273.58","318,877",Billed
03/08/2024,C007,aut,R4320,28.5,36.4,£52.00,"£1,482.14","INR 56,105",Draft
2024.07.08,C012,DEV,R6678,16.1,20.7,£45.00,£726.72,"₹34,234",Billed
2024-08-08,C004,Noc ,R2782,466.9,565.7,£28.00,"GBP 13,073.56","₹498,827",credit
2024-11-06,C010,Aut ,R5795,21.0,25.9,GBP 52.00,"1,093.75","39,128",credit
2024-01-12,C001,NOC,R1171,291.8,372.5,28.00,"8,169.74","₹310,978",billed
2024-06-17,C999,SOC,R3780,168.0,208.9,GBP 42.00,"(2,116.81)","INR 250,106",draft
09/07/2024,C008,SOC,R4725,75.0,95.3,42.00,"£3,151.52","109,518",Credit
"Mar 21, 2024",C006,dev ,R3739,91.9,122.7,£45.00,"4,135.67",null,BILLED
2024-01-02,C002,Hd,R1677,1583.2,1841.4,22.00,"(10,449.06)","1,286,743",draft
2024.08.04,C011,Hd,R6218,513.0,586.2,£22.00,"11,286.19","₹419,585",credit
2024-10-19,C003,NOC,R2307,322.5,386.5,28.00,#N/A,"354,905",Draft
2024-08-11,C003,noc,R2282,253.7,312.7,28.00,"£7,104.89","₹266,508",Billed
2024.01.12,C009,Cld ,R5161,65.3,85.5,48.00,"GBP 3,133.37","₹126,438",Billed
"Aug 16, 2024",C010,OFP,R5761,424.2,474.8,£16.00,"£6,787.98","274,582",draft
2024.04.25,C003,dev ,R2234,163.7,221.3,45.00,"£7,365.96","344,164",Credit
2024-05-11,C001,SOC,R1238,491.2,615.2,42.00,"£20,628.45","INR 723,049",Billed
2024.12.04,C005,soc ,R3350,235.2,287.8,42.00,#REF!,"₹350,052",Credit
2024-06-24,C002,Hd,R1749,635.6,737.6,£22.00,"13,983.00","₹516,630",Draft
2024-09-10,C007,hd ,R4323,499.1,616.5,22.00,"10,980.51","408,753",Draft
"Nov 11, 2024",C011,HD,R6258,318.4,381.6,GBP 22.00,"£7,004.29","₹256,707",credit
"Apr 23, 2024",C001,Aut ,R1230,135.2,172.1,52.00,"GBP 7,028.01","261,544",draft
2024-06-01,C003,Cld ,R2263,246.5,313.8,48.00,"11,832.27","462,103",Credit
07/02/2024,C004,Hd,R2694,581.0,664.4,£22.00,"£12,782.94","485,090",billed
2024.06.01,C011,CLD,R6201,67.9,83.2,£48.00,"3,257.27","INR 132,250",Draft
"Aug 4, 2024",C011,ofp ,R6230,129.5,151.0,£16.00,"£2,072.34","INR 82,822",draft
2024.03.23,C001,Soc,R1206,310.1,400.5,£42.00,"£13,025.20","INR 455,940",draft
2024.11.09,C008,DEV,R4781,123.9,153.4,£45.00,"5,574.47","257,692",Draft
2024.07.26,C011,Ofp,R6217,187.3,215.2,£16.00,"2,997.40","123,974",credit
2024-03-12,C009,dev ,R5185,71.8,91.3,45.00,"£3,230.28","149,145",draft
"Apr 27, 2024",C002,Cld ,R1729,500.6,651.6,GBP 48.00,"24,028.63","₹980,486",credit
2024-11-23,C008,Aut ,R4783,33.0,43.6,£52.00,"£1,713.61","₹62,701",credit
2024.09.15,C002,hd ,R1784,545.5,638.9,22.00,"£12,001.03","₹446,482",draft
2024-05-06,C005,DEV,R3257,79.2,101.4,£45.00,"£3,565.97","₹168,551",draft
"Jan 26, 2024",C005,Cld ,R3200,70.6,87.3,£48.00,"(£1,016.43)","133,074",draft
"May 7, 2024",C008,Aut ,R4702,22.4,27.2,£52.00,#N/A,"43,140",Draft
"Jan 11, 2024",C005,SOC,R3197,70.4,null,42.00,"£2,955.18","₹102,744",Draft
2024-05-09,C004,aut,R2752,87.3,109.4,£52.00,"4,538.45","INR 163,075",draft
2024-01-27,C011,aut,R6140,14.9,19.4,£52.00,776.32,"28,587",Credit
2024-06-14,C001,dev ,R1251,198.5,249.8,45.00,"(£2,679.39)","410,384",credit
2024-08-02,C002,Ofp,R1783,180.2,213.0,16.00,"2,882.48","118,186",Billed
2024-04-13,C005,Hd,R3237,633.6,736.9,22.00,"13,938.11","INR 508,233",Billed
2024-05-11,C010,cld,R5714,17.1,20.8,£48.00,£819.65,"32,679",billed
2024.01.07,C007,Aut ,R4217,92.7,113.1,52.00,"4,821.12","₹176,489",BILLED
2024.06.09,C011, HD,R6196,528.1,638.1,£22.00,"11,618.76","₹437,329",billed
2024-12-23,C003,aut,R2344,265.0,334.5,£52.00,"£13,777.41","₹518,109",draft
"Nov 8, 2024",C006,ofp ,R3861,176.6,206.6,16.00,"£2,826.25","116,389",draft
"Dec 25, 2024",C009,cld,R5312,72.6,89.1,£48.00,"3,483.72","₹140,890",Draft
