billing_date,client_id,service_code,resource_id,billable_hours,capacity_hours,bill_rate_gbp,amount_billed_gbp,cost_inr,status
2023-10-25,C012,DEV,R6571,22.5,28.6,£45.00,"GBP 1,014.35","₹46,050",credit
2023.11.16,C006,soc ,R3676,54.4,68.6,42.00,"£2,285.87","77,968",BILLED
"Jul 3, 2023",C002,Soc,R1605,202.2,261.8,£42.00,"(2,547.22)","₹295,647",billed
11/04/2023,C009,hd ,R5024,338.7,386.2,22.00,"7,451.08","274,636",credit
2023-05-16,C011,DEV,R6039,25.1,32.4,£45.00,"£1,128.24","₹50,599",Billed
"Sep 13, 2023",C004,SOC,R2633,360.7,453.2,£42.00,"15,148.96","498,097",Billed
"May 19, 2023",C003,AUT,R2089,106.5,137.9,52.00,"5,535.80","₹207,514",credit
2023-04-18,C005,DEV,R3078,114.7,151.0,45.00,"£5,160.96","INR 234,649",billed
14/07/2023,C010,Cld ,R5584,15.3,19.9,48.00,GBP 733.13,"₹30,039",Billed
2023-11-28,C012,noc,R6579,72.1,87.5,£28.00,"£2,018.71","76,336",Draft
2023-02-04,C001,cld,R1024,149.9,193.3,£48.00,"7,194.06","₹273,925",credit
2023.06.09,C008,AUT,R4545,22.8,29.1,£52.00,"GBP 1,184.91","₹44,527",billed
"Jul 26, 2023",C004,Ofp,R2613,164.9,194.1,£16.00,"£2,638.51","106,693",billed
2023-05-04,C004,Noc ,R2570,265.8,312.0,28.00,"£7,442.50","₹288,805",billed
2023.04.07,C005,Noc ,R3072,144.4,172.6,28.00,"£4,044.34","151,895",Billed
2023-08-25,C011, HD,R6070,138.5,164.5,£22.00,"£3,046.48","INR 113,670",billed
2023-01-20,C009,Hd,R4985,244.2,282.1,£22.00,"£5,371.37","₹200,266",billed
2023-08-06,C003,Dev,R2135,119.5,150.8,£45.00,"GBP 5,376.26","₹238,639",billed
2023-06-01,C005,soc ,R3106,51.0,63.6,£42.00,"2,140.54","₹76,674",Billed
2023-06-11,C002,Dev,R1592,198.5,254.7,£45.00,"£8,930.28","₹412,593",Draft
17/08/2023,C001,SOC,R1097,242.3,304.1,42.00,"10,178.31","₹350,761",BILLED
2023-04-02,C007,Soc,R4091,58.4,73.0,42.00,"£2,453.06","85,932",draft
10/02/2023,C010,aut,R5519,8.6,10.6,£52.00,£446.98,"₹15,957",Draft
10/04/2023,C009,Aut ,R5037,16.3,22.1,52.00,£849.32,"32,045",Draft
2023-09-24,C007,NOC,R4162,124.0,151.1,28.00,"£3,472.91","133,962",Credit
2023-06-15,C008,Soc,R4538,43.8,54.9,£42.00,"1,840.05","INR 67,541",credit
2023-04-24,C007,ofp ,R4102,144.4,167.8,£16.00,#N/A,"95,471",Billed
2023.04.16,C004,Dev,R2561,445.1,560.1,45.00,"GBP 20,031.72","935,184",Draft
"Dec 2, 2023",C008,SOC,R4624,41.2,51.2,42.00,"£1,729.11","₹63,139",Billed
2023-05-27,C010,NOC,R5550,57.1,68.7,28.00,"£1,597.72","₹61,386",credit
"Feb 11, 2023",C002,ofp ,R1545,149.8,171.9,16.00,"£2,397.24","₹97,366",Credit
2023-05-05,C012,Ofp,R6512,374.8,447.1,16.00,"£5,996.97","241,398",BILLED
2023-09-26,C010,hd ,R5606,268.1,320.7,22.00,"GBP 5,898.51","₹217,245",Billed
2023.06.14,C006,cld,R3611,128.2,168.1,48.00,"GBP 6,153.51","243,688",Billed
2023-09-05,C006,CLD,R3656,119.6,156.0,GBP 48.00,"£5,742.04","₹232,413",credit
2023-03-08,C012,ofp ,R6491,156.0,182.4,£16.00,"£2,496.22","104,393",credit
"May 11, 2023",C010,dev ,R5557,24.5,31.6,£45.00,"GBP 1,102.57","53,030",BILLED
2023-11-06,C999,NOC,R3171,504.3,599.0,28.00,"£14,121.77","532,261",Billed
2023-01-04,C010,AUT,R5505,6.4,8.2,£52.00,332.59,"₹12,294",BILLED
2023.12.26,C011,HD,R6118,181.3,210.3,22.00,"3,989.59","153,325",credit
09/12/2023,C012,dev ,R6597,13.3,17.5,£45.00,(180.19),"27,781",Credit
19/06/2023,C005,Dev,R3110,71.8,94.3,45.00,"£3,231.13","152,347",Billed
2023-08-18,C012,ofp ,R6547,192.6,227.4,16.00,"3,081.34","₹128,151",Credit
2023.09.20,C001,cld,R1120,187.5,237.3,£48.00,"9,000.09","₹365,158",credit
2023-08-10,C010,cld,R5596,46.5,58.5,£48.00,"£2,230.01","86,668",credit
2023-05-27,C003,hd ,R2078,1095.8,1224.4,GBP 22.00,"24,108.59","872,361",credit
23/02/2023,C007,SOC,R4062,51.1,67.0,£42.00,"2,144.43","₹75,064",billed
2023.07.20,C003,OFP,R2125,154.0,173.6,£16.00,"2,464.48","INR 101,584",Billed
"Jul 10, 2023",C005,noc,R3120,118.3,145.3,28.00,"£3,311.19","₹129,596",Credit
2023-04-01,C009,cld,R5031,40.5,51.0,£48.00,(583.20),"₹76,486",Billed
03/06/2023,C007,CLD,R4123,90.9,111.5,£48.00,"GBP 4,363.31","₹172,787",billed
2023-11-17,C009, HD,R5123,297.1,346.3,GBP 22.00,"6,535.22","₹249,017",credit
2023.03.07,C008,NOC,R4497,397.8,457.3,28.00,"(£3,341.67)","₹419,131",BILLED
10/07/2023,C009,aut,R5078,32.5,41.5,52.00,"£1,688.90","₹62,754",Draft
2023-02-24,C009,OFP,R5009,288.0,336.7,£16.00,"£4,608.27","₹189,445",credit
2023-10-24,C004,noc,R2646,513.6,607.7,£28.00,"14,381.06","524,962",billed
2023-03-15,C011,Hd,R6006,175.0,206.7,n/a,"£3,849.76","₹141,749",credit
"Nov 10, 2023",C009,DEV,R5135,83.2,102.9,45.00,"£3,745.38","₹172,937",Draft
2023-05-18,C006,Aut ,R3602,32.9,41.5,52.00,"£1,709.97","62,764",Draft
2023-06-18,C003,Soc,R2099,169.4,209.7,42.00,"7,116.55","246,355",Credit
"Dec 21, 2023",C012,DEV,R6598,16.5,21.7,45.00,£743.51,"34,221",billed
2023-10-22,C006,Noc ,R3664,236.3,null,£28.00,"£6,616.61","254,364",Credit
26/02/2023,C001,SOC,R1022,245.8,309.0,42.00,"10,325.27","375,721",draft
05/10/2023,C002,noc,R1644,270.7,325.5,£28.00,"7,578.88","287,866",Draft
2023.08.03,C002,ofp ,R1623,244.5,282.3,16.00,"£3,912.28","165,939",billed
2023.04.09,C007,CLD,R4094,192.2,238.9,£48.00,"£9,227.99","INR 365,359",draft
2023-10-06,C002,Ofp,R1652,624.0,703.7,£16.00,"(GBP 2,995.44)","INR 410,524",credit
"Nov 13, 2023",C009,Soc,R5129,78.8,99.1,£42.00,"3,311.54","₹115,140",Billed
"Jan 24, 2023",C009,OFP,R4994,323.6,382.1,16.00,"5,178.16","₹206,958",Draft
2023-12-28,C001,Noc ,R1157,280.7,334.8,28.00,"7,859.83","₹298,800",billed
26/08/2023,C009,soc ,R5085,44.7,55.3,42.00,"1,875.31","₹64,533",billed
16/09/2023,C011,HD,R6080,149.7,179.6,£22.00,"£3,292.89","₹121,368",billed
2023.09.19,C005,OFP,R3155,178.4,205.1,16.00,"2,854.19","111,297",credit
"Dec 13, 2023",C006,soc ,R3691,202.3,249.0,42.00,"8,497.78","₹288,058",Billed
2023-03-18,C009,hd ,R5010,244.0,286.2,£22.00,"£5,367.60","₹201,387",Billed
2023-02-22,C007,ofp ,R4068,NA,149.8,-,"£2,021.12","82,762",Billed
2023-01-22,C006,CLD,R3542,72.9,93.5,48.00,"£3,499.71","₹140,136",draft
2023-03-26,C012,Ofp,R6493,145.3,169.8,16.00,"£2,324.45","95,205",Billed
"Mar 9, 2023",C006,aut,R3571,36.4,45.7,£52.00,"1,890.77","67,394",Credit
"Dec 19, 2023",C003,Cld ,R2186,216.0,277.2,48.00,"£10,366.63","₹415,389",Draft
2023.05.11,C002,cld,R1580,208.6,-,£48.00,"10,012.61","₹389,734",Credit
2023-06-01,C001,noc,R1069,416.9,493.1,£28.00,"£11,672.60","INR 443,208",billed
2023-11-26,C006,Ofp,R3686,204.9,239.9,£16.00,"3,278.73","₹135,030",Draft
2023-11-15,C010,soc ,R5628,13.3,15.7,£42.00,(167.93),"₹19,314",Draft
"May 17, 2023",C011,Noc ,R6033,180.7,212.8,28.00,"£5,060.36","₹192,176",billed
"Jun 8, 2023",C003,DEV,R2105,130.1,167.6,£45.00,"£5,853.48","INR 268,225",draft
2023.11.24,C012,Noc ,R6578,69.5,84.4,28.00,"£1,946.42","74,001",credit
2023-10-24,C010,soc ,R5615,13.9,null,42.00,null,"20,349",draft
2023-04-17,C009,Dev,R5033,47.5,61.8,45.00,"2,138.23","₹99,090",billed
"Dec 17, 2023",C010,Ofp,R5656,135.1,158.3,£16.00,"£2,160.96","₹89,533",billed
14/04/2023,C002,dev ,R1567,174.6,222.3,£45.00,"7,858.95","₹364,713",BILLED
2023-10-10,C012,Noc ,R6566,42.3,50.6,28.00,"£1,185.15","45,190",Billed
"Jan 3, 2023",C007,Hd,R4045,785.6,914.4,£22.00,"17,282.27","631,923",BILLED
11/06/2023,C003,aut,R2107,67.9,85.0,52.00,"3,531.30","₹130,895",Draft
2023.12.13,C011,OFP,R6130,364.1,419.0,16.00,"£5,826.20","₹241,066",Draft
"Oct 14, 2023",C006,OFP,R3671,126.6,143.9,£16.00,"£2,026.38","₹82,383",BILLED
2023-07-20,C002,hd ,R1602,474.3,536.5,22.00,"10,433.84","387,728",Credit
2023-02-21,C003,Noc ,R2033,250.1,298.7,£28.00,"7,003.53","269,821",billed
2023-08-02,C008,noc,R4567,214.2,272.3,£28.00,"5,998.61","₹228,456",BILLED
"Mar 24, 2023",C010,Dev,R5531,24.2,30.1,£45.00,"1,091.04","51,387",BILLED
2023.02.06,C004,Cld ,R2533,264.4,337.2,£48.00,#N/A,"₹516,604",credit
"Nov 28, 2023",C007,NOC,R4187,190.1,228.9,28.00,"5,323.74","₹204,534",billed
2023-06-25,C004,CLD,R2589,253.3,322.0,£48.00,"£12,160.15","494,744",draft
2023.01.05,C008,aut,R4476,21.6,27.2,£52.00,"1,125.02","42,263",Credit
22/05/2023,C005,hd ,R3083,351.5,417.4,£22.00,"(£2,319.61)","₹282,414",Billed
2023-12-01,C012,OFP,R6600,235.2,262.8,£16.00,"3,763.09","155,836",Draft
05/07/2023,C008,HD,R4551,327.9,380.5,22.00,"7,213.78","INR 272,790",Billed
2023-01-08,C006, HD,R3535,360.9,427.1,£22.00,"£7,940.05","₹291,515",credit
12/04/2023,C006,DEV,R3586,68.6,85.5,£45.00,"GBP 3,086.18","₹143,098",BILLED
24/05/2023,C009,dev ,R5050,150.4,190.8,null,"6,766.71","₹308,079",BILLED
11/07/2023,C003,Hd,R2113,522.1,595.1,22.00,"11,487.09","₹411,652",Credit
2023-10-02,C012,ofp ,R6575,128.7,148.5,£16.00,"2,059.00","₹84,903",billed
2023-03-08,C004,AUT,R2551,82.3,103.8,52.00,"4,279.46","156,129",Credit
2023-11-26,C008,Soc,R4609,52.8,66.1,42.00,"2,216.79","₹77,515",credit
2023.08.22,C007,Dev,R4154,88.6,112.3,£45.00,NA,"186,920",billed
04/12/2023,C006,Noc ,R3690,210.8,254.4,28.00,"£5,901.23","₹230,437",billed
2023-01-20,C011,noc,R5978,53.6,65.8,£28.00,"£1,500.36","₹55,171",draft
2023-12-13,C008,cld,R4627,65.9,83.4,null,(£948.87),"126,811",credit
"Dec 24, 2023",C010,ofp ,R5655,107.4,125.9,£16.00,"1,718.41","₹72,030",BILLED
"Mar 21, 2023",C011,Hd,R6008,173.4,204.9,£22.00,"£3,815.64","INR 136,900",credit
"Nov 21, 2023",C001,soc ,R1144,385.9,465.5,£42.00,"GBP 16,207.79","₹577,754",draft
"Sep 2, 2023",C009, HD,R5098,269.8,310.6,£22.00,"5,934.82","₹223,327",Billed
"Mar 15, 2023",C005,ofp ,R3066,137.2,169.1,£16.00,"£2,195.66","90,769",Billed
"Apr 15, 2023",C004,CLD,R2560,504.2,640.5,£48.00,"£24,200.24","₹949,476",billed
25/05/2023,C008,Hd,R4522,539.0,617.6,£22.00,"£11,857.99","440,627",BILLED
15/07/2023,C012,ofp ,R6536,328.5,377.1,£16.00,error,"₹216,272",BILLED
2023-12-06,C007,Ofp,R4207,147.7,175.6,16.00,"£2,362.66","₹94,808",Credit
01/03/2023,C012,soc ,R6487,17.1,21.8,£42.00,£716.81,"₹25,693",Draft
2023-08-05,C002,Cld ,R1618,118.2,146.7,£48.00,"£5,673.72","₹231,555",Billed
2023-04-09,C011,Ofp,R6028,137.9,157.7,£16.00,"£2,206.67","INR 90,803",credit
"Jan 17, 2023",C009,CLD,R4989,111.7,140.2,£48.00,"£5,359.92","213,783",Billed
2023-04-25,C011, HD,R6019,209.0,247.8,£22.00,"£4,597.99","₹171,294",credit
2023-11-28,C999, HD,R1139,975.4,1113.8,£22.00,"21,459.73","₹807,954",Draft
2023-10-18,C002,NOC,R1643,293.8,353.3,28.00,"£8,227.02","INR 327,619",Credit
06/03/2023,C002,aut,R1556,304.6,372.5,52.00,"15,838.20","581,108",draft
2023.07.08,C003,CLD,R2120,459.2,620.6,£48.00,"£22,042.49","883,646",billed
"Sep 24, 2023",C002,Aut ,R1638,116.6,142.1,£52.00,"£6,063.74","₹221,818",Billed
2023-11-10,C011,SOC,R6109,NA,24.8,£42.00,809.19,"28,984",Billed
2023.12.27,C009,Cld ,R5146,76.7,99.7,GBP 48.00,"£3,680.67","INR 148,475",Draft
2023-07-13,C001,dev ,R1085,158.0,196.9,45.00,error,"₹328,898",Billed
11/02/2023,C012,DEV,R6480,21.5,27.5,£45.00,£965.73,"₹45,816",Draft
"Feb 24, 2023",C003,Hd,R2032,1132.4,1319.0,£22.00,"£24,912.17","₹937,331",draft
"Dec 22, 2023",C002,Dev,R1671,182.5,240.4,£45.00,"£8,212.96","₹375,985",billed
2023.08.18,C008,Ofp,R4577,126.7,148.6,£16.00,"GBP 2,027.08","₹83,432",Billed
2023.11.12,C007,ofp ,R4197,,518.0,£16.00,"£7,113.54","₹302,565",draft
"Nov 13, 2023",C009,DEV,R5134,94.8,117.3,45.00,"£4,267.73","₹197,597",Billed
2023-01-04,C005,dev ,R3035,69.1,87.0,45.00,"GBP 3,109.80","INR 144,977",Billed
"Jul 21, 2023",C011,Soc,R6062,18.9,23.4,£42.00,GBP 793.33,"27,315",Draft
26/07/2023,C009,Soc,R5073,103.2,121.5,£42.00,"£4,334.84","153,584",BILLED
2023-06-07,C002,Aut ,R1594,95.1,122.7,£52.00,"£4,942.95","₹176,659",billed
2023.09.05,C012,CLD,R6553,17.8,22.2,48.00,852.70,"35,150",billed
2023-04-14,C012,cld,R6497,24.0,28.6,£48.00,"GBP 1,152.85","46,482",BILLED
"Jan 14, 2023",C007,noc,R4046,377.0,473.5,£28.00,"£10,556.60","₹397,512",Draft
2023.01.09,C005,HD,R3029,533.3,618.4,£22.00,"11,731.54","₹443,646",Billed
2023-08-10,C007, HD,R4143,361.3,429.0,£22.00,"7,947.68","₹297,973",Billed
2023-10-03,C003,ofp ,R2164,139.5,158.2,GBP 16.00,"£2,232.32","₹91,696",Draft
26/08/2023,C009,hd ,R5080,653.9,776.5,£22.00,"(4,315.97)","₹538,508",credit
24/06/2023,C007,AUT,R4128,39.6,49.2,52.00,"£2,057.84","74,273",draft
"Jan 8, 2023",C012,Noc ,R6464,50.3,60.2,£28.00,"1,407.83","₹53,542",billed
16/01/2023,C002,AUT,R1529,106.2,132.2,£52.00,"£5,523.95","₹200,733",BILLED
23/06/2023,C006,aut,R3615,21.2,27.0,£52.00,"£1,103.21","41,341",Billed
2023-01-14,C002,OFP,R1533,167.5,195.5,£16.00,"2,679.57","₹112,808",credit
25/11/2023,C011,Soc,R6108,22.4,28.8,£42.00,£940.53,"₹32,744",billed
03/01/2023,C010,NOC,R5495,57.4,73.7,£28.00,"£1,607.98","60,684",draft
2023.10.23,C001,dev ,R1134,227.9,279.4,£45.00,n/a,"₹469,119",draft
2023.06.18,C011,soc ,R6048,13.5,16.2,£42.00,£568.30,"19,851",BILLED
"Sep 13, 2023",C003,SOC,R2143,327.5,414.9,£42.00,"£13,755.21","489,718",Draft
2023.07.03,C003,soc ,R2119,169.8,206.2,£42.00,"£7,132.48","₹248,352",credit
2023-07-24,C005,soc ,R3123,83.9,103.1,£42.00,"£3,524.39","₹123,227",Credit
2023-02-03,C009,soc ,R4999,62.7,82.4,£42.00,"£2,635.36","₹93,553",Credit
22/02/2023,C003,CLD,R2040,150.0,196.8,48.00,"£7,202.01","289,353",Credit
2023.01.06,C012,OFP,R6470,186.0,222.9,16.00,"£2,976.47","119,834",Credit
21/12/2023,C002,NOC,R1665,389.1,448.3,£28.00,n/a,"₹416,449",draft
2023.01.13,C011,cld,R5982,13.9,17.7,GBP 48.00,£667.82,"₹26,443",credit
2023-08-07,C012,HD,R6537,164.0,184.0,,NA,NA,draft
"Apr 7, 2023",C001,DEV,R1049,151.4,198.8,£45.00,"£6,814.17","308,191",Billed
22/10/2023,C007,soc ,R4177,172.8,222.4,£42.00,"(£2,177.05)","INR 253,763",draft
27/05/2023,C004,NOC,R2568,272.2,319.4,£28.00,"£7,620.57","₹286,012",Credit
2023-06-23,C002,NOC,R1587,488.8,575.6,£28.00,"£13,685.21","₹535,362",Credit
2023.10.07,C012,hd ,R6564,142.3,160.3,£22.00,"£3,130.33","114,733",billed
06/02/2023,C001,CLD,R1023,118.5,152.9,£48.00,#N/A,"₹233,433",BILLED
2023.08.22,C007,Soc,R4148,74.0,90.6,£42.00,"3,109.24","111,928",BILLED
2023-10-10,C004,CLD,R2650,305.3,383.5,£48.00,"£14,653.39","₹593,664",credit
2023-11-19,C003, HD,R2166,375.4,435.0,22.00,n/a,"313,471",draft
"Dec 22, 2023",C004,NOC,R2672,-,308.8,£28.00,"£7,190.65","₹265,731",credit
"Jul 16, 2023",C005,Dev,R3128,256.2,327.7,45.00,"£11,530.98","INR 526,166",draft
2023-11-20,C012,Soc,R6580,16.7,20.8,£42.00,£700.59,"₹24,083",credit
"Jun 24, 2023",C008,DEV,R4543,116.1,154.2,45.00,error,"₹244,018",BILLED
27/01/2023,C003,AUT,R2027,65.7,84.5,52.00,"£3,416.10","₹125,103",Billed
2023.12.18,C004, HD,R2667,442.3,517.2,22.00,"£9,730.00","₹349,625",BILLED
2023-11-11,C010,CLD,R5633,16.9,21.5,48.00,811.16,"33,085",draft
2023-07-23,C001,soc ,R1082,387.5,495.9,42.00,"16,276.60","₹557,393",Draft
"Dec 5, 2023",C007,DEV,R4202,287.1,360.2,£45.00,"£12,917.99","₹590,381",Billed
2023-04-05,C009,Soc,R5029,65.8,83.0,42.00,"2,764.46","96,810",Billed
"Aug 13, 2023",C999,CLD,R4151,54.7,69.0,£48.00,"2,625.02","108,140",Credit
2023-01-25,C002,Hd,R1518,387.8,469.3,£22.00,"8,531.45","₹314,218",BILLED
08/07/2023,C012,DEV,R6534,17.3,21.4,£45.00,£779.54,"₹37,195",Draft
2023-12-13,C010,OFP,R5654,120.8,141.6,GBP 16.00,"£1,933.15","₹79,988",BILLED
"Jun 12, 2023",C010,noc,R5566,49.6,59.0,GBP 28.00,(416.49),"INR 53,688",BILLED
"Oct 28, 2023",C999,noc,R4176,198.2,239.0,28.00,"£5,548.60","₹212,014",draft
2023-10-17,C004,ofp ,R2656,602.1,685.8,£16.00,"9,634.09","395,784",Credit
2023-11-05,C006,CLD,R3679,256.6,317.5,£48.00,"£12,316.46","493,423",billed
"Mar 21, 2023",C011,dev ,R6015,53.8,70.4,45.00,"2,421.76","INR 111,973",credit
2023-03-23,C010,Ofp,R5535,410.2,481.4,16.00,"6,562.84","₹271,983",billed
2023-01-27,C001,OFP,R1012,221.8,255.5,£16.00,"£3,549.50","146,744",BILLED
21/11/2023,C012,CLD,R6582,24.7,31.5,£48.00,"£1,183.33","48,608",Billed
2023-06-04,C009,Hd,R5053,374.3,459.5,22.00,"8,235.51","₹305,962",BILLED
"Nov 14, 2023",C010,aut,R5636,9.0,11.2,52.00,468.71,"17,150",draft
2023-04-28,C007,DEV,R4097,68.2,85.7,£45.00,"£3,070.84","₹144,573",credit
17/04/2023,C005,CLD,R3077,105.8,134.3,GBP 48.00,"£5,080.08","₹205,764",Credit
2023.05.03,C005,Ofp,R3096,165.6,199.8,£16.00,"£2,649.77","112,261",Draft
2023-02-24,C007,NOC,R4060,107.5,125.9,£28.00,"£3,010.66","INR 115,729",draft
2023-02-03,C003,OFP,R2046,185.0,215.3,£16.00,"£2,960.74","₹125,450",draft
"Aug 10, 2023",C006,ofp ,R3649,101.1,117.7,£16.00,"£1,618.16","66,355",Draft
2023-06-11,C001,NOC,R1068,438.5,518.6,£28.00,"(£3,683.40)","₹473,624",Billed
"Oct 20, 2023",C003,noc,R2153,874.0,1037.8,28.00,"£24,473.24","₹966,233",BILLED
07/09/2023,C004,cld,R2635,161.6,209.7,48.00,"7,758.11","317,292",Billed
2023-02-07,C009,DEV,R5005,47.6,62.1,£45.00,"2,143.38","98,008",Draft
"Dec 15, 2023",C010,noc,R5644,75.8,90.5,£28.00,"2,122.92","81,645",BILLED
25/03/2023,C001,hd ,R1030,1521.5,1850.1,GBP 22.00,"33,473.80","₹1,196,864",draft
2023.07.07,C004,aut,R2610,121.5,150.6,£52.00,"6,318.80","₹239,650",Credit
03/08/2023,C012,Ofp,R6546,191.5,226.1,£16.00,"£3,064.64","₹124,950",credit
"Apr 11, 2023",C011,SOC,R6022,14.3,18.2,42.00,599.95,"21,245",Draft
2023.05.21,C002,Soc,R1576,234.7,291.8,£42.00,"(2,957.58)",,Credit
2023-08-28,C009,cld,R5088,38.7,48.6,£48.00,"1,859.47","₹74,338",credit
2023-03-21,C012,DEV,R6490,49.0,64.7,£45.00,"2,204.30","104,118",BILLED
2023-11-01,C007,DEV,R4193,87.7,115.1,£45.00,"£3,946.16","₹178,870",billed
"Mar 26, 2023",C003,SOC,R2052,165.2,200.1,£42.00,"6,940.07","239,583",credit
06/11/2023,C006,soc ,R3677,66.7,84.0,£42.00,"£2,799.79","INR 96,286",Billed
2023-09-07,C999,Noc ,R6083,85.3,101.3,28.00,"£2,388.01","92,564",billed
2023.02.18,C008,Aut ,R4491,68.6,89.1,£52.00,"£3,566.58","₹133,634",BILLED
11/06/2023,C007,ofp ,R4129,247.7,286.3,£16.00,"GBP 3,963.10","INR 158,057",draft
2023-02-27,C007,noc,R4058,123.3,144.4,£28.00,"3,453.66","131,145",Credit
"Mar 8, 2023",C008,Dev,R4502,118.3,n/a,45.00,"GBP 5,323.35","₹250,738",billed
2023-06-03,C002,OFP,R1599,156.8,183.4,£16.00,"2,508.37","INR 104,017",Billed
2023.05.19,C003,Cld ,R2085,135.9,169.6,48.00,"£6,521.11","INR 267,548",Draft
2023-02-16,C999,NOC,R4998,114.9,135.6,£28.00,"3,215.99","120,948",Billed
02/09/2023,C012,OFP,R6559,116.1,132.6,16.00,"£1,858.33","₹76,640",Draft
"Sep 19, 2023",C007,Dev,R4166,128.6,165.1,45.00,"£5,784.78","266,684",Credit
2023.11.28,C009, HD,R5125,268.5,313.0,22.00,"5,906.13","₹218,350",billed
2023-03-17,C007,ofp ,R4088,142.0,157.4,16.00,"£2,271.86","₹93,520",BILLED
2023.02.22,C008,Noc ,R4483,438.6,536.7,£28.00,"£12,279.56","₹443,510",billed
"Jul 11, 2023",C007,SOC,R4136,171.4,217.4,£42.00,"£7,199.94","₹250,523",Credit
2023.05.28,C008,Soc,R4527,42.1,50.7,42.00,"£1,770.01","INR 60,582",Credit
2023-02-26,C009,Noc ,R4997,100.9,119.0,£28.00,"£2,824.26","₹108,952",Credit
24/10/2023,C003,Aut ,R2162,90.3,120.3,GBP 52.00,"4,693.84","₹176,310",credit
2023-03-12,C007,hd ,R4072,458.0,522.3,£22.00,"10,075.71","375,550",Billed
2023.01.25,C004,Ofp,R2521,310.2,368.4,£16.00,"£4,962.63","203,625",billed
2023-09-28,C011, HD,R6081,149.5,179.4,£22.00,"£3,288.42","122,651",Credit
22/08/2023,C004,dev ,R2622,211.1,264.5,45.00,"9,498.32","INR 430,181",BILLED
2023-08-24,C001,CLD,R1102,125.2,156.0,48.00,"6,008.44","₹233,152",Billed
"Jun 19, 2023",C003,Cld ,R2103,153.5,201.6,48.00,"£7,368.55","302,763",credit
2023-09-22,C003,Cld ,R2145,170.4,215.9,48.00,"(2,453.42)","₹339,277",Draft
"Oct 9, 2023",C005,cld,R3161,278.9,332.2,£48.00,"£13,389.35","₹535,337",billed
26/01/2023,C010,SOC,R5498,19.2,23.4,42.00,806.57,"₹28,247",Billed
2023.06.27,C008,SOC,R4539,48.2,60.5,£42.00,"2,026.28","70,882",Draft
"Oct 9, 2023",C007,cld,R4178,84.3,101.8,48.00,"4,046.43","₹159,575",Draft
2023-02-05,C011,noc,R5995,57.2,70.6,£28.00,"1,601.90",null,Billed
2023.11.06,C012,Dev,R6584,14.6,19.3,£45.00,£658.62,"31,214",credit
2023-11-13,C010,ofp ,R5639,220.1,254.5,£16.00,"£3,520.86","145,542",credit
23/01/2023,C002,Hd,R1519,432.7,523.6,£22.00,"9,518.92","₹347,445",Credit
2023-07-10,C002,hd ,R1600,403.2,456.2,-,"£8,871.26","₹334,517",billed
"Apr 28, 2023",C012,cld,R6498,23.8,28.3,48.00,"1,140.50","45,902",Billed
2023-06-04,C006,DEV,R3612,81.3,110.0,45.00,"£3,660.21","169,564",BILLED
25/03/2023,C003,Cld ,R2056,137.9,177.8,£48.00,"6,621.02","₹263,534",billed
2023-11-13,C002,dev ,R1659,122.1,157.4,£45.00,"5,496.34","244,135",draft
2023-08-11,C010, HD,R5591,283.4,331.8,£22.00,"6,235.19","223,860",BILLED
"Jun 23, 2023",C012,Cld ,R6518,13.0,16.3,£48.00,£625.44,"₹25,837",draft
2023-06-25,C011,Aut ,R6054,7.4,9.0,52.00,GBP 385.73,"13,885",Billed
18/07/2023,C006,Dev,R3629,205.5,267.5,-,"£9,245.89","₹425,383",Billed
"Jul 1, 2023",C007,dev ,R4139,214.8,280.4,NA,"9,664.93","₹440,069",draft
2023.07.18,C010,DEV,R5586,49.5,61.2,45.00,"2,225.98","₹107,560",credit
2023.02.28,C011,ofp ,R6004,120.2,140.6,£16.00,"£1,923.91","₹77,753",credit
"Sep 27, 2023",C007,HD,R4160,296.9,350.1,GBP 22.00,"6,532.87","₹239,685",BILLED
"Aug 18, 2023",C003,NOC,R2128,384.2,449.7,£28.00,"10,758.57",null,Draft
20/10/2023,C003,OFP,R2163,149.3,169.3,GBP 16.00,"GBP 2,388.68","₹97,579",Draft
07/12/2023,C006,Noc ,R3689,211.9,255.7,28.00,"5,932.85","225,797",Draft
2023-09-26,C008,OFP,R4590,125.6,143.4,16.00,"2,009.08","INR 83,379",Credit
"May 2, 2023",C003,OFP,R2091,127.4,144.7,GBP 16.00,-,"84,222",BILLED
28/04/2023,C007,Dev,R4096,85.7,107.7,£45.00,"3,858.17",-,Billed
2023.10.24,C006,soc ,R3665,201.6,254.5,42.00,"£8,465.95","₹295,334",draft
2023-07-16,C011,Dev,R6066,57.1,72.3,GBP 45.00,"£2,567.38","116,610",Billed
12/10/2023,C010,SOC,R5617,12.6,15.4,42.00,529.67,"18,903",billed
"Feb 25, 2023",C005,OFP,R3052,441.1,494.7,£16.00,"£7,057.72","INR 293,486",Billed
"Jul 3, 2023",C002,Cld ,R1607,388.4,492.5,£48.00,"£18,640.89","₹757,820",Credit
06/06/2023,C009,AUT,R5064,63.6,77.6,52.00,"£3,305.58","₹122,091",BILLED
2023.10.27,C009,ofp ,R5122,424.3,504.5,16.00,error,"INR 278,955",Credit
2023-07-21,C005,Soc,R3124,91.3,112.2,£42.00,"£3,836.48","₹135,904",billed
2023.10.24,C010,dev ,R5619,40.9,50.9,£45.00,"£1,841.28","85,370",Draft
"Jun 3, 2023",C005,hd ,R3101,409.1,474.3,22.00,"8,999.84","333,747",draft
2023.06.21,C999,ofp ,R2110,129.1,151.7,£16.00,"2,066.18","84,951",Billed
22/03/2023,C011,soc ,R6012,15.1,18.1,£42.00,633.49,"₹22,649",draft
2023.05.23,C003,soc ,R2080,194.8,237.3,£42.00,"£8,180.97",,draft
2023.02.06,C011,HD,R5991,258.2,299.3,£22.00,"£5,680.01","INR 212,856",billed
2023.10.03,C007,Ofp,R4183,420.3,487.0,16.00,"£6,725.50","₹274,830",draft
2023-06-17,C009,noc,R5056,101.4,120.1,28.00,"2,838.38","₹108,302",Credit
2023-03-11,C003,aut,R2060,68.7,85.8,£52.00,"3,574.36","₹135,992",billed
"Feb 14, 2023",C003,Cld ,R2039,138.0,181.1,£48.00,"(£1,987.78)","INR 269,108",Billed
2023-09-21,C010,Hd,R5605,290.8,347.8,£22.00,"£6,398.13","235,422",Billed
2023-02-07,C005,DEV,R3049,182.9,226.8,£45.00,"£8,228.56","393,345",Draft
"Jun 17, 2023",C010,cld,R5571,27.2,33.8,48.00,"£1,306.66","54,087",BILLED
2023-05-28,C006,SOC,R3595,79.0,98.5,£42.00,"3,317.68","₹114,989",draft
"May 17, 2023",C004,cld,R2573,175.3,212.3,48.00,"8,413.05","₹317,512",Draft
2023-05-18,C010,SOC,R5552,14.8,17.5,£42.00,621.50,"21,648",credit
"Oct 1, 2023",C010,ofp ,R5622,424.3,499.6,£16.00,"£6,788.40","INR 274,288",billed
2023.10.28,C004,Dev,R2652,254.1,340.4,£45.00,"£11,434.07","528,401",credit
"Apr 7, 2023",C012,DEV,R6499,25.6,33.5,£45.00,"1,152.03","52,961",Credit
2023-01-07,C010,ofp ,R5506,413.6,477.6,£16.00,"£6,618.24","274,233",Credit
"Oct 7, 2023",C007,Dev,R4181,123.1,159.6,£45.00,"£5,541.06",NA,credit
"Apr 19, 2023",C009,ofp ,R5039,157.8,179.0,£16.00,"£2,524.31","₹107,075",Credit
2023-08-10,C010,cld,R5596,46.5,58.5,£48.00,"£2,230.01","86,668",credit
"Apr 16, 2023",C009,Aut ,R5036,18.7,25.2,52.00,GBP 969.94,"₹35,957",Credit
2023-09-10,C009,CLD,R5104,65.2,81.0,£48.00,"3,127.49","124,398",Billed
2023-06-03,C009,SOC,R5058,118.0,155.7,42.00,"4,955.68","₹175,208",Credit
2023-03-03,C009,Soc,R5014,109.4,138.8,GBP 42.00,"4,593.79","₹159,955",BILLED
2023.05.10,C011,DEV,R6038,26.2,33.9,£45.00,"1,179.03","₹54,297",Draft
2023.04.09,C999,soc ,R2559,229.9,291.4,£42.00,"9,657.35","₹329,790",Billed
2023.09.17,C007,DEV,R4167,122.7,157.6,45.00,"£5,521.89","₹261,793",BILLED
2023.05.01,C002,SOC,R1578,223.8,278.2,42.00,"£9,400.98","₹331,818",BILLED
"Oct 12, 2023",C005,dev ,R3164,93.3,119.9,,"£4,196.67","197,871",Billed
06/09/2023,C008,Soc,R4583,63.2,78.8,£42.00,"2,654.11","₹91,820",BILLED
2023-10-23,C001,ofp ,R1137,231.3,271.8,GBP 16.00,"GBP 3,700.24","₹148,440",Credit
2023-05-11,C007,hd ,R4105,272.2,318.1,22.00,"£5,988.23","₹222,833",credit
"Mar 13, 2023",C007,cld,R4078,55.7,69.9,£48.00,"£2,672.13","₹105,189",credit
2023-08-25,C002,Dev,R1619,335.9,418.2,GBP 45.00,"15,117.17","705,276",billed
2023-03-19,C007,Aut ,R4085,30.7,38.5,52.00,"£1,594.71",n/a,Credit
2023-02-27,C006,noc,R3552,198.0,237.8,28.00,"5,542.66",NA,Billed
18/06/2023,C005,cld,R3108,64.8,82.8,48.00,"£3,110.33","₹124,413",billed
2023-07-27,C012,noc,R6526,42.9,50.9,£28.00,"£1,199.83","₹46,003",draft
2023-05-13,C005,AUT,R3094,49.5,61.3,52.00,"£2,572.08","95,235",Billed
2023-10-01,C011,Dev,R6100,62.2,80.3,£45.00,"2,799.45","₹129,093",Credit
2023.02.02,C004,HD,R2524,420.6,496.1,22.00,"9,253.05","337,300",draft
"Jan 19, 2023",C003, HD,R2016,369.1,428.3,£22.00,n/a,"₹301,801",credit
2023-03-17,C010,aut,R5532,6.3,8.0,52.00,£328.49,"₹11,957",Draft
2023-07-09,C011,ofp ,R6067,438.6,517.2,null,"£7,017.40","283,203",draft
25/06/2023,C010,dev ,R5572,20.2,25.8,45.00,£910.61,"43,123",Billed
2023-01-21,C012,OFP,R6471,198.9,238.4,£16.00,"3,182.94","134,401",Credit
2023-10-13,C003,Soc,R2156,220.1,277.0,£42.00,"9,243.90","₹329,191",BILLED
08/05/2023,C001,NOC,R1056,704.6,847.7,28.00,error,,billed
28/01/2023,C005,dev ,R3036,72.5,91.3,£45.00,"£3,264.34","INR 149,125",credit
2023-04-16,C011,NOC,R6020,181.0,221.5,GBP 28.00,"£5,068.09","₹192,973",Draft
2023-03-25,C008,HD,R4496,286.4,330.2,£22.00,"6,300.88","₹239,188",Billed
2023-10-05,C006,AUT,R3670,63.9,78.4,£52.00,"3,323.66","₹129,590",Draft
2023-02-20,C001, HD,R1016,888.8,1045.5,£22.00,"(£5,866.12)","729,119",Draft
2023-08-20,C001,Cld ,R1101,124.4,155.1,£48.00,"5,972.49","236,272",BILLED
05/05/2023,C005,cld,R3091,102.5,123.6,48.00,"GBP 4,922.36","₹196,607",Billed
20/06/2023,C003,NOC,R2095,241.9,303.8,28.00,"(£2,031.55)","257,787",billed
"May 6, 2023",C001,CLD,R1059,151.8,189.3,48.00,"GBP 7,287.67","INR 303,524",Credit
"Jun 7, 2023",C012, HD,R6514,234.1,277.9,22.00,"£5,149.41","₹182,918",Credit
01/07/2023,C004,Cld ,R2606,251.9,311.3,£48.00,"£12,091.44","₹486,557",Billed
06/10/2023,C008,Ofp,R4602,216.4,254.3,£16.00,"£3,462.37","143,444",Billed
2023-03-04,C009,HD,R5012,217.6,255.3,22.00,"4,787.91","177,494",credit
2023.06.06,C009,noc,R5055,123.1,145.9,28.00,"£3,447.86","133,320",billed
2023-11-19,C004,DEV,R2662,178.3,222.3,45.00,"£8,022.93","₹380,076",draft
"Jun 4, 2023",C011,soc ,R6049,10.9,13.1,£42.00,457.50,"₹15,914",billed
25/06/2023,C011,noc,R6044,-,61.1,£28.00,"£1,423.72","54,551",billed
2023-09-01,C002,hd ,R1625,503.4,,GBP 22.00,"11,073.80","416,128",billed
"Jun 25, 2023",C005,Aut ,R3113,44.5,56.1,52.00,"£2,312.42","₹87,814",credit
2023-01-17,C003,Ofp,R2031,,n/a,16.00,"3,076.90","INR 124,358",BILLED
15/07/2023,C005,noc,R3122,146.6,180.2,£28.00,"4,105.62","₹156,828",BILLED
2023.07.03,C002,ofp ,R1611,148.5,175.2,£16.00,,"₹98,932",Billed
2023.04.06,C010,soc ,R5538,34.2,43.3,42.00,"£1,436.96","52,259",Credit
2023-06-18,C011, HD,R6043,162.3,190.3,£22.00,"3,571.49","INR 135,229",Billed
2023.03.23,C010,Cld ,R5529,51.8,63.9,48.00,"£2,484.20","INR 97,326",BILLED
"Mar 28, 2023",C003,noc,R2049,233.8,271.0,£28.00,"(£1,963.83)","₹249,871",Credit
2023.01.19,C010,Cld ,R5500,22.5,28.6,48.00,"1,078.92","₹41,012",credit
2023-04-18,C002,Cld ,R1564,177.1,221.9,48.00,"8,501.32","350,829",Draft
2023-11-11,C009,noc,R5127,115.5,135.1,£28.00,"£3,234.13","123,162",Draft
"Nov 25, 2023",C012,HD,R6576,222.9,273.6,£22.00,"£4,904.30","₹188,920",draft
2023-03-05,C003,NOC,R2051,233.3,270.4,28.00,"6,531.46","244,837",BILLED
2023-04-27,C999,SOC,R6023,12.3,15.7,42.00,516.38,"₹18,118",Draft
2023-03-22,C001,SOC,R1032,224.2,280.3,42.00,"GBP 9,417.95","₹334,355",BILLED
2023-09-28,C008,dev ,R4585,127.8,166.9,GBP 45.00,"5,750.68","₹265,919",credit
"Jan 9, 2023",C003,Cld ,R2024,449.7,557.4,£48.00,"21,585.14","INR 873,727",BILLED
10/09/2023,C001,Ofp,R1127,290.4,337.4,GBP 16.00,"£4,645.76","₹198,712",Credit
2023.08.22,C001,Soc,R1098,225.0,282.4,42.00,"9,451.53","349,260",billed
"Sep 3, 2023",C008,dev ,R4586,106.3,138.8,£45.00,"£4,783.21","INR 223,710",credit
25/02/2023,C999,Soc,R2530,205.8,249.5,GBP 42.00,"£8,642.86","INR 310,097",billed
2023-06-08,C011,NOC,R6046,57.0,68.5,28.00,"1,597.31","₹61,452",draft
14/02/2023,C004,SOC,R2531,211.7,256.7,£42.00,"8,889.72","302,548",credit
2023-11-24,C001,Ofp,R1153,216.4,253.3,£16.00,"£3,462.54","₹144,076",Draft
2023.05.04,C008,hd ,R4521,489.8,561.2,£22.00,"£10,774.59","₹400,441",BILLED
2023.08.25,C006,Cld ,R3641,73.7,94.3,£48.00,"GBP 3,538.14","₹140,344",draft
15/10/2023,C002,Noc ,R1645,306.6,368.7,-,"£8,584.92","₹335,380",draft
"Aug 2, 2023",C001,DEV,R1103,226.9,295.4,£45.00,"GBP 10,211.06","₹479,208",Billed
2023-07-10,C007,aut,R4140,n/a,NA,£52.00,"£2,534.63","₹93,679",Draft
24/02/2023,C006,NOC,R3553,158.7,190.6,28.00,"£4,442.80","₹164,857",draft
2023.09.11,C005,Noc ,R3146,447.7,545.0,£28.00,"12,534.82","456,565",BILLED
2023.12.22,C010,aut,R5652,9.8,12.5,52.00,£507.62,"18,582",Billed
2023-08-14,C003,Soc,R2130,489.5,615.4,£42.00,"£20,558.72","₹727,240",draft
15/09/2023,C007,SOC,R4164,210.2,256.2,42.00,"GBP 8,830.20","306,984",BILLED
15/06/2023,C003,Ofp,R2112,128.6,151.1,£16.00,"2,056.99","₹85,470",BILLED
"Jun 2, 2023",C002,Soc,R1589,688.7,840.2,42.00,"£28,926.90","₹1,002,769",BILLED
10/09/2023,C003,Cld ,R2146,173.1,219.3,£48.00,"(£2,492.19)","₹327,570",Billed
2023-07-17,C010,SOC,R5582,21.8,27.2,£42.00,£914.63,"32,002",billed
"Feb 27, 2023",C010,noc,R5510,64.8,78.7,GBP 28.00,#REF!,"INR 69,667",credit
2023-03-12,C011,ofp ,R6017,194.3,230.2,16.00,"£3,109.40","₹129,696",billed
2023-09-23,C003, HD,R2140,566.8,669.0,GBP 22.00,,"INR 468,753",BILLED
16/10/2023,C003,DEV,R2159,219.4,271.8,£45.00,"9,873.08","₹468,885",BILLED
"Apr 26, 2023",C009,AUT,R5038,,26.6,£52.00,"£1,022.34","37,488",billed
2023.09.15,C005,AUT,R3152,41.4,51.5,£52.00,"£2,152.38","₹80,153",credit
2023.11.16,C002,AUT,R1662,337.7,415.5,52.00,"17,562.21","INR 656,950",BILLED
2023-10-18,C012,noc,R6565,49.9,59.6,£28.00,"1,396.09","INR 52,331",credit
2023.09.23,C012,hd ,R6548,508.4,n/a,£22.00,"11,184.50","₹411,781",BILLED
"Mar 10, 2023",C007,CLD,R4077,69.2,86.9,48.00,"3,320.29","₹134,253",credit
2023.10.01,C003,dev ,R2158,251.0,311.0,-,"11,295.38","514,268",Draft
02/07/2023,C002,AUT,R1609,326.2,419.6,52.00,"16,961.85","635,718",draft
"Feb 27, 2023",C004,Hd,R2523,422.7,498.6,£22.00,"9,299.55","342,472",Billed
2023.01.15,C003,AUT,R2028,65.6,84.4,52.00,"GBP 3,410.35","124,614",credit
2023.09.26,C002, HD,R1626,431.6,490.3,£22.00,n/a,"₹361,480",Credit
2023-09-03,C004,Hd,R2627,560.0,695.2,22.00,"£12,319.72","₹456,236",Billed
"Jan 14, 2023",C006,ofp ,R3549,177.5,200.1,16.00,"£2,840.26","₹117,750",BILLED
2023-01-01,C003,DEV,R2025,184.6,225.2,£45.00,"8,306.63","₹383,365",credit
2023-10-03,C012,Noc ,R6567,48.2,57.6,28.00,"1,350.67","50,406",BILLED
2023-06-09,C009,dev ,R5063,51.2,65.0,£45.00,(£690.57),"108,983",Credit
2023-05-15,C009,hd ,R5041,380.6,457.2,£22.00,"£8,373.20",,BILLED
"Nov 10, 2023",C005,CLD,R3173,123.9,156.1,£48.00,"£5,948.08","₹243,066",credit
04/05/2023,C010,ofp ,R5560,112.4,129.6,16.00,"£1,798.43","₹75,808",BILLED
25/04/2023,C008,cld,R4514,61.1,73.2,£48.00,"£2,934.27","₹117,460",draft
2023.04.03,C005,Dev,R3079,119.1,156.8,£45.00,"£5,360.00","INR 250,424",credit
08/07/2023,C003,dev ,R2121,220.7,296.3,GBP 45.00,"9,930.52","470,727",draft
2023-01-23,C012,Noc ,R6463,44.4,53.2,£28.00,"£1,243.17","46,785",billed
2023.05.14,C010,CLD,R5555,24.2,29.9,48.00,"1,161.52","₹46,418",credit
2023.03.23,C999,Noc ,R6010,91.5,110.4,GBP 28.00,"GBP 2,561.32","95,928",Credit
"Feb 3, 2023",C008,Cld ,R4485,53.4,66.3,48.00,"2,561.99","102,036",BILLED
"Apr 2, 2023",C001,DEV,R1050,163.8,215.2,£45.00,"7,373.25","₹338,934",Draft
07/03/2023,C009,CLD,R5015,67.3,83.0,48.00,"3,232.59","INR 129,023",Credit
2023-12-17,C012,Hd,R6590,177.3,210.2,GBP 22.00,"(£1,170.35)","₹143,033",billed
08/06/2023,C004,ofp ,R2596,194.1,222.8,GBP 16.00,"3,105.52","123,846",credit
02/10/2023,C004,hd ,R2644,603.1,710.5,22.00,"13,267.85","₹487,770",BILLED
21/05/2023,C005,AUT,R3095,46.8,58.0,£52.00,"£2,435.52","91,084",draft
2023.08.10,C008,ofp ,R4579,103.1,120.9,£16.00,"1,649.10","₹69,958",BILLED
2023.03.01,C006,noc,R3564,417.0,510.2,£28.00,"£11,675.47","447,677",draft
2023.10.28,C011,cld,R6099,18.4,24.7,£48.00,£882.76,"34,573",Billed
2023.04.01,C008,Cld ,R4513,64.3,77.0,£48.00,error,"₹121,718",credit
2023.11.15,C003,Soc,R2170,225.5,288.7,£42.00,"9,471.96","₹320,443",draft
"Nov 21, 2023",C008,ofp ,R4616,188.1,210.4,£16.00,"3,009.78","₹123,249",draft
2023.06.03,C006,noc,R3607,180.5,222.0,GBP 28.00,"5,053.57","195,984",Credit
2023.06.05,C009,cld,R5060,67.7,84.4,48.00,"£3,250.94","133,844",draft
2023-09-14,C002,Ofp,R1640,259.1,296.1,16.00,"4,145.91","₹176,539",billed
2023-07-21,C006,Noc ,R3623,139.3,169.2,28.00,"GBP 3,900.59","₹148,144",BILLED
2023-10-11,C011,AUT,R6101,15.2,18.6,£52.00,791.55,"29,527",draft
2023.03.21,C005,ofp ,R3068,173.2,213.4,16.00,"£2,770.86","₹107,020",credit
"Feb 19, 2023",C005,Cld ,R3048,187.0,227.3,GBP 48.00,"8,975.42","₹354,062",Billed
2023-01-26,C009,Soc,R4988,114.9,142.7,£42.00,"4,824.29","168,594",draft
"Jul 5, 2023",C001, HD,R1079,1419.9,1583.4,GBP 22.00,"£31,237.17","₹1,187,824",Draft
"Mar 19, 2023",C004,DEV,R2548,393.3,503.1,45.00,"£17,697.41","₹813,613",draft
"Jun 18, 2023",C012,soc ,R6517,12.1,14.9,42.00,£508.80,"17,564",billed
23/09/2023,C009,Hd,R5096,234.0,269.4,£22.00,"5,147.95","₹194,691",BILLED
03/08/2023,C004,NOC,R2617,387.3,463.5,£28.00,"£10,844.29","₹425,246",Billed
2023-02-13,C010,AUT,R5520,8.4,10.3,52.00,#N/A,"₹15,479",Billed
"Mar 23, 2023",C010,soc ,R5528,-,17.8,£42.00,£601.50,"INR 20,661",credit
06/09/2023,C008,Soc,R4583,63.2,78.8,£42.00,"2,654.11","₹91,820",BILLED
2023-04-10,C001,cld,R1048,226.5,304.4,48.00,"10,872.21","₹434,349",credit
2023-02-18,C001,dev ,R1027,236.0,307.5,45.00,"10,620.85","490,340",BILLED
2023-03-27,C011,Cld ,R6014,55.7,69.7,48.00,"GBP 2,673.37","₹107,096",Draft
2023.01.21,C005,dev ,R3034,77.3,97.3,GBP 45.00,"£3,478.56","160,972",credit
08/05/2023,C011,Hd,R6032,262.8,292.2,£22.00,"£5,781.07","₹219,106",credit
10/12/2023,C011,soc ,R6122,17.9,22.0,GBP 42.00,£753.85,"₹26,531",draft
2023-03-08,C999,Dev,R2058,399.3,505.6,£45.00,"17,969.05","856,752",Credit
2023-02-15,C005,soc ,R3046,53.0,64.7,£42.00,"2,225.31","78,456",draft
2023-02-17,C010,noc,R5511,82.0,99.6,£28.00,"2,296.60","86,321",billed
18/01/2023,C008,cld,R4469,47.3,57.0,£48.00,"£2,272.08","INR 92,442",draft
13/03/2023,C002,OFP,R1557,450.9,524.0,16.00,"7,214.26","INR 290,840",Credit
08/01/2023,C003,SOC,R2023,168.1,208.8,£42.00,"£7,059.81","₹250,761",Draft
09/09/2023,C011,Noc ,R6084,82.2,97.6,28.00,"2,300.71","₹89,578",Credit
2023.11.27,C007,soc ,R4189,102.9,122.7,£42.00,null,"₹156,357",Credit
2023-08-02,C006,Soc,R3640,76.7,96.1,42.00,"£3,221.69","₹112,719",credit
03/01/2023,C002, HD,R1517,442.9,536.0,£22.00,"GBP 9,743.26","₹353,757",BILLED
2023.02.02,C012,HD,R6472,206.2,244.0,22.00,"£4,537.40","INR 172,078",Credit
2023.08.14,C010,dev ,R5598,15.9,20.3,45.00,£714.57,"₹34,372",Credit
"Oct 6, 2023",C003,ofp ,R2165,154.6,175.2,£16.00,"£2,472.94","₹101,933",billed
20/03/2023,C004,Aut ,R2550,75.3,95.0,£52.00,"3,915.99","₹142,156",draft
04/12/2023,C011,Soc,R6123,22.1,27.1,n/a,927.71,"31,976",draft
2023-12-16,C010,Soc,R5645,13.9,17.8,null,GBP 581.94,"20,248",Billed
2023.10.22,C011,hd ,R6092,492.3,606.5,£22.00,"£10,830.59","404,836",BILLED
2023-01-27,C008,Aut ,R4475,21.2,26.7,52.00,"£1,104.44","42,528",Draft
2023-03-02,C010,Aut ,R5533,5.8,7.4,52.00,£301.54,"11,438",draft
"Aug 6, 2023",C009,Soc,R5086,39.5,48.9,£42.00,"1,658.61","₹58,335",BILLED
2023-12-06,C006,Cld ,R3692,127.2,160.9,£48.00,"GBP 6,105.89","₹253,044",draft
"Mar 6, 2023",C005,Aut ,R3065,31.7,-,£52.00,"1,650.61","₹60,974",billed
2023-10-23,C008,hd ,R4592,389.8,455.9,£22.00,"£8,575.29","₹309,373",BILLED
"May 26, 2023",C004,CLD,R2574,190.8,231.2,£48.00,"£9,160.66","367,947",billed
26/07/2023,C003,aut,R2124,122.9,152.5,52.00,"GBP 6,389.64","INR 247,571",draft
2023.03.25,C009,Cld ,R5016,57.9,71.4,£48.00,"2,779.78","113,939",Billed
2023-07-27,C002,soc ,R1604,202.6,262.3,£42.00,"8,509.05","INR 295,861",billed
"Oct 27, 2023",C002,Cld ,R1649,192.6,235.3,48.00,"9,243.20","₹366,566",Draft
"Feb 11, 2023",C001,Noc ,R1019,238.1,287.1,£28.00,"6,667.51","₹255,544",credit
2023.12.06,C005,HD,R3181,612.3,722.6,£22.00,"13,470.86","₹500,294",Draft
2023-01-06,C999,Aut ,R3547,19.2,24.3,£52.00,£998.63,"₹37,400",draft
2023-01-15,C003,SOC,R2021,219.2,272.3,42.00,"£9,205.33",-,Draft
28/02/2023,C006,OFP,R3561,147.6,172.4,£16.00,"2,360.95","98,558",Billed
2023.09.18,C999,OFP,R2150,360.3,410.8,16.00,"£5,764.31","₹238,117",draft
2023-04-27,C009,cld,R5032,46.4,58.5,£48.00,"£2,228.69","INR 90,526",BILLED
2023-10-27,C005,Soc,R3160,188.7,234.5,42.00,"£7,926.07","₹291,102",BILLED
2023.10.02,C004,Soc,R2649,258.3,326.1,£42.00,"£10,846.81","₹385,290",billed
2023-02-04,C003,NOC,R2035,226.6,270.5,£28.00,"£6,343.98","237,478",Credit
2023-04-18,C006,aut,R3588,32.4,40.4,£52.00,"£1,686.27","64,384",credit
2023-06-01,C001,Soc,R1071,226.3,275.5,£42.00,"(2,851.77)","INR 339,778",billed
"May 18, 2023",C007,soc ,R4108,91.6,116.9,£42.00,"GBP 3,848.91","₹131,040",BILLED
2023-07-22,C012,Noc ,R6525,40.8,48.5,28.00,"1,141.99",n/a,billed
07/03/2023,C999,cld,R3059,127.3,158.4,48.00,"£6,109.08","₹243,298",Draft
2023.11.05,C010,Soc,R5630,14.8,17.5,42.00,n/a,"₹22,135",billed
2023-04-25,C002, HD,R1560,500.5,608.2,22.00,"11,010.37","₹400,861",Draft
01/07/2023,C008,Aut ,R4562,32.5,40.4,£52.00,-,"₹62,613",Credit
"Sep 21, 2023",C011,dev ,R6087,17.8,22.5,£45.00,£801.14,"₹38,674",draft
2023-01-20,C001,hd ,R1003,439.9,506.7,£22.00,"£9,678.72","₹359,665",Billed
"May 28, 2023",C003,CLD,R2084,134.3,167.6,£48.00,"GBP 6,445.04","259,815",Draft
2023-08-04,C004,hd ,R2615,532.6,607.9,22.00,"£11,716.55","433,110",Billed
2023-05-17,C002,Ofp,R1583,149.8,176.8,£16.00,"2,396.29","97,542",credit
2023-12-17,C004,NOC,R2671,297.5,357.7,28.00,"£8,329.16","₹310,050",draft
2023.07.08,C006,AUT,R3632,20.5,25.7,GBP 52.00,"£1,066.34","₹38,749",Billed
2023-10-16,C006,ofp ,R3672,155.9,177.1,£16.00,"£2,493.93","₹101,451",Draft
22/05/2023,C011,Hd,R6031,241.5,268.5,22.00,"£5,313.03","₹201,101",credit
02/07/2023,C005,aut,R3129,49.8,63.7,52.00,"£2,589.60","₹97,372",BILLED
"Apr 16, 2023",C009,Dev,R5034,60.8,79.2,£45.00,"2,737.02","131,772",credit
2023-11-06,C009,cld,R5132,42.0,52.5,£48.00,"2,014.26","₹78,073",credit
18/07/2023,C003,soc ,R2117,176.2,213.9,£42.00,-,"₹264,674",draft
11/03/2023,C007,aut,R4083,27.4,34.4,£52.00,"1,424.82","50,385",Draft
2023-03-04,C999,Ofp,R2062,340.1,396.0,£16.00,"£5,440.89","221,988",Credit
2023.10.10,C008,OFP,R4603,217.8,255.9,£16.00,"3,484.01","₹137,955",Credit
2023-10-22,C004,SOC,R2648,274.9,347.1,42.00,"£11,544.61","₹400,862",BILLED
"Sep 8, 2023",C006,CLD,R3657,126.8,165.4,48.00,"£6,085.40","₹248,864",Draft
2023.04.10,C001,Soc,R1046,662.6,872.6,GBP 42.00,"£27,828.64","962,588",Credit
04/08/2023,C003,aut,R2137,120.3,150.1,52.00,"6,254.14","INR 230,163",Billed
19/05/2023,C007,CLD,R4111,64.3,78.1,£48.00,"£3,087.20","₹124,435",Billed
2023-01-10,C008,SOC,R4468,128.5,165.6,£42.00,"£5,396.23","₹182,070",BILLED
"Jun 27, 2023",C011,aut,R6053,7.8,9.6,52.00,(£122.30),"15,315",Draft
2023-08-08,C001,Aut ,R1106,114.0,139.8,£52.00,"5,928.41","₹222,892",Draft
2023-05-26,C001,Dev,R1063,150.5,192.8,45.00,"6,772.73","₹306,488",credit
14/04/2023,C001,AUT,R1052,311.2,386.7,£52.00,"£16,181.41","₹605,876",Draft
2023-01-12,C005,soc ,R3031,184.1,231.1,42.00,"7,730.27","257,812",Credit
2023-06-10,C006,AUT,R3617,23.4,29.7,£52.00,"£1,216.03","₹46,065",Billed
18/07/2023,C002,OFP,R1610,178.5,210.5,£16.00,"£2,855.87","₹118,190",BILLED
2023-05-12,C009,AUT,R5051,58.3,72.0,£52.00,"£3,033.52","₹113,173",Credit
"Oct 19, 2023",C002,SOC,R1647,332.3,441.9,GBP 42.00,"13,954.96","₹481,835",billed
2023-01-23,C009,Dev,R4990,136.0,178.7,£45.00,"GBP 6,118.38","289,779",Billed
2023.02.23,C005,Noc ,R3044,149.2,173.3,28.00,"4,176.79","161,596",Credit
2023-11-24,C001,HD,R1140,757.4,864.8,22.00,"16,663.26","607,173",Draft
2023.03.07,C008,OFP,R4505,313.5,377.4,£16.00,"5,015.22","208,137",credit
"Aug 5, 2023",C011,HD,R6068,135.9,161.5,£22.00,"£2,990.76",NA,Billed
"Sep 2, 2023",C004,OFP,R2641,332.9,391.1,16.00,"£5,326.61","217,100",billed
2023-08-28,C006,NOC,R3636,134.9,165.5,28.00,"£3,778.52","₹137,005",Draft
19/06/2023,C006,hd ,R3606,825.6,1005.0,£22.00,"£18,164.04","678,221",credit
2023.01.21,C006,Hd,R3536,389.1,460.5,£22.00,"£8,560.55","317,731",Draft
"May 11, 2023",C004,DEV,R2575,476.2,605.6,45.00,"£21,430.30","995,796",credit
2023-03-15,C006,dev ,R3570,116.2,150.4,£45.00,"£5,230.16","245,676",Billed
2023-05-21,C010,Ofp,R5561,119.0,137.3,£16.00,"£1,904.65","₹78,334",Draft
2023-12-28,C006,dev ,R3695,80.6,100.4,GBP 45.00,"3,628.51","174,707",Credit
"Nov 16, 2023",C003,Soc,R2172,203.2,260.0,42.00,"8,532.62","297,911",Credit
2023.07.04,C007,NOC,R4135,151.3,182.3,£28.00,"£4,235.53","INR 158,413",draft
2023-09-23,C004,Dev,R2638,246.2,321.5,45.00,"£11,077.12","499,005",billed
2023.11.16,C001,NOC,R1142,423.9,497.1,28.00,"£11,868.78","462,913",draft
13/08/2023,C009,noc,R5083,126.4,153.6,28.00,"£3,538.95","134,290",Credit
2023-06-13,C010,CLD,R5570,25.2,31.3,£48.00,"1,209.03","₹48,597",Credit
"Jan 8, 2023",C001,Cld ,R1006,397.2,493.7,£48.00,"19,063.25","₹760,453",Billed
2023-12-23,C012,dev ,R6596,13.9,18.3,£45.00,£626.84,"₹29,093",draft
09/10/2023,C008,cld,R4599,56.9,75.1,£48.00,"£2,731.73","₹107,293",BILLED
2023-09-04,C002,Soc,R1630,343.6,428.8,42.00,"£14,431.06","516,539",Draft
2023-07-05,C003,noc,R2115,403.7,468.9,28.00,"£11,303.75","429,444",billed
06/11/2023,C001,Soc,R1143,393.6,474.8,£42.00,"16,532.37","564,067",Draft
"Jul 12, 2023",C008,hd ,R4550,322.5,374.3,£22.00,"7,096.09","262,660",draft
"Jun 7, 2023",C011,Hd,R6041,161.4,189.2,£22.00,"£3,550.11","INR 127,222",Credit
"Oct 7, 2023",C007,noc,R4175,171.3,206.6,£28.00,"GBP 4,797.06","₹181,396",credit
2023-04-01,C009,hd ,R5025,344.1,392.3,22.00,"£7,570.04","₹279,968",draft
2023-06-18,C003,Noc ,R2097,219.7,276.0,£28.00,"6,151.80","241,125",credit
2023-11-08,C007,Cld ,R4190,204.6,251.8,£48.00,"9,819.35","INR 397,019",billed
"Jan 13, 2023",C010,hd ,R5493,188.7,218.1,£22.00,"£4,151.26","150,825",credit
2023-12-19,C004,aut,R2677,126.7,163.6,£52.00,"£6,585.90","240,161",Draft
05/03/2023,C009,AUT,R5021,27.7,34.8,£52.00,"1,440.15","54,046",Credit
2023-05-15,C999,SOC,R2082,null,236.2,42.00,"£8,143.91","287,780",billed
18/07/2023,C010,Aut ,R5587,19.6,24.0,52.00,#REF!,"38,053",billed
12/04/2023,C002,soc ,R1563,629.3,804.0,£42.00,"£26,428.70","INR 927,195",Draft
2023.12.15,C011,AUT,R6129,5.4,6.9,52.00,GBP 281.70,"₹10,616",Credit
2023-08-23,C004,DEV,R2621,203.0,254.3,45.00,"9,134.00","₹427,017",draft
07/02/2023,C001,soc ,R1020,204.0,256.5,£42.00,"8,569.23","301,512",Credit
2023-05-06,C007,Dev,R4114,85.0,113.2,GBP 45.00,"GBP 3,822.96","INR 175,330",Billed
"Apr 3, 2023",C006,OFP,R3589,123.0,136.1,£16.00,"£1,967.49","79,603",Credit
2023-03-16,C010,SOC,R5526,13.1,16.4,GBP 42.00,(165.58),"₹19,281",Draft
2023-08-15,C001,hd ,R1092,546.0,619.5,22.00,"(£3,603.92)","₹456,872",draft
2023-05-05,C009,Soc,R5045,63.3,77.8,42.00,"2,656.92","₹91,206",draft
2023.02.18,C999,Cld ,R5003,38.2,47.7,£48.00,"£1,832.13","75,722",draft
2023-09-28,C001,noc,R1115,249.5,307.6,£28.00,"6,985.19","₹268,657",draft
2023-07-08,C007,Cld ,R4138,99.2,125.1,48.00,"£4,760.90","₹184,469",Billed
01/10/2023,C005,OFP,R3167,167.8,190.9,16.00,"£2,685.30","109,696",billed
2023.10.19,C007,hd ,R4174,326.4,389.6,£22.00,"£7,180.31","255,872",BILLED
12/09/2023,C003,NOC,R2141,799.5,961.3,£28.00,"£22,385.25","865,873",billed
2023-09-14,C002,CLD,R1632,151.2,181.7,£48.00,"7,257.53","297,769",credit
15/07/2023,C012,Soc,R6530,9.0,11.6,£42.00,(£113.93),"13,298",Draft
04/10/2023,C003,soc ,R2155,225.9,284.3,£42.00,#N/A,"₹327,714",draft
2023-06-08,C005,Ofp,R3116,-,184.0,16.00,"£2,535.16","103,434",BILLED
05/10/2023,C002,cld,R1648,187.1,228.6,£48.00,"8,980.90","₹358,602",Billed
"May 22, 2023",C001,CLD,R1061,138.6,172.8,£48.00,"£6,652.44","263,698",Billed
17/06/2023,C006,AUT,R3616,22.6,28.7,£52.00,"1,174.90","₹43,292",Credit
2023.01.19,C006,Cld ,R3541,73.0,93.6,48.00,"£3,504.25","136,877",BILLED
03/06/2023,C007,DEV,R4125,122.6,152.3,GBP 45.00,"£5,515.48","254,134",Draft
2023.08.28,C011,Soc,R6073,20.7,26.1,42.00,£869.38,"₹30,670",BILLED
2023-04-25,C003,Cld ,R2072,139.2,173.0,£48.00,"£6,683.61","INR 268,161",BILLED
2023-05-25,C011,SOC,R6035,19.5,24.2,n/a,GBP 820.45,"₹28,102",billed
"Jan 11, 2023",C010,dev ,R5502,47.8,59.4,£45.00,-,"INR 98,994",Credit
24/05/2023,C006,DEV,R3601,67.8,86.4,45.00,"£3,048.86","₹142,738",Billed
23/06/2023,C001,dev ,R1076,151.5,189.8,£45.00,"£6,817.42","₹320,745",Credit
2023.09.01,C004,cld,R2634,176.7,229.3,£48.00,"8,482.28","₹339,764",billed
26/04/2023,C004,AUT,R2562,99.8,128.0,52.00,"GBP 5,190.56","194,354",draft
2023-05-09,C003,CLD,R2083,125.6,156.7,GBP 48.00,"£6,028.12","₹244,787",draft
2023-02-18,C008,Hd,R4482,259.1,315.5,£22.00,"£5,700.35","INR 209,772",Draft
2023.10.21,C008,AUT,R4601,60.4,74.8,52.00,"£3,142.13","117,675",credit
2023-10-11,C004,soc ,R2647,246.3,311.1,n/a,"£10,346.26","₹364,405",billed
2023-08-16,C999,cld,R3642,70.9,90.7,£48.00,"3,401.31","130,689",Billed
2023-04-26,C003,Ofp,R2076,154.1,172.4,16.00,"£2,466.24","101,606",Draft
"Apr 23, 2023",C002,CLD,R1565,220.7,n/a,£48.00,"£10,595.87","443,913",Draft
2023-09-05,C011,CLD,R6086,50.8,62.8,£48.00,"2,436.34","96,609",BILLED
03/02/2023,C001,NOC,R1018,289.9,349.5,28.00,"£8,117.99","INR 306,129",billed
2023-08-09,C009,Cld ,R5087,49.7,62.3,48.00,"2,385.56","98,489",credit
2023-07-28,C006,Hd,R3620,345.9,NA,£22.00,"7,608.87","283,192",billed
2023-09-07,C011,Dev,R6088,16.6,20.9,45.00,GBP 746.28,"₹35,947",Credit
27/04/2023,C005,noc,R3071,135.7,162.2,£28.00,"£3,800.93","₹145,474",BILLED
09/03/2023,C009,ofp ,R5023,164.0,190.4,16.00,"£2,624.72","106,827",billed
2023-03-21,C004,Ofp,R2553,331.2,391.6,GBP 16.00,"5,298.82","INR 219,793",Credit
01/05/2023,C009,Hd,R5042,369.7,444.2,£22.00,"£8,133.76","₹308,740",Credit
2023-09-28,C007,AUT,R4168,50.9,65.3,£52.00,"2,644.30","100,600",draft
"Feb 18, 2023",C002,Ofp,R1544,171.2,196.4,16.00,"£2,739.24","₹113,310",credit
"Mar 14, 2023",C007,Dev,R4082,79.6,104.1,£45.00,"3,579.98","168,351",Draft
13/10/2023,C008,Soc,R4596,156.0,192.0,£42.00,"£6,554.04","₹228,821",BILLED
"Dec 23, 2023",C001, HD,R1155,586.1,689.7,£22.00,"£12,894.25","INR 468,357",Draft
2023-04-12,C003,SOC,R2067,166.5,202.9,42.00,"£6,994.21","₹245,608",Draft
"Jan 4, 2023",C007,Aut ,R4055,23.3,28.7,£52.00,"1,213.48","INR 47,248",Credit
08/07/2023,C004,SOC,R2603,229.8,292.5,£42.00,#REF!,"₹343,305",Credit
2023-08-02,C006,hd ,R3635,423.9,503.1,£22.00,"9,324.97","₹352,254",Credit
2023.07.24,C008,dev ,R4561,234.6,304.4,,"£10,556.70","₹495,328",billed
26/12/2023,C001,ofp ,R1169,370.5,412.9,£16.00,"£5,927.23","244,916",Billed
2023-07-09,C005,AUT,R3130,41.5,53.1,£52.00,"2,159.16","₹80,327",Draft
11/06/2023,C004,aut,R2594,66.5,81.2,£52.00,"3,459.87","128,932",billed
"Jan 22, 2023",C010,hd ,R5494,211.7,244.7,£22.00,"£4,657.65","₹167,250",BILLED
"Dec 12, 2023",C004,aut,R2678,102.9,132.9,£52.00,"GBP 5,352.36","₹203,163",credit
2023-03-20,C007,ofp ,R4087,138.4,153.3,£16.00,"£2,213.78","92,222",credit
12/02/2023,C001,NOC,R1017,271.2,326.9,28.00,"7,593.63","₹290,945",Credit
2023-03-25,C007,NOC,R4075,114.6,136.3,28.00,"3,207.62","118,554",credit
2023-07-08,C003,soc ,R2118,190.8,231.6,42.00,"£8,013.10","₹275,205",credit
12/04/2023,C010,CLD,R5541,15.9,19.6,£48.00,(£228.58),"INR 31,076",credit
11/02/2023,C002,aut,R1542,242.6,312.1,52.00,"£12,613.26","₹464,567",Credit
2023.05.11,C010,dev ,R5558,23.0,29.7,45.00,"£1,036.29","48,493",Draft
2023-06-08,C010,NOC,R5567,53.3,63.4,£28.00,"1,491.59","56,480",billed
"Jan 21, 2023",C002,cld,R1525,236.5,292.1,£48.00,"£11,350.50","INR 463,075",draft
2023-05-08,C006,Ofp,R3605,189.6,224.2,16.00,"£3,034.35","122,543",draft
2023-10-04,C001,hd ,R1129,919.4,1030.3,22.00,"£20,227.67","734,012",Billed
20/06/2023,C009,hd ,R5054,324.5,398.3,-,"£7,138.90","₹274,568",Draft
2023-06-14,C006,Dev,R3614,78.1,105.6,45.00,"3,513.24","162,979",Billed
2023-08-14,C001,Ofp,R1108,294.8,335.1,£16.00,"£4,717.40","₹190,936",Draft
2023-05-28,C007,Dev,R4112,72.9,97.1,£45.00,"£3,278.29","₹153,182",billed
20/04/2023,C001,hd ,R1043,678.4,795.7,£22.00,"£14,924.36","INR 565,529",credit
2023-08-26,C006,OFP,R3650,109.4,127.4,£16.00,"1,750.83","INR 71,984",draft
21/01/2023,C006,aut,R3545,19.3,24.4,GBP 52.00,"1,002.58","36,486",draft
"Dec 15, 2023",C003,Noc ,R2181,349.7,395.9,£28.00,"£9,792.07","₹368,948",billed
2023-11-01,C007,dev ,R4191,99.7,130.8,45.00,"£4,485.42","211,481",Billed
"Mar 14, 2023",C006,CLD,R3568,213.2,259.4,NA,"£10,234.47","421,496",billed
2023-03-18,C002,NOC,R1549,393.4,480.1,£28.00,"£11,016.32","₹423,015",BILLED
09/03/2023,C001,OFP,R1040,234.1,268.6,16.00,"3,745.32","₹152,389",BILLED
08/08/2023,C010,NOC,R5592,57.9,67.2,28.00,"1,620.12","60,708",credit
2023.04.03,C010,CLD,R5539,17.8,22.0,48.00,£854.68,"₹34,379",Billed
28/11/2023,C012,soc ,R6581,-,17.8,42.00,GBP 600.13,"21,354",credit
2023-11-13,C006,aut,R3685,25.3,31.8,£52.00,"1,315.35","₹49,182",Billed
27/03/2023,C005,Soc,R3057,56.4,73.1,GBP 42.00,"GBP 2,369.23","₹82,292",credit
2023.08.01,C005,dev ,R3138,72.7,90.5,45.00,"3,269.34","₹150,807",Credit
2023-03-25,C005,Hd,R3053,1046.7,1201.0,£22.00,"£23,027.36","842,320",credit
2023-04-28,C999,DEV,R5543,16.3,21.1,45.00,731.66,"INR 34,630",Billed
"Jan 8, 2023",C003,Dev,R2026,167.7,204.6,45.00,"£7,546.15","353,978",billed
23/06/2023,C002,Ofp,R1597,200.3,234.3,16.00,"£3,204.45","₹133,466",Billed
2023.02.01,C010,DEV,R5517,21.6,28.1,45.00,972.66,"₹44,575",Credit
"Nov 17, 2023",C008,Soc,R4607,47.1,59.0,£42.00,"1,979.59",NA,billed
2023-07-12,C005, HD,R3119,469.9,559.1,£22.00,"10,338.16","370,469",billed
22/11/2023,C011,CLD,R6110,16.3,20.8,£48.00,GBP 781.68,"₹31,047",billed
2023-10-07,C010,cld,R5618,52.0,69.6,48.00,"£2,496.23","INR 104,800",Draft
2023-08-03,C009,DEV,R5090,165.9,209.8,£45.00,"£7,467.42","₹345,516",draft
2023-09-06,C005,SOC,R3147,169.2,216.6,£42.00,"£7,104.95","251,253",credit
2023-08-21,C004,Ofp,R2626,175.7,205.4,£16.00,"£2,811.48","INR 114,522",billed
23/08/2023,C011,DEV,R6076,48.5,63.3,£45.00,"£2,183.10","₹103,911",BILLED
2023-07-16,C002,Dev,R1608,326.9,425.0,£45.00,"14,708.52","INR 677,468",draft
2023-09-21,C006,Dev,R3659,100.9,126.2,£45.00,"£4,540.61","₹211,278",Credit
"Feb 3, 2023",C001,Hd,R1015,837.3,985.0,£22.00,"18,421.20","INR 670,630",credit
2023.02.18,C007,ofp ,R4070,154.5,183.3,£16.00,"GBP 2,472.73","103,165",credit
22/09/2023,C003,DEV,R2147,239.1,299.3,£45.00,"£10,757.52","511,182",Billed
27/02/2023,C012,NOC,R6475,63.5,75.5,£28.00,"1,778.43","₹67,645",Credit
"Nov 18, 2023",C001,Noc ,R1141,460.3,539.8,28.00,"12,888.10","487,595",billed
2023-04-06,C012,OFP,R6501,147.4,167.9,16.00,"GBP 2,359.04","₹97,888",Credit
02/05/2023,C008,NOC,R4525,122.9,148.4,28.00,"3,440.12","₹129,950",Draft
04/07/2023,C004,CLD,R2607,279.6,345.5,£48.00,"£13,418.60","541,272",credit
2023-11-13,C006,dev ,R3680,81.7,107.3,45.00,"£3,675.70","168,241",Draft
21/01/2023,C001,OFP,R1013,200.7,231.2,£16.00,"£3,211.78","₹133,671",billed
"May 14, 2023",C008,noc,R4523,156.3,188.9,£28.00,"4,377.12","165,398",Draft
2023-11-06,C010,Dev,R5635,19.6,26.3,£45.00,£883.78,"40,827",credit
16/08/2023,C007,dev ,R4155,79.8,101.1,£45.00,"£3,589.38","₹170,711",BILLED
2023-11-26,C009,CLD,R5133,44.3,55.4,£48.00,"2,126.88","85,794",credit
14/08/2023,C003,cld,R2132,206.1,257.4,48.00,"£9,890.78","INR 402,731",BILLED
2023-10-03,C005,dev ,R3163,76.6,98.4,£45.00,"£3,445.86","160,232",Draft
2023-07-27,C002,Ofp,R1612,190.7,225.0,£16.00,"3,051.25",n/a,Draft
2023-09-25,C009,soc ,R5103,43.8,55.6,42.00,"£1,839.02","64,983",Draft
2023-05-24,C002,DEV,R1581,366.5,447.8,£45.00,"16,492.85","776,069",Draft
01/06/2023,C011, HD,R6042,159.6,187.1,£22.00,"£3,510.29","INR 124,634",Draft
2023-01-20,C007,DEV,R4051,105.6,136.1,45.00,"4,753.44","₹220,319",Billed
"Nov 21, 2023",C010,HD,R5625,236.1,279.4,£22.00,"5,195.29","188,906",Billed
2023-04-13,C006,Cld ,R3583,107.2,136.1,£48.00,"£5,143.74","210,030",Draft
2023-08-23,C002,NOC,R1614,831.5,1042.7,-,"23,283.33","898,602",Billed
2023.05.18,C012,noc,R6505,151.0,184.3,28.00,"£4,228.81","₹156,022",Credit
2023-04-11,C007,ofp ,R4100,125.3,145.6,16.00,"2,004.60","84,052",Draft
2023-12-13,C012,SOC,R6592,10.4,13.0,GBP 42.00,435.97,"₹15,352",Draft
2023-04-19,C011,ofp ,R6029,133.7,152.9,£16.00,#REF!,"90,765",billed
"Sep 7, 2023",C005,Cld ,R3149,104.5,136.4,48.00,"£5,017.20","₹202,059",credit
2023-12-10,C012,Ofp,R6599,195.4,218.3,£16.00,"£3,126.59","₹129,199",BILLED
21/11/2023,C005,ofp ,R3179,493.3,570.4,16.00,"£7,892.43","₹322,930",BILLED
2023.06.14,C002,AUT,R1596,96.3,124.3,52.00,"£5,008.59","178,707",Draft
2023-02-23,C004,AUT,R2537,81.6,105.5,£52.00,"4,242.22","155,336",Billed
"Oct 10, 2023",C001,Soc,R1131,736.6,940.5,42.00,"30,938.13","₹1,047,226",billed
27/04/2023,C009,cld,R5030,40.0,50.3,£48.00,"1,917.73","76,638",Credit
2023-02-20,C001,SOC,R1021,189.2,237.9,£42.00,"(2,384.33)","₹271,826",draft
08/07/2023,C004,Noc ,R2600,235.1,273.7,28.00,"GBP 6,582.69","₹257,257",Credit
27/05/2023,C006,noc,R3594,,213.4,28.00,"£5,072.84","196,553",billed
"Jun 21, 2023",C005,Ofp,R3117,161.6,187.7,£16.00,"£2,586.03","INR 108,325",BILLED
2023-10-07,C012,Dev,R6572,26.8,34.0,45.00,"1,207.68","55,743",billed
2023.12.09,C001,Soc,R1161,325.3,397.9,42.00,"£13,661.38","₹475,514",BILLED
2023.10.24,C012,CLD,R6570,null,63.2,£48.00,"£2,340.86","₹93,517",draft
2023-09-05,C009,noc,R5099,163.1,198.5,£28.00,"£4,567.86","₹172,388",billed
"Apr 27, 2023",C008,NOC,R4509,127.4,151.1,£28.00,"£3,566.58","₹138,616",Billed
2023-10-03,C005,noc,R3159,237.0,283.6,28.00,"6,635.98","250,948",draft
2023-12-03,C003,Ofp,R2189,325.1,385.2,16.00,"£5,201.40","215,679",Billed
16/11/2023,C003,dev ,R2174,451.7,567.5,£45.00,"£20,328.42","₹934,401",credit
2023-09-20,C001,soc ,R1116,328.0,396.0,GBP 42.00,"13,776.26","₹477,242",billed
12/02/2023,C004,DEV,R2535,153.8,197.9,£45.00,"£6,919.15","315,958",Billed
2023-06-24,C003,aut,R2109,71.7,89.7,52.00,"(£1,118.74)","₹134,260",BILLED
2023-02-27,C008,DEV,R4490,61.5,77.0,45.00,"£2,769.11","₹123,514",Draft
"Dec 13, 2023",C012,hd ,R6588,178.9,212.1,GBP 22.00,"3,936.69","₹146,749",draft
10/03/2023,C006,Hd,R3563,385.8,461.6,£22.00,"8,486.61","316,306",draft
24/11/2023,C004,Ofp,R2666,666.4,737.0,£16.00,"(£3,198.49)","438,442",Billed
2023-01-24,C011,DEV,R5985,15.8,20.8,45.00,713.06,"₹31,825",Draft
2023-06-12,C003,cld,R2101,132.7,174.3,£48.00,"£6,369.04","₹260,974",BILLED
"Oct 21, 2023",C002,aut,R1651,331.0,424.9,£52.00,"£17,214.35","643,389",BILLED
16/06/2023,C007,Noc ,R4121,153.9,177.2,£28.00,"£4,309.38","168,005",BILLED
2023-09-23,C001,Aut ,R1124,122.5,151.8,GBP 52.00,"£6,369.06","₹236,303",credit
2023-05-04,C008,noc,R4524,136.6,,GBP 28.00,error,"138,162",Credit
13/02/2023,C005,Hd,R3041,488.0,565.6,22.00,"10,736.70","INR 396,398",credit
"Aug 18, 2023",C003,Dev,R2134,135.1,170.5,GBP 45.00,"£6,079.39","287,607",Billed
2023-08-12,C006,SOC,R3639,78.7,98.6,42.00,"£3,306.30","113,878",Credit
26/08/2023,C006,hd ,R3634,402.2,477.4,22.00,"£8,848.11","335,719",draft
2023-11-24,C007,Aut ,R4195,31.8,40.5,£52.00,"1,652.01","₹60,626",BILLED
2023-12-17,C012,Hd,R6590,177.3,210.2,GBP 22.00,"(£1,170.35)","₹143,033",billed
"Sep 11, 2023",C011,hd ,R6082,136.0,163.2,£22.00,(£897.35),"110,593",BILLED
2023-02-03,C006,cld,R3555,75.4,96.0,£48.00,"GBP 3,619.86","150,067",Billed
21/11/2023,C007,Hd,R4184,525.2,625.8,22.00,"£11,553.57","INR 411,431",BILLED
"Apr 10, 2023",C010,AUT,R5546,8.3,10.6,£52.00,432.43,"16,189",Draft
2023.07.07,C008,SOC,R4557,38.8,48.4,£42.00,(£488.86),"₹57,130",BILLED
"May 22, 2023",C008,cld,R4529,153.7,193.8,£48.00,"£7,377.53","INR 294,871",credit
2023-02-05,C010,Cld ,R5516,23.6,30.9,£48.00,"£1,132.50","₹46,840",credit
2023-04-12,C012,Ofp,R6502,150.3,171.2,16.00,"£2,405.50","₹94,847",Draft
2023.05.22,C005,OFP,R3098,159.6,192.5,£16.00,"£2,553.14","104,984",BILLED
25/01/2023,C010,CLD,R5501,24.2,30.9,48.00,"£1,162.62","INR 46,321",Billed
2023-07-16,C011,Noc ,R6059,96.2,118.8,£28.00,"2,692.76","103,496",draft
2023-12-16,C008,SOC,R4622,51.2,63.7,£42.00,NA,"INR 77,738",Draft
"Sep 23, 2023",C012,dev ,R6558,16.0,20.5,£45.00,722.20,"33,078",billed
15/06/2023,C005,Aut ,R3114,42.4,53.5,£52.00,#REF!,"₹85,364",BILLED
14/07/2023,C011,Hd,R6056,129.5,153.6,£22.00,"2,849.90","104,388",Billed
2023.04.28,C011,Ofp,R6030,133.8,153.0,GBP 16.00,"£2,141.07","₹89,338",Draft
2023.11.15,C011,Hd,R6104,196.5,230.9,22.00,"£4,322.03","₹161,102",draft
2023-01-23,C009,Aut ,R4992,16.6,20.6,£52.00,£862.65,"₹31,504",Draft
"Jun 26, 2023",C001,Ofp,R1078,529.2,613.5,16.00,"8,467.77","347,225",Billed
14/01/2023,C001,AUT,R1010,149.4,199.3,£52.00,"7,769.06","290,944",Draft
"Mar 18, 2023",C003,Soc,R2053,-,225.1,£42.00,"£7,806.50","₹275,150",Draft
2023-05-11,C012,cld,R6509,24.2,33.0,£48.00,"1,163.57","46,504",draft
23/05/2023,C999,Ofp,R1584,196.6,232.1,16.00,"3,144.80","125,853",billed
"Jan 10, 2023",C008,NOC,R4466,118.4,140.1,28.00,"3,314.58","INR 128,122",BILLED
2023-02-18,C999,Cld ,R4487,48.8,60.6,£48.00,"£2,341.71","97,104",billed
2023-09-26,C002,CLD,R1631,116.1,139.6,£48.00,"GBP 5,574.09","223,413",billed
2023-02-05,C002,dev ,R1541,326.2,420.4,45.00,"14,679.03","INR 668,684",billed
14/08/2023,C003,Cld ,R2131,187.4,234.0,£48.00,"£8,992.88","361,139",credit
20/06/2023,C005,cld,R3107,76.9,98.3,£48.00,"GBP 3,693.40","149,889",Billed
10/07/2023,C004,noc,R2601,296.3,345.0,£28.00,"8,295.01","₹312,302",credit
2023-09-24,C002,OFP,R1641,231.6,264.7,£16.00,"£3,706.12","INR 153,768",Draft
"Dec 16, 2023",C002,Cld ,R1669,128.9,153.1,48.00,"6,188.90","249,028",Draft
01/04/2023,C008,OFP,R4520,321.6,369.2,£16.00,"5,145.40","INR 207,791",Credit
2023.09.27,C004,SOC,R2632,371.8,467.2,42.00,"£15,617.52","547,053",draft
27/09/2023,C005,AUT,R3151,40.2,50.1,£52.00,"GBP 2,092.15","75,723",Billed
12/05/2023,C003,Dev,R2087,121.4,156.3,45.00,"£5,462.08","259,211",Credit
"Sep 23, 2023",C012,Soc,R6551,12.5,16.1,£42.00,526.94,"₹18,318",draft
2023-10-25,C005,aut,R3165,53.0,67.3,£52.00,"2,758.26","₹105,372",billed
2023-07-24,C009, HD,R5069,242.6,293.7,£22.00,"£5,336.59","₹199,280",Draft
2023-03-15,C002, HD,R1546,639.4,764.3,£22.00,"£14,067.16","521,495",Billed
"Sep 4, 2023",C012,Ofp,R6561,127.7,145.8,£16.00,"£2,043.64","83,570",draft
2023-03-08,C004,hd ,R2541,679.5,794.0,£22.00,"£14,949.19","₹542,786",BILLED
2023.04.23,C006,Ofp,R3591,133.7,148.0,£16.00,"2,139.19","₹89,291",draft
2023-05-28,C003,ofp ,R2092,117.2,133.2,16.00,"1,875.32","₹78,710",credit
2023.08.14,C002,CLD,R1617,141.8,176.0,48.00,"£6,804.68","₹272,267",Billed
2023-01-10,C010,AUT,R5503,6.8,8.6,52.00,error,"₹12,699",draft
2023-01-13,C008,OFP,R4477,102.0,119.7,£16.00,"GBP 1,631.75","66,633",Draft
"Sep 19, 2023",C009,Ofp,R5110,191.1,217.2,GBP 16.00,n/a,"₹125,486",Billed
"Oct 15, 2023",C011,SOC,R6096,15.1,18.6,£42.00,£635.63,"₹22,390",draft
06/06/2023,C012,ofp ,R6522,439.7,503.8,16.00,"7,034.81","283,714",Billed
05/01/2023,C006,soc ,R3539,173.8,211.3,42.00,"GBP 7,300.00","INR 250,486",credit
20/06/2023,C004,Dev,R2591,141.3,186.8,£45.00,"6,358.14","₹303,863",credit
08/04/2023,C999,ofp ,R1570,259.0,298.0,£16.00,"4,144.20","₹173,135",billed
2023-10-22,C011,Soc,R6095,13.5,-,£42.00,£568.49,"19,946",Billed
"Dec 12, 2023",C001,HD,R1154,638.2,751.0,£22.00,"£14,039.80","₹525,023",BILLED
"Nov 26, 2023",C010,cld,R5632,16.1,20.5,48.00,£772.07,"INR 30,898",Billed
22/02/2023,C006,Dev,R3558,177.2,231.3,£45.00,"7,975.70","376,880",Draft
"May 5, 2023",C001,ofp ,R1066,NA,733.3,16.00,"£10,293.44","INR 429,959",Credit
2023-05-08,C009,Soc,R5046,62.4,NA,£42.00,"2,620.79","₹93,546",draft
2023.09.27,C011,Soc,R6085,40.0,49.7,£42.00,"£1,681.12","58,397",Credit
2023.11.11,C010,Ofp,R5638,204.6,236.7,£16.00,"£3,273.71","136,085",Draft
"Apr 3, 2023",C001,Dev,R1051,139.4,183.0,45.00,"£6,272.62","₹298,112",draft
2023-12-16,C010,SOC,R5647,14.1,18.2,£42.00,592.76,"21,287",credit
2023-03-11,C011,hd ,R6007,164.8,194.7,£22.00,"3,625.28","134,920",draft
2023-11-04,C007,Dev,R4192,77.8,102.1,£45.00,"3,501.68","₹165,570",billed
02/10/2023,C005,Hd,R3156,597.8,700.7,22.00,"£13,152.54","493,204",credit
"Jan 22, 2023",C006,dev ,R3544,101.6,135.4,45.00,"£4,570.36","₹210,018",Credit
2023-07-14,C009,Dev,R5075,75.1,95.9,£45.00,"£3,380.87","₹159,826",Billed
03/08/2023,C003,aut,R2136,127.4,158.9,52.00,"GBP 6,622.28","₹238,392",Draft
2023-01-14,C005, HD,R3028,503.4,583.8,22.00,"£11,075.21","420,022",Credit
2023-09-22,C005,Cld ,R3148,113.0,147.4,£48.00,"£5,421.85","₹217,638",Credit
2023-08-27,C002,Hd,R1613,1307.1,1542.7,£22.00,"£28,755.88","₹1,030,510",draft
"Sep 27, 2023",C007,aut,R4169,49.4,63.5,£52.00,"£2,568.77","₹96,586",Billed
2023.02.06,C010,ofp ,R5521,128.3,156.7,£16.00,"2,052.95","85,133",Draft
"Dec 12, 2023",C008,Ofp,R4631,162.8,186.1,16.00,"2,604.25","₹107,498",BILLED
2023-08-02,C004,hd ,R2616,641.1,731.8,22.00,"£14,104.60","509,932",Credit
26/02/2023,C004,Dev,R2536,135.8,174.8,GBP 45.00,"£6,110.91","280,458",Draft
2023-11-11,C009,OFP,R5138,411.1,495.1,16.00,"£6,576.94","282,377",BILLED
2023.07.10,C007,HD,R4132,263.3,313.0,£22.00,"5,791.74","₹219,275",draft
2023-06-18,C005,Cld ,R3109,82.1,104.9,£48.00,"£3,941.02","₹159,411",Credit
"Dec 1, 2023",C001,NOC,R1158,249.6,297.7,£28.00,"6,988.05","₹266,862",Credit
22/03/2023,C011,soc ,R6012,15.1,18.1,£42.00,633.49,"₹22,649",draft
17/12/2023,C009,NOC,R5143,129.3,160.1,£28.00,"£3,619.73","138,644",credit
20/12/2023,C011,hd ,R6119,141.3,163.9,£22.00,"£3,109.47","112,624",credit
2023-10-05,C006,Dev,R3669,248.0,327.9,45.00,"£11,161.84","₹514,622",billed
11/02/2023,C006,cld,R3556,65.1,82.9,48.00,(937.98),"₹123,353",credit
20/01/2023,C012,NOC,R6462,49.5,59.3,£28.00,"1,387.18","₹52,783",credit
2023-01-10,C999,HD,R5975,154.3,182.8,£22.00,"3,394.49","₹127,574",draft
"Aug 26, 2023",C007,AUT,R4156,73.6,90.4,52.00,"£3,827.26","139,062",Credit
01/12/2023,C999,NOC,R4199,400.9,476.1,£28.00,"£11,225.28","INR 431,986",Credit
2023.10.24,C006,Hd,R3662,892.6,1070.6,GBP 22.00,"GBP 19,637.24","₹730,366",billed
03/09/2023,C008,Cld ,R4584,162.0,209.5,£48.00,"£7,778.18","₹311,585",BILLED
21/08/2023,C009,soc ,R5084,44.9,55.6,£42.00,"1,886.64","64,984",billed
17/03/2023,C012,CLD,R6489,25.3,31.7,48.00,null,"₹49,268",credit
23/08/2023,C005,noc,R3135,391.7,463.9,28.00,"GBP 10,968.70","INR 415,857",Credit
2023-02-13,C012,Cld ,R6478,24.8,30.8,GBP 48.00,"1,192.01","₹47,755",credit
2023.10.15,C009,Noc ,R5112,427.1,487.5,£28.00,"£11,959.63","473,108",billed
2023-10-02,C007,Aut ,R4182,89.9,111.0,£52.00,"(£1,401.87)","₹173,712",Credit
"Jun 3, 2023",C007,ofp ,R4130,212.7,245.9,16.00,"3,403.81","₹142,772",Billed
2023-05-12,C004,ofp ,R2579,199.9,236.9,£16.00,"£3,199.20","136,398",Credit
2023-06-02,C004, HD,R2580,,443.2,GBP 22.00,"£8,419.96","₹316,512",Billed
"Mar 26, 2023",C005,noc,R3054,178.1,207.8,£28.00,"£4,985.98","188,830",draft
"Jun 11, 2023",C004,Aut ,R2595,70.8,86.4,£52.00,"£3,679.99","134,919",Draft
"Jun 22, 2023",C004,CLD,R2588,294.3,374.0,£48.00,"14,126.38","563,241",Billed
"Mar 2, 2023",C004,Soc,R2544,203.1,256.3,£42.00,"GBP 8,531.10","₹293,758",BILLED
14/09/2023,C006, HD,R3652,442.4,504.9,22.00,"9,731.84","357,642",billed
"May 23, 2023",C001,DEV,R1062,168.2,215.5,£45.00,"7,569.92","₹342,467",BILLED
"Apr 11, 2023",C007,Soc,R4093,66.7,83.3,£42.00,"£2,800.36","₹96,128",billed
2023.07.06,C005,cld,R3125,81.2,100.3,48.00,"£3,899.01","159,788",draft
"May 13, 2023",C011,SOC,R6034,17.9,22.2,£42.00,753.28,"INR 26,797",Draft
2023-10-03,C009,AUT,R5121,35.1,43.9,£52.00,"£1,823.49","INR 66,606",credit
17/02/2023,C004,CLD,R2532,261.2,333.1,£48.00,"£12,535.29","506,949",Billed
2023.10.12,C005,Hd,R3157,517.1,606.0,,"11,376.15","₹409,596",Billed
2023.04.16,C010,Dev,R5544,14.7,19.1,45.00,£660.24,"30,104",Billed
2023-09-20,C012,cld,R6555,16.7,20.8,£48.00,800.30,"₹32,880",Draft
2023-07-22,C003,DEV,R2122,207.6,278.7,£45.00,"GBP 9,340.02","₹443,171",credit
"Sep 25, 2023",C005,hd ,R3145,545.8,645.7,22.00,"12,007.95","₹438,828",BILLED
"Feb 17, 2023",C005,NOC,R3042,147.2,171.0,£28.00,"4,120.67",NA,Billed
"Sep 2, 2023",C004,CLD,R2636,156.0,202.4,48.00,"£7,487.91","299,614",billed
2023-12-12,C003,Aut ,R2188,226.7,280.1,£52.00,"£11,789.19","₹436,795",Draft
2023-03-01,C002,cld,R1551,227.5,287.9,48.00,"£10,921.57","432,364",Draft
"Oct 24, 2023",C009,soc ,R5113,71.9,90.8,£42.00,"£3,019.32","₹104,728",draft
2023.03.07,C004,Hd,R2542,650.2,759.8,£22.00,"£14,304.95","₹549,123",BILLED
"Dec 25, 2023",C010,CLD,R5650,20.5,26.7,48.00,£982.70,"41,232",Draft
2023-11-04,C002,Dev,R1660,144.3,186.0,£45.00,"£6,492.33","₹300,850",Credit
2023-10-07,C003,AUT,R2161,92.4,123.1,£52.00,"£4,804.21","177,345",draft
22/09/2023,C006,NOC,R3653,453.1,543.3,£28.00,"£12,687.66","₹479,332",credit
2023-01-25,C008,hd ,R4464,446.0,516.3,£22.00,"£9,812.08","₹362,000",Credit
2023-10-23,C003,SOC,R2154,189.7,238.7,£42.00,"£7,968.05","₹278,490",Billed
2023-10-07,C009,cld,R5115,48.5,60.8,£48.00,"GBP 2,326.60","95,771",Billed
"Aug 5, 2023",C010,SOC,R5595,40.5,51.7,42.00,"£1,701.09","₹57,852",draft
2023-12-06,C007,aut,R4204,48.7,58.9,52.00,"£2,529.98","₹93,065",draft
2023.04.09,C002,AUT,R1569,137.3,179.5,52.00,"(£2,142.04)","267,198",Draft
"Mar 18, 2023",C008,HD,R4494,304.5,351.0,22.00,"£6,699.21","₹246,559",draft
06/02/2023,C008,Dev,R4489,63.4,79.3,GBP 45.00,"2,851.83","136,154",Credit
05/10/2023,C008,HD,R4593,390.8,457.1,GBP 22.00,"8,597.22","₹319,729",draft
2023-03-16,C007,CLD,R4079,67.4,84.7,48.00,(£971.21),"₹125,746",credit
2023.02.05,C010,dev ,R5518,23.8,30.9,45.00,#REF!,"₹48,948",billed
2023-04-27,C006,ofp ,R3590,133.2,147.5,GBP 16.00,"2,131.57","₹86,897",billed
2023-09-13,C002,dev ,R1635,138.5,180.4,45.00,"GBP 6,234.64","289,500",credit
2023-04-22,C007,Noc ,R4090,363.6,446.2,28.00,"£10,181.39","₹378,745",credit
2023-07-07,C001,Aut ,R1089,120.4,150.1,£52.00,"6,260.33","231,082",draft
2023-06-24,C004,hd ,R2581,461.0,533.9,22.00,"10,142.50","₹373,903",draft
20/02/2023,C006,Hd,R3550,394.0,480.8,GBP 22.00,"8,667.36","317,711",billed
"Mar 24, 2023",C002,DEV,R1554,118.4,148.7,45.00,"(£1,598.95)","238,334",Draft
2023.07.08,C004, HD,R2599,1044.8,1276.3,£22.00,"22,985.36","₹862,815",BILLED
2023-09-19,C001,hd ,R1111,537.1,629.0,£22.00,"£11,815.48","439,860",billed
2023-08-25,C001,AUT,R1107,108.2,132.8,£52.00,"£5,628.34","₹205,712",Credit
2023-02-11,C007,aut,R4067,82.1,102.4,£52.00,"£4,267.15","₹159,655",credit
2023.12.10,C001,dev ,R1165,230.1,289.7,45.00,"£10,354.09","₹477,501",billed
2023.12.17,C012,Noc ,R6591,145.6,175.5,£28.00,"4,076.34","153,933",Draft
"Jun 11, 2023",C006,ofp ,R3619,177.0,202.5,£16.00,-,NA,Billed
"Dec 7, 2023",C009,AUT,R5150,31.1,37.5,£52.00,"1,616.61","59,809",Credit
2023.05.06,C012,Dev,R6511,52.7,66.6,£45.00,"2,369.99","111,887",draft
2023.07.11,C010,ofp ,R5588,177.5,211.1,16.00,"2,839.49","INR 115,467",billed
2023-12-09,C001,Cld ,R1162,252.7,320.0,£48.00,"12,130.30","482,270",BILLED
2023-03-28,C005,Dev,R3061,117.6,154.4,£45.00,"5,290.60","₹247,121",credit
"Nov 12, 2023",C006,HD,R3674,822.6,956.5,£22.00,"(£5,429.43)","661,665",draft
06/03/2023,C004,SOC,R2546,227.4,286.9,NA,"£9,551.42","325,985",BILLED
23/08/2023,C012,CLD,R6542,21.3,26.6,48.00,"£1,020.79","41,238",Credit
"Dec 13, 2023",C003,DEV,R2187,486.1,610.5,£45.00,"21,875.03","1,031,876",Draft
2023.12.20,C001,cld,R1163,238.4,301.8,£48.00,"£11,441.98","₹442,810",Billed
22/03/2023,C005,noc,R3055,200.0,233.5,£28.00,"£5,600.78","220,345",Draft
21/01/2023,C004,NOC,R2513,426.6,529.7,28.00,"£11,943.79","₹462,909",draft
"Feb 2, 2023",C010,Soc,R5513,13.4,16.5,£42.00,(£168.73),"19,657",billed
2023-04-01,C011,DEV,R6027,30.5,38.4,45.00,"1,371.68","63,485",BILLED
2023-02-25,C012,cld,R6479,25.8,32.1,£48.00,"1,239.61","47,778",Credit
2023-12-27,C005,Noc ,R3182,248.9,304.1,£28.00,"6,969.60","₹271,183",credit
16/09/2023,C010,noc,R5607,148.9,178.4,£28.00,"£4,168.90","₹155,406",BILLED
2023-01-23,C002,Aut ,R1530,107.6,133.8,52.00,"£5,594.12","213,937",credit
"Jun 26, 2023",C001,Ofp,R1078,529.2,613.5,16.00,"8,467.77","347,225",Billed
07/08/2023,C999,soc ,R4568,38.6,49.0,£42.00,"£1,620.93","57,475",Billed
2023.11.19,C008,CLD,R4610,94.6,118.9,48.00,"£4,538.87","INR 191,718",Draft
2023-05-07,C999,Noc ,R5551,51.9,62.5,£28.00,"£1,452.65","55,853",billed
2023-02-10,C004,soc ,R2529,245.3,297.4,42.00,"£10,301.57","363,592",Draft
26/11/2023,C008, HD,R4604,1104.9,1286.1,22.00,"£24,308.27","₹889,062",Draft
2023-03-09,C008,SOC,R4499,37.1,45.3,-,"£1,558.22","₹54,609",credit
2023-12-16,C010,SOC,R5647,14.1,18.2,£42.00,592.76,"21,287",credit
"Jul 18, 2023",C006,OFP,R3633,401.5,457.1,£16.00,"(1,927.11)","₹255,092",Billed
"May 25, 2023",C001,Hd,R1054,797.9,932.2,22.00,"17,554.19","661,520",credit
2023-05-11,C012,cld,R6510,23.7,32.3,£48.00,"£1,137.67","46,486",BILLED
2023-06-27,C002,Noc ,R1588,373.8,440.2,28.00,"£10,465.35","396,678",credit
2023.07.16,C012, HD,R6523,207.2,244.0,£22.00,"GBP 4,557.85","₹170,312",billed
"Nov 23, 2023",C002,cld,R1657,266.4,337.9,48.00,"£12,786.70","520,790",BILLED
2023.11.22,C004,CLD,R2661,523.7,668.0,48.00,"25,138.01","1,002,749",billed
22/11/2023,C005,Dev,R3176,122.0,149.0,45.00,"5,490.90","₹259,918",credit
"Aug 23, 2023",C005,Soc,R3136,145.5,184.1,£42.00,"£6,111.01","₹210,746",Billed
16/04/2023,C003,DEV,R2074,194.7,259.8,45.00,"8,762.94","₹419,176",billed
23/03/2023,C002,Dev,R1555,134.6,168.9,£45.00,"GBP 6,056.26","INR 275,642",billed
2023-01-26,C004,dev ,R2519,189.0,251.3,£45.00,"8,506.77",NA,BILLED
"Mar 12, 2023",C012,Ofp,R6492,null,153.2,£16.00,"2,096.45","₹86,106",Billed
2023-03-16,C003,CLD,R2055,145.4,187.4,£48.00,"£6,979.50","273,921",Credit
21/06/2023,C010,SOC,R5569,20.9,25.4,42.00,877.55,"₹30,855",Draft
17/01/2023,C005,CLD,R3032,97.7,122.2,48.00,"£4,687.52","184,913",draft
13/07/2023,C004,NOC,R2602,252.9,294.4,£28.00,"£7,079.89","INR 271,009",Billed
"Sep 13, 2023",C004,Noc ,R2631,236.6,294.1,£28.00,"£6,625.88","INR 249,623",BILLED
2023-08-23,C007,NOC,R4147,114.0,137.6,28.00,"GBP 3,192.53","₹119,866",BILLED
2023-01-24,C001,DEV,R1007,130.9,178.5,45.00,"5,889.88","₹273,482",BILLED
"Jan 26, 2023",C004,cld,R2517,264.9,328.6,48.00,"£12,716.43","₹536,910",Billed
2023-10-01,C005,dev ,R3162,86.6,111.4,45.00,"£3,898.06","₹184,800",credit
"Sep 27, 2023",C011,ofp ,R6090,215.9,258.2,£16.00,"£3,455.19","136,121",BILLED
"Feb 11, 2023",C002,Ofp,R1543,177.5,203.7,£16.00,"2,840.27","₹115,938",credit
2023.09.21,C002,DEV,R1636,134.9,175.7,£45.00,"£6,070.78","274,533",billed
2023.04.18,C009,NOC,R5027,186.6,218.4,£28.00,"£5,224.28","₹194,544",draft
"Mar 3, 2023",C006,DEV,R3569,109.2,141.3,£45.00,"4,912.40","233,006",BILLED
03/01/2023,C003,Noc ,R2020,260.0,323.3,28.00,"7,281.21","276,843",Draft
2023-08-19,C006,Noc ,R3637,150.0,183.9,£28.00,"£4,199.27","₹159,867",Billed
2023.09.03,C003,SOC,R2142,316.9,401.4,£42.00,"13,309.14","486,302",credit
"Nov 20, 2023",C010,noc,R5626,86.5,109.1,28.00,"£2,423.38","89,054",Billed
2023-03-02,C010,HD,R5524,625.9,771.2,£22.00,"13,770.18","506,803",Credit
2023-09-13,C001,Cld ,R1119,141.3,178.8,-,"£6,782.08",-,billed
2023.08.12,C008,AUT,R4576,22.3,28.4,£52.00,"£1,159.06","₹44,792",credit
2023-04-09,C004,Soc,R2558,219.5,278.1,£42.00,"9,217.76","314,902",BILLED
2023.07.08,C012,Soc,R6529,,11.0,£42.00,£360.26,"₹12,970",Billed
2023-04-12,C002,NOC,R1562,481.8,557.9,£28.00,"(4,047.33)","511,486",BILLED
28/10/2023,C004,NOC,R2645,444.7,526.2,28.00,"£12,452.05","₹469,043",Credit
2023-11-23,C004,NOC,R2658,418.6,499.3,28.00,"£11,719.69","465,377",credit
"Sep 10, 2023",C008,NOC,R4581,410.8,506.5,28.00,"£11,501.56","₹424,142",Credit
09/01/2023,C009, HD,R4986,257.5,297.5,£22.00,"£5,664.19","₹209,661",Draft
"Oct 26, 2023",C003,cld,R2157,500.2,612.2,£48.00,"24,008.30","947,600",Draft
03/06/2023,C002,CLD,R1590,218.2,261.0,£48.00,"£10,474.32","411,914",Credit
01/09/2023,C002,dev ,R1634,116.6,151.8,£45.00,"5,246.61","₹248,512",Billed
2023-03-09,C003,aut,R2061,68.2,85.1,£52.00,"3,546.28","127,118",Credit
2023.12.01,C010,AUT,R5653,11.6,14.8,£52.00,604.17,"22,231",draft
02/06/2023,C009,ofp ,R5066,108.0,126.3,null,"£1,727.76","₹68,398",BILLED
"Nov 6, 2023",C010,hd ,R5624,242.4,286.8,GBP 22.00,"5,333.36","203,496",BILLED
"Sep 13, 2023",C999,Hd,R2628,643.8,799.3,£22.00,"£14,164.03","530,518",credit
2023-04-20,C006,noc,R3577,125.6,150.3,£28.00,"£3,517.36","₹136,552",Draft
2023-10-06,C012,SOC,R6568,15.3,19.4,£42.00,GBP 642.96,"22,916",billed
2023.01.25,C009,Hd,R4984,203.6,235.2,£22.00,"£4,479.23","164,185",draft
2023.06.14,C011,Cld ,R6051,28.9,35.8,£48.00,"£1,388.46","₹55,780",credit
"Sep 14, 2023",C003,Aut ,R2149,228.5,281.7,52.00,"£11,883.22","INR 441,342",credit
2023-05-17,C003,SOC,R2081,196.7,239.6,£42.00,NA,"288,579",billed
"Jun 18, 2023",C009,CLD,R5059,56.6,70.6,48.00,"£2,716.21","INR 105,230",Credit
22/12/2023,C003,soc ,R2182,188.1,237.3,£42.00,"£7,900.23","268,773",draft
24/11/2023,C002,OFP,R1663,500.6,574.5,£16.00,"8,009.16","329,360",Draft
2023-08-15,C001, HD,R1093,563.7,639.4,22.00,"£12,400.41","₹465,075",credit
2023-07-02,C005,noc,R3121,139.1,170.9,£28.00,"3,894.19","₹152,187",Draft
2023.07.13,C999,soc ,R4556,48.1,60.0,42.00,"£2,019.87","72,506",credit
2023-09-21,C002,AUT,R1639,107.9,131.5,£52.00,"5,611.05","₹212,439",Credit
2023-03-28,C010,SOC,R5527,12.6,15.8,£42.00,531.25,"18,938",Credit
2023-03-18,C012,SOC,R6486,14.4,18.4,£42.00,£605.92,"INR 21,002",billed
18/01/2023,C001,AUT,R1011,151.4,201.9,£52.00,"7,870.91","₹282,819",billed
2023-12-15,C008,Soc,R4623,39.4,49.0,GBP 42.00,"1,654.02","₹57,267",BILLED
"Feb 7, 2023",C006,Ofp,R3560,165.4,193.2,£16.00,"£2,646.39","₹106,704",Draft
2023.12.09,C008,Ofp,R4632,193.8,221.6,£16.00,"3,101.09","₹122,450",billed
2023-02-10,C003,NOC,R2034,259.6,310.0,GBP 28.00,"7,268.43","274,866",Credit
04/07/2023,C009,NOC,R5071,156.1,190.0,28.00,"£4,371.65","₹164,253",Credit
2023-08-10,C004,ofp ,R2624,187.9,219.7,£16.00,"GBP 3,006.18","₹117,684",billed
2023-05-08,C003,DEV,R2088,130.6,168.2,£45.00,"£5,876.38","INR 274,188",draft
2023-12-21,C004,Noc ,R2670,250.4,301.1,£28.00,"£7,011.72","₹259,798",credit
2023-01-03,C011,soc ,R5981,36.4,45.9,£42.00,"£1,530.25","53,804",Draft
2023.02.21,C009,cld,R5002,43.2,53.9,£48.00,"2,072.11","83,342",billed
"Apr 19, 2023",C002,AUT,R1568,161.5,211.1,GBP 52.00,"£8,398.70","₹305,736",draft
2023-09-23,C001,OFP,R1126,293.3,340.7,16.00,"4,692.31","190,855",BILLED
2023-09-18,C009,Noc ,R5100,165.6,201.5,£28.00,"4,636.76","₹175,450",BILLED
25/10/2023,C011,cld,R6098,20.5,27.5,48.00,984.25,"₹38,400",draft
2023-04-01,C004,Hd,R2554,1221.0,1389.0,null,"£26,861.05","₹1,023,102",billed
"Jun 15, 2023",C008,Ofp,R4548,115.6,139.2,£16.00,"1,849.73","78,717",credit
23/04/2023,C005,Cld ,R3076,119.6,151.8,48.00,"£5,741.61","₹227,516",credit
2023-03-22,C004,Cld ,R2547,541.2,689.0,48.00,"25,979.81","1,085,457",draft
2023.11.24,C003,NOC,R2169,775.6,923.5,null,"21,715.42","₹816,864",BILLED
2023-02-11,C008,Soc,R4484,138.1,178.0,GBP 42.00,"£5,801.93","₹207,217",BILLED
21/08/2023,C008,dev ,R4573,124.5,158.8,£45.00,"5,601.32","₹262,651",draft
2023-06-16,C003,hd ,R2094,1127.8,1371.4,£22.00,"£24,810.52","902,134",billed
2023-11-15,C001,AUT,R1150,340.9,419.6,£52.00,"£17,725.81","681,969",BILLED
2023-12-08,C003,Soc,R2183,174.3,219.9,£42.00,"(£2,196.74)","256,773",Draft
2023-03-08,C006,Aut ,R3572,28.0,-,£52.00,"1,457.59","INR 54,415",Credit
"Mar 28, 2023",C009,aut,R5020,32.0,40.2,£52.00,null,"₹62,655",billed
2023-11-07,C001,ofp ,R1152,204.6,239.5,£16.00,"£3,274.34","₹132,521",Draft
21/03/2023,C007,OFP,R4086,142.4,157.8,£16.00,"£2,277.90","₹92,360",Billed
"May 2, 2023",C007,HD,R4104,264.6,309.2,£22.00,"£5,821.64","212,547",Draft
2023-03-20,C001,Dev,R1036,210.1,266.5,£45.00,#N/A,"428,104",credit
06/02/2023,C011,Hd,R5992,261.4,303.0,£22.00,#N/A,"₹213,217",draft
18/05/2023,C001,aut,R1065,333.6,413.8,52.00,"£17,349.48","653,651",Credit
2023-02-10,C012,Noc ,R6474,74.5,88.6,£28.00,"£2,085.38","₹78,479",billed
2023-04-16,C005,AUT,R3080,100.3,125.1,£52.00,"£5,216.21","INR 191,883",Billed
"Nov 17, 2023",C001,ofp ,R1151,214.2,250.8,£16.00,"3,427.77","141,385",draft
2023-11-04,C008,Soc,R4608,52.3,65.5,n/a,(659.22),"₹77,821",Credit
2023-01-02,C007,CLD,R4050,69.7,89.6,£48.00,"£3,345.20","134,320",BILLED
2023.11.18,C001,cld,R1146,257.2,332.8,£48.00,"12,345.50","503,381",Draft
"Jun 17, 2023",C010,soc ,R5568,17.2,20.9,GBP 42.00,n/a,"₹25,485",draft
22/05/2023,C010,OFP,R5562,107.0,-,£16.00,"£1,712.60","₹70,931",Draft
2023-09-10,C004,noc,R2629,302.5,375.9,£28.00,"8,469.65","330,406",draft
17/01/2023,C003,Noc ,R2019,236.7,294.3,£28.00,"6,627.36","251,287",Billed
2023-12-25,C004,hd ,R2668,398.5,466.0,22.00,"8,767.27","INR 323,541",Draft
"Jun 14, 2023",C008,hd ,R4536,291.4,341.7,22.00,"(£1,923.18)","₹239,363",draft
2023.07.22,C004,DEV,R2608,213.4,267.7,£45.00,"£9,601.73","₹435,370",Draft
2023-11-23,C010,NOC,R5627,82.1,103.5,£28.00,"£2,298.55","86,473",Credit
2023-05-20,C010,HD,R5548,647.8,737.5,GBP 22.00,"14,251.61","541,108",Credit
2023-11-18,C012,DEV,R6585,14.9,19.6,45.00,670.05,"30,731",credit
21/11/2023,C001,Dev,R1147,144.3,191.2,45.00,"6,493.62","303,929",Billed
"Aug 14, 2023",C002,soc ,R1615,587.1,738.3,42.00,"24,657.31","₹885,034",BILLED
2023-08-11,C010, HD,R5590,292.4,342.3,£22.00,"(£1,930.16)","₹234,359",billed
2023-11-12,C010,hd ,R5623,213.3,252.3,-,"£4,691.60","₹179,561",billed
2023-03-21,C007,dev ,R4080,68.1,89.2,NA,"£3,066.13","INR 142,005",Billed
2023-01-18,C008,cld,R4470,61.3,73.8,£48.00,"GBP 2,943.56","113,554",draft
2023-09-02,C006, HD,R3651,369.1,421.2,£22.00,"8,119.39","INR 304,697",credit
2023-07-26,C010,cld,R5583,18.1,null,48.00,GBP 868.67,"₹35,077",credit
09/07/2023,C999,HD,R1601,372.6,421.5,£22.00,"£8,197.78","₹304,888",Credit
2023-07-13,C010,OFP,R5589,194.9,231.7,16.00,"£3,117.62","₹127,930",Billed
2023-12-05,C009,DEV,R5147,81.8,105.6,£45.00,"3,682.62","168,838",Billed
"Aug 18, 2023",C010,aut,R5601,8.4,10.4,£52.00,£434.79,"₹15,753",credit
2023-10-01,C005,Ofp,R3168,183.1,208.3,16.00,"2,929.32","121,258",billed
2023-04-26,C011,cld,R6024,26.2,32.2,null,"£1,256.41","49,024",billed
"May 12, 2023",C011,cld,R6037,25.6,32.0,£48.00,"£1,227.44","47,626",credit
01/01/2023,C004,AUT,R2520,252.9,316.3,£52.00,error,"₹488,087",credit
"Jun 11, 2023",C004,soc ,R2586,214.4,272.7,GBP 42.00,"9,003.92","INR 310,657",billed
"Jan 15, 2023",C001, HD,R1001,511.9,589.6,22.00,"£11,261.99","425,530",Draft
"Sep 19, 2023",C009,Ofp,R5110,191.1,217.2,GBP 16.00,n/a,"₹125,486",Billed
"Feb 20, 2023",C009,HD,R4995,701.1,824.7,£22.00,error,"₹567,608",BILLED
2023-09-06,C012,Noc ,R6549,65.2,79.6,£28.00,"£1,826.28","₹69,653",Billed
"Jul 4, 2023",C001,Soc,R1081,395.3,505.9,£42.00,"16,603.52","₹585,050",draft
"Jul 21, 2023",C008,soc ,R4555,37.5,46.7,42.00,"1,573.28","54,276",Billed
"Apr 3, 2023",C010,dev ,R5542,15.0,19.5,45.00,676.02,"₹30,850",Billed
2023-10-21,C012,HD,R6562,160.4,180.7,£22.00,"(£1,058.85)","₹131,253",Credit
"Sep 26, 2023",C007,noc,R4161,137.4,167.4,£28.00,"3,848.57","148,604",billed
2023-08-01,C008,AUT,R4575,19.8,25.3,52.00,"£1,031.58","₹37,962",BILLED
2023-02-09,C005,noc,R3043,128.4,149.2,28.00,"£3,596.45","136,186",Billed
2023-09-07,C004,Dev,R2637,241.7,315.7,£45.00,"10,876.60","INR 494,996",credit
2023-04-28,C003,cld,R2070,145.7,181.0,48.00,"£6,993.33","₹280,804",draft
"Sep 13, 2023",C012,Ofp,R6560,123.0,140.4,16.00,"1,967.37","₹80,963",Draft
"Aug 12, 2023",C010,OFP,R5603,114.7,130.6,£16.00,"£1,834.71","₹73,097",credit
"Feb 28, 2023",C009,SOC,R5000,50.3,66.1,42.00,"2,113.37","75,966",draft
2023.06.01,C999,Ofp,R5065,100.3,117.3,£16.00,"1,604.24","65,359",Credit
24/07/2023,C004,aut,R2611,120.5,149.3,52.00,"£6,265.92","INR 241,112",Draft
2023-11-06,C009,aut,R5137,30.1,37.9,52.00,n/a,"57,451",draft
"Sep 11, 2023",C008,aut,R4588,37.9,46.4,£52.00,"£1,968.38","₹72,915",Draft
2023.04.16,C006,NOC,R3576,145.9,174.6,£28.00,"£4,086.08","153,977",draft
01/04/2023,C006,SOC,R3580,47.4,58.7,42.00,"1,990.91","₹68,861",draft
"Aug 12, 2023",C011,CLD,R6075,24.8,32.6,£48.00,"£1,192.43","₹47,997",Billed
2023-01-21,C002,noc,R1520,503.1,602.7,28.00,"14,086.38","₹537,993",BILLED
26/08/2023,C006,AUT,R3647,24.4,30.7,£52.00,"1,271.25","45,182",billed
2023-11-03,C004, HD,R2657,1141.3,1347.1,£22.00,"£25,107.72","₹931,497",Billed
2023-07-24,C009, HD,R5069,242.6,293.7,£22.00,"£5,336.59","₹199,280",Draft
2023-11-03,C010,Cld ,R5631,20.5,26.2,48.00,#N/A,"₹39,651",draft
22/07/2023,C009,OFP,R5079,276.9,309.5,£16.00,"£4,430.71","₹185,650",draft
2023-11-05,C007, HD,R4185,407.2,485.2,£22.00,"£8,958.61","₹357,859",credit
2023-12-19,C008,cld,R4625,73.0,92.4,£48.00,"3,505.62","₹139,627",BILLED
2023-06-28,C011,Noc ,R6045,63.8,76.7,£28.00,"£1,787.40","₹67,062",draft
2023.11.19,C006,DEV,R3681,88.0,115.5,£45.00,"3,959.66","₹180,028",draft
"Apr 25, 2023",C007,Dev,R4095,66.2,83.1,,"£2,977.12","140,504",Draft
15/12/2023,C011,CLD,R6124,45.2,58.1,£48.00,"GBP 2,168.91","₹88,551",Credit
2023-05-20,C005,Noc ,R3086,134.5,167.2,28.00,"£3,766.81","₹143,926",billed
"Nov 7, 2023",C002,Soc,R1656,347.4,413.6,£42.00,"14,589.50","509,681",Draft
"Aug 13, 2023",C001,OFP,R1109,313.4,356.2,16.00,"5,014.19","INR 199,025",Draft
2023-03-28,C010,Aut ,R5534,6.4,8.1,52.00,332.26,"₹12,342",billed
2023-01-15,C010,Noc ,R5496,56.4,72.4,28.00,"£1,578.09","₹59,825",BILLED
2023-01-18,C008,NOC,R4465,122.7,145.2,£28.00,"GBP 3,435.19","INR 132,330",Draft
2023-07-24,C009,noc,R5072,186.2,226.7,£28.00,"£5,213.89","202,282",Credit
2023-05-20,C004,cld,R2572,183.5,NA,48.00,"GBP 8,807.83","₹352,283",Billed
2023.09.14,C005,HD,R3144,536.3,634.5,£22.00,"11,799.05","₹435,789",credit
"Mar 10, 2023",C011,ofp ,R6016,235.3,278.8,£16.00,"£3,765.04","₹157,865",BILLED
2023-08-10,C009,NOC,R5082,105.3,128.0,£28.00,"£2,948.38","114,933",BILLED
17/11/2023,C002,Soc,R1655,410.9,489.2,42.00,"£17,256.41","624,698",credit
2023-05-11,C008,dev ,R4530,127.1,165.1,£45.00,"GBP 5,721.02","₹268,961",Draft
"Oct 10, 2023",C007,Cld ,R4179,100.3,121.1,48.00,"(1,444.28)","190,847",billed
"Feb 7, 2023",C002,Hd,R1534,1389.2,1608.3,£22.00,"30,562.31",NA,Credit
08/10/2023,C011,CLD,R6097,16.9,22.7,£48.00,£810.23,"32,075",Billed
2023-09-27,C012,DEV,R6557,15.1,19.3,£45.00,680.74,"31,523",Credit
2023.12.10,C007,hd ,R4198,892.6,-,22.00,"£19,637.51","718,452",draft
02/05/2023,C002,cld,R1579,213.1,261.9,£48.00,"10,228.38","₹403,487",BILLED
"Nov 16, 2023",C012,dev ,R6586,16.3,21.5,£45.00,732.61,"33,814",billed
"Sep 13, 2023",C007,Ofp,R4171,199.4,229.3,16.00,"3,190.98","₹132,187",credit
2023-09-18,C002,Hd,R1624,505.4,574.2,£22.00,"£11,118.10","410,695",Draft
2023.06.06,C006,cld,R3610,102.9,134.9,48.00,"£4,937.93","200,266",billed
27/06/2023,C007,SOC,R4122,161.8,190.7,£42.00,"£6,794.97","236,431",draft
10/12/2023,C005,cld,R3185,225.0,274.5,£48.00,"10,799.99","426,350",Billed
2023-11-15,C011,Dev,R6113,51.8,65.7,£45.00,"2,331.87","108,272",Draft
2023.03.02,C001,CLD,R1035,408.2,506.4,48.00,"£19,592.92","₹789,317",Billed
2023-03-14,C008,SOC,R4498,42.9,52.4,£42.00,"£1,802.92","INR 63,355",billed
2023-01-22,C008,DEV,R4473,111.6,142.8,£45.00,"£5,020.94","221,429",draft
2023-02-27,C010,hd ,R5507,230.2,266.7,£22.00,"£5,063.66","₹189,635",credit
"Jan 21, 2023",C011,Noc ,R5979,55.3,67.9,£28.00,"1,547.90","INR 59,884",BILLED
2023-10-07,C002,hd ,R1642,1597.7,1914.6,22.00,"£35,149.24","₹1,239,779",Billed
"Dec 9, 2023",C005,NOC,R3183,206.7,252.5,28.00,"5,787.21","232,085",BILLED
2023-08-14,C007,cld,R4150,60.8,76.7,48.00,"GBP 2,916.46","116,408",billed
2023-05-16,C005,Noc ,R3087,129.5,161.0,£28.00,"GBP 3,627.39","₹138,040",draft
2023-02-06,C006,cld,R3557,76.3,97.1,£48.00,"3,662.56","147,884",draft
05/12/2023,C999,soc ,R5646,13.2,17.0,£42.00,£554.80,"₹19,408",Credit
19/12/2023,C001,Noc ,R1159,303.7,362.3,28.00,"£8,503.38","334,712",Billed
"Jun 14, 2023",C007,Aut ,R4127,39.6,49.3,£52.00,"£2,058.22","INR 76,378",billed
01/08/2023,C011,Ofp,R6077,138.6,165.3,£16.00,"£2,217.85","₹93,460",Credit
2023-03-19,C011,Soc,R6013,12.7,15.3,£42.00,£534.09,"₹18,361",billed
23/11/2023,C001,DEV,R1148,186.3,246.9,£45.00,"8,382.60","401,403",credit
2023.05.06,C007,soc ,R4107,88.3,112.7,£42.00,"(£1,113.04)","₹132,035",Billed
03/12/2023,C008,noc,R4620,157.1,187.0,£28.00,"4,399.76","167,694",billed
2023-09-02,C007,Hd,R4158,308.8,364.1,£22.00,"GBP 6,794.21","260,692",Billed
2023.11.05,C006,Noc ,R3675,471.9,561.0,null,"£13,214.35","₹509,510",BILLED
2023-02-12,C005,soc ,R3045,48.5,59.2,£42.00,"2,036.25","70,303",draft
2023-03-21,C012,Hd,R6484,507.8,608.4,null,"£11,172.32",null,BILLED
2023-04-04,C006,NOC,R3578,119.8,143.4,28.00,"3,355.78","₹130,463",credit
2023-08-21,C005,OFP,R3143,NA,291.3,£16.00,"3,972.31","158,998",credit
2023.12.04,C007,soc ,R4200,165.8,213.3,42.00,"£6,962.67","₹247,267",draft
2023.10.11,C002,DEV,R1650,444.6,567.4,£45.00,"£20,007.08","₹935,855",Draft
2023.08.25,C005,dev ,R3140,66.0,82.1,£45.00,"2,968.08","₹139,894",Draft
2023-05-08,C006,dev ,R3600,79.0,100.8,£45.00,"3,554.92","₹166,130",billed
12/10/2023,C009,Cld ,R5117,57.2,71.7,48.00,"£2,746.43","₹111,759",Credit
2023.05.05,C006,Ofp,R3604,182.4,215.6,£16.00,"£2,918.16","INR 124,053",draft
2023-04-18,C005,DEV,R3078,114.7,151.0,45.00,"£5,160.96","INR 234,649",billed
"Feb 27, 2023",C011,NOC,R5993,51.9,64.0,28.00,"1,452.12","58,847",billed
20/04/2023,C008,Aut ,R4519,68.8,85.0,£52.00,"3,579.97","INR 132,001",credit
2023-05-28,C001, HD,R1055,746.0,871.6,£22.00,"GBP 16,412.51","621,132",billed
"Oct 18, 2023",C006,Cld ,R3667,78.4,97.7,48.00,"GBP 3,761.01","154,441",billed
2023-02-20,C005,aut,R3051,39.5,48.8,£52.00,"2,054.95","₹75,613",draft
2023.09.05,C009,Soc,R5101,48.8,62.0,GBP 42.00,"2,047.65","₹71,615",billed
2023-09-02,C001,Noc ,R1114,311.6,384.1,£28.00,"£8,723.69","337,193",Credit
2023.09.21,C004,noc,R2630,294.3,365.7,28.00,"£8,239.10","322,104",draft
2023-12-10,C007,CLD,R4201,163.1,207.7,48.00,"£7,827.68","₹308,677",Billed
2023-07-01,C008,ofp ,R4564,380.6,431.4,£16.00,"£6,090.00","₹238,361",Credit
24/01/2023,C007,cld,R4048,71.7,92.3,£48.00,"£3,443.38","₹139,255",Billed
"Dec 9, 2023",C010,dev ,R5651,38.5,48.1,45.00,"£1,732.72","80,639",draft
2023.05.10,C006,Soc,R3596,88.2,null,£42.00,"£3,705.53","₹124,797",Credit
09/12/2023,C006,AUT,R3697,64.8,82.7,52.00,"£3,368.72","₹122,485",draft
15/06/2023,C001,dev ,R1074,151.7,190.1,£45.00,,"323,318",billed
2023-06-27,C008,soc ,R4540,46.1,57.8,£42.00,"£1,934.74","69,683",Credit
2023-01-19,C009,Aut ,R4993,20.3,25.2,£52.00,"£1,053.94","39,321",draft
2023.05.17,C007,Cld ,R4109,69.3,84.2,48.00,(£998.59),"₹136,485",Billed
20/08/2023,C011,Cld ,R6074,22.3,29.2,48.00,"£1,069.55","₹42,553",credit
10/03/2023,C009,ofp ,R5022,170.9,198.4,16.00,"£2,735.18","112,925",Draft
2023-01-28,C011,Dev,R5986,19.5,25.6,45.00,£876.24,"40,147",credit
2023-07-15,C008,NOC,R4554,191.6,220.5,£28.00,"5,364.21","₹202,875",BILLED
"May 1, 2023",C002,Aut ,R1582,314.8,392.8,52.00,"16,370.06","INR 599,934",BILLED
"Jul 15, 2023",C001,cld,R1083,225.9,278.8,£48.00,"£10,841.95","444,896",Draft
"Feb 14, 2023",C010,OFP,R5522,107.6,131.4,16.00,"1,721.05","₹67,320",Billed
2023-06-18,C011,Dev,R6052,58.2,75.4,£45.00,"£2,620.89","117,992",draft
2023-12-22,C009,hd ,R5140,408.3,483.7,£22.00,"8,983.39","INR 334,008",Billed
"Jun 15, 2023",C011,Soc,R6047,14.0,16.8,42.00,£586.46,"INR 21,046",credit
2023-10-20,C005,Aut ,R3166,45.5,57.7,£52.00,"£2,366.36","89,424",billed
2023-11-23,C999,AUT,R2175,141.6,182.3,£52.00,"7,360.81","INR 282,805",BILLED
"Dec 27, 2023",C002,soc ,R1667,762.6,943.1,£42.00,"32,029.54","₹1,114,659",Credit
07/06/2023,C006,Noc ,R3608,195.7,240.7,£28.00,"5,480.96","₹218,257",Billed
27/05/2023,C005,Soc,R3089,85.1,104.5,42.00,"£3,574.19","129,303",Draft
"Dec 15, 2023",C003,soc ,R2184,207.1,261.2,£42.00,"£8,696.98","₹299,333",draft
"Apr 18, 2023",C004,Noc ,R2556,345.2,395.4,28.00,"£9,664.55","₹371,048",billed
2023-04-06,C999,Dev,R4516,71.0,92.3,45.00,"£3,197.15","INR 146,695",Billed
13/01/2023,C001,dev ,R1008,163.4,222.8,45.00,"£7,351.14","342,991",Billed
2023-07-24,C009,Cld ,R5074,128.1,165.0,£48.00,"6,149.73","₹246,763",Draft
25/03/2023,C002,NOC,R1548,461.7,563.4,GBP 28.00,"12,927.99","₹497,722",billed
19/11/2023,C008,ofp ,R4617,198.8,222.4,£16.00,"£3,181.29","₹131,793",credit
2023-11-07,C005, HD,R3170,1396.6,1679.7,22.00,"£30,725.91","INR 1,106,333",Credit
09/01/2023,C011,Ofp,R5988,115.8,135.8,16.00,"£1,852.39",,BILLED
2023-06-15,C012,cld,R6519,null,18.1,48.00,694.07,"27,981",billed
2023-06-16,C007,CLD,R4124,97.2,119.1,£48.00,"£4,664.05","₹184,765",billed
01/07/2023,C004,Cld ,R2606,251.9,311.3,£48.00,"£12,091.44","₹486,557",Billed
2023.01.28,C003,NOC,R2018,245.8,305.5,£28.00,"£6,881.59","₹267,678",BILLED
2023.12.05,C011,noc,R6121,192.8,224.7,28.00,"5,397.42","207,197",draft
15/10/2023,C009,aut,R5120,38.2,47.8,52.00,"£1,985.95","71,783",BILLED
01/03/2023,C009,Dev,R5019,48.0,61.9,£45.00,"£2,160.13","₹96,558",credit
25/05/2023,C999,Noc ,R1574,333.8,420.0,28.00,"£9,347.27","352,061",Credit
"Jun 18, 2023",C004,Noc ,R2583,385.7,469.5,£28.00,"GBP 10,799.84","412,735",BILLED
2023.03.09,C001,dev ,R1037,260.1,330.0,£45.00,"11,705.85","₹545,358",credit
13/02/2023,C009,AUT,R5007,30.4,39.1,null,"1,579.00","₹60,275",Draft
2023-11-03,C008,DEV,R4613,125.0,153.8,,"£5,622.90","255,133",credit
2023.08.12,C009,aut,R5092,17.3,21.1,£52.00,£897.30,"33,996",Draft
24/08/2023,C008,SOC,R4570,42.7,54.1,£42.00,"£1,791.48","63,099",draft
2023-04-28,C010,ofp ,R5547,358.1,427.1,16.00,"5,729.55","235,257",credit
2023-09-02,C010,OFP,R5612,348.9,412.1,GBP 16.00,"£5,581.82","INR 222,709",BILLED
2023.05.27,C002,SOC,R1577,192.0,238.7,42.00,,"INR 285,894",Billed
20/02/2023,C001,OFP,R1029,636.3,751.6,£16.00,"(£3,054.28)","₹432,733",BILLED
10/01/2023,C002,OFP,R1531,176.2,205.6,16.00,"2,819.04","117,665",credit
2023-02-02,C001,cld,R1025,132.1,170.4,£48.00,"£6,341.35","₹246,477",credit
2023.07.17,C001,dev ,R1086,148.1,184.6,£45.00,"£6,664.12","309,667",draft
23/12/2023,C004,hd ,R2669,452.2,528.8,£22.00,"GBP 9,948.93","₹361,404",Billed
"May 19, 2023",C009,cld,R5048,40.7,51.9,48.00,"£1,954.83","79,209",Credit
2023-10-26,C003,HD,R2151,603.4,710.8,£22.00,"13,274.89","₹502,782",Credit
2023-08-10,C009,ofp ,R5095,160.8,188.7,£16.00,"2,573.25","INR 102,122",Billed
23/07/2023,C008,Cld ,R4559,60.1,78.3,£48.00,null,"₹118,443",Draft
"Nov 24, 2023",C012,Cld ,R6583,21.8,27.8,48.00,"£1,044.34","INR 42,237",draft
2023-06-07,C005,NOC,R3102,195.4,228.3,GBP 28.00,"£5,470.93","208,432",BILLED
2023.08.19,C006,AUT,R3646,23.4,29.4,52.00,"£1,217.63","44,930",BILLED
2023-05-09,C007,Dev,R4113,77.6,103.5,£45.00,"£3,494.03","162,024",Billed
2023-04-02,C008,Dev,R4518,70.4,91.4,45.00,"£3,166.36","₹153,704",Credit
19/12/2023,C008,DEV,R4628,110.5,140.1,£45.00,"£4,972.24","₹224,329",credit
"Sep 21, 2023",C001,dev ,R1121,201.5,256.0,45.00,"£9,067.75","426,355",BILLED
2023.12.28,C999,Ofp,R5151,388.5,468.9,£16.00,"£6,215.99","₹258,679",Credit
20/11/2023,C004,DEV,R2663,166.9,208.1,£45.00,"7,510.38","₹340,842",credit
23/08/2023,C009,ofp ,R5094,169.2,198.5,£16.00,"£2,706.44","₹110,174",Credit
2023-11-17,C003,cld,R2173,478.6,581.7,£48.00,"£22,971.42","920,454",credit
2023-03-14,C006,OFP,R3574,198.1,null,£16.00,"3,169.67","₹134,430",draft
2023-07-16,C010,Soc,R5581,20.9,26.1,42.00,£879.32,"INR 31,212",draft
2023.02.10,C002,Cld ,R1540,415.4,517.4,48.00,"19,940.23","₹790,328",Billed
2023.02.02,C007, HD,R4057,808.8,922.8,£22.00,"17,793.84","651,430",BILLED
08/09/2023,C005,OFP,R3154,142.8,164.2,16.00,"£2,284.19","94,418",Billed
"Jul 10, 2023",C008,NOC,R4553,201.4,231.7,£28.00,"£5,638.07","217,201",Credit
2023-10-02,C011,NOC,R6093,208.3,251.5,£28.00,"GBP 5,832.83","INR 220,947",Credit
01/02/2023,C001,DEV,R1026,245.6,320.0,45.00,"11,052.74","₹518,730",Billed
"Aug 19, 2023",C002,Aut ,R1621,154.0,195.7,£52.00,"£8,006.29",,Billed
2023-01-09,C011, HD,R5977,173.0,205.0,£22.00,"£3,806.54","₹144,090",Credit
2023.02.24,C009,noc,R4996,92.4,109.1,28.00,"£2,587.70","98,689",BILLED
"Mar 7, 2023",C001,Aut ,R1038,168.9,216.5,52.00,"(2,634.33)","₹326,657",draft
2023.08.12,C010,Dev,R5597,14.9,19.0,£45.00,£669.70,"31,045",draft
2023.01.06,C011,DEV,R5987,19.0,24.9,45.00,£852.76,"39,858",credit
2023-11-11,C003, HD,R2168,362.4,420.0,£22.00,"GBP 7,973.41","291,756",draft
27/01/2023,C001,soc ,R1005,712.4,899.9,£42.00,"29,919.24","INR 1,025,210",draft
2023-09-22,C007,noc,R4163,127.5,155.3,£28.00,"3,569.93","₹136,871",Credit
2023.08.12,C012,cld,R6543,22.2,27.7,£48.00,"£1,065.80","₹42,968",billed
2023-04-22,C012,soc ,R6496,25.8,31.9,£42.00,"1,083.82","38,669",BILLED
2023-10-19,C010,hd ,R5613,682.6,814.8,£22.00,-,"₹560,899",credit
2023-12-25,C006,DEV,R3694,77.5,96.5,£45.00,"£3,486.99","160,566",Draft
"Mar 16, 2023",C006,hd ,R3562,363.1,434.5,22.00,"£7,988.69","297,622",billed
2023-08-03,C011, HD,R6069,133.2,158.2,22.00,"£2,929.90","111,490",credit
"Feb 14, 2023",C011,SOC,R5998,10.8,12.8,42.00,455.28,"₹16,008",Draft
2023-07-18,C005,CLD,R3127,72.8,90.0,£48.00,"3,496.69","₹139,884",credit
03/01/2023,C006,AUT,R3546,22.1,27.9,GBP 52.00,"1,146.97","43,155",BILLED
16/06/2023,C004,Ofp,R2597,198.4,227.8,16.00,"£3,174.16","₹125,092",BILLED
2023.05.09,C008,OFP,R4533,316.6,376.5,16.00,"£5,066.04","₹211,491",Billed
2023.12.06,C002,noc,R1666,514.2,592.5,£28.00,"£14,398.38","552,752",billed
2023-02-25,C001,aut,R1028,323.9,402.6,£52.00,"£16,844.86","607,925",Draft
07/09/2023,C003,DEV,R2148,209.6,262.4,£45.00,"£9,430.97","₹434,468",draft
28/03/2023,C004,Soc,R2545,261.2,329.5,42.00,"£10,968.67","386,793",Credit
24/08/2023,C009,Noc ,R5081,104.7,127.2,28.00,"£2,931.67","₹111,696",credit
2023-12-07,C005,soc ,R3184,177.6,225.2,42.00,"7,460.70","₹254,124",credit
2023-07-02,C007,Noc ,R4134,179.0,215.7,28.00,"(£1,503.34)","189,429",Draft
16/11/2023,C009,Noc ,R5128,112.3,131.4,£28.00,"3,144.13","₹121,031",Billed
2023-06-10,C010,HD,R5564,307.4,357.3,22.00,"£6,762.44","251,478",draft
"Oct 17, 2023",C006,cld,R3666,96.2,119.9,£48.00,"£4,618.46","₹191,598",Credit
25/02/2023,C003,DEV,R2042,387.6,521.5,£45.00,"£17,442.36","₹784,434",BILLED
2023-09-19,C002,Noc ,R1627,477.5,587.4,£28.00,"£13,370.00","₹493,646",credit
21/10/2023,C010,AUT,R5621,10.9,13.0,52.00,£566.00,"21,724",Credit
2023-05-08,C004,HD,R2566,354.1,421.3,22.00,"(£2,336.97)","₹289,641",Billed
"Jan 25, 2023",C011,Ofp,R5989,123.5,144.9,£16.00,"£1,976.67","81,283",Billed
2023-05-11,C004,ofp ,R2578,177.6,210.4,£16.00,"GBP 2,841.07","₹112,666",Draft
"May 23, 2023",C009,OFP,R5052,349.6,,£16.00,"5,593.95","₹233,732",billed
2023-07-12,C008,hd ,R4552,293.1,340.1,£22.00,"£6,447.79","₹237,884",Billed
2023-01-14,C999,dev ,R6469,50.8,64.4,£45.00,"£2,287.68","106,940",credit
2023-09-20,C008,Aut ,R4587,31.8,39.0,52.00,"1,653.25","60,656",BILLED
2023-09-24,C008,Ofp,R4589,129.0,147.4,£16.00,"£2,064.74","₹84,865",Billed
2023.05.04,C009,Noc ,R5044,156.1,187.1,£28.00,"4,369.88","₹166,605",Billed
18/03/2023,C006,SOC,R3565,58.9,73.2,£42.00,"£2,473.16","₹84,036",credit
"Jun 28, 2023",C005,Soc,R3105,58.3,72.8,42.00,"£2,448.59","₹85,553",Billed
27/01/2023,C005,NOC,R3030,366.8,440.5,£28.00,"£10,270.10","₹399,486",draft
2023-05-20,C007,CLD,R4110,54.9,66.7,£48.00,"£2,635.56","INR 104,102",Draft
"Aug 1, 2023",C003,Dev,R2133,152.8,192.9,£45.00,"£6,878.07","327,181",credit
2023-04-18,C001,HD,R1044,873.7,1024.8,22.00,"19,221.03","₹707,205",Billed
28/12/2023,C011,dev ,R6126,25.0,32.2,£45.00,"£1,124.57","₹51,537",Credit
2023-11-01,C011,Aut ,R6115,7.3,9.2,52.00,£379.46,"13,916",credit
2023-12-13,C001,Ofp,R1168,327.2,364.7,16.00,error,"215,861",credit
2023.08.28,C006,ofp ,R3648,125.5,146.1,16.00,"£2,008.63","₹83,781",Credit
06/05/2023,C001,SOC,R1058,358.0,447.2,£42.00,"£15,036.39","532,356",draft
"Dec 27, 2023",C009,HD,R5139,422.8,500.9,GBP 22.00,"£9,302.50","346,122",Draft
02/08/2023,C005,HD,R3133,605.1,698.6,£22.00,"GBP 13,312.26","₹478,496",Billed
19/11/2023,C011,Aut ,R6114,6.9,8.7,£52.00,£361.15,"₹13,153",billed
2023-08-19,C011,ofp ,R6079,119.6,142.6,£16.00,"£1,913.99","77,401",Credit
2023.04.18,C005,Hd,R3069,1038.0,NA,£22.00,"22,836.00","846,115",BILLED
2023.09.18,C001,hd ,R1110,495.5,580.2,22.00,"10,899.97","417,201",credit
2023-06-04,C004,Dev,R2590,145.7,192.6,45.00,"6,555.14","₹301,928",draft
2023.06.08,C001,aut,R1077,313.8,377.6,£52.00,"£16,317.32","583,087",billed
27/03/2023,C001,SOC,R1034,225.8,282.3,42.00,"£9,483.63","338,423",credit
2023-05-17,C010,SOC,R5553,12.3,null,GBP 42.00,£515.83,"18,595",credit
22/08/2023,C008,noc,R4566,218.1,277.2,£28.00,"£6,106.35","238,514",Billed
2023-11-25,C011,hd ,R6105,165.4,194.4,£22.00,"£3,638.52","135,920",Credit
2023.05.07,C005,Noc ,R3085,116.8,145.1,£28.00,"GBP 3,269.31","₹126,510",billed
2023-11-21,C007,SOC,R4188,106.2,126.7,£42.00,"£4,460.01","₹152,826",draft
2023-04-22,C003,SOC,R2068,210.5,256.4,£42.00,"£8,839.22","₹318,984",Credit
22/01/2023,C007,aut,R4053,29.7,36.6,£52.00,"£1,545.23","58,252",BILLED
"May 22, 2023",C007,aut,R4117,30.8,39.5,£52.00,"1,601.79","60,193",Billed
"Feb 19, 2023",C007,cld,R4064,176.3,235.9,48.00,"£8,463.95","₹335,527",Credit
2023-01-08,C008,noc,R4467,154.1,182.3,£28.00,"£4,314.74","157,890",credit
23/02/2023,C008,Hd,R4481,286.9,349.3,22.00,"6,310.91","238,703",Draft
2023-05-08,C011,Ofp,R6040,351.7,415.9,£16.00,"£5,626.50","₹227,271",billed
2023-06-27,C003,dev ,R2104,151.2,194.9,45.00,-,"₹321,291",billed
2023-01-02,C002,dev ,R1526,166.8,214.9,45.00,"7,507.34","₹345,229",billed
2023-04-11,C009,ofp ,R5040,158.5,179.9,£16.00,"£2,536.65","₹107,599",draft
2023-06-20,C012,Hd,R6513,null,287.3,GBP 22.00,"£5,322.59","204,414",credit
2023-09-16,C012,Dev,R6556,14.3,18.2,45.00,641.84,"INR 28,302",billed
"Oct 15, 2023",C012,SOC,R6569,17.2,null,42.00,724.06,"₹25,165",Draft
"Dec 10, 2023",C002,Ofp,R1676,558.7,654.1,£16.00,"£8,938.41","INR 356,249",BILLED
19/04/2023,C004,Aut ,R2563,120.7,154.8,52.00,"£6,276.97","₹227,859",BILLED
15/12/2023,C009,SOC,R5144,166.2,205.1,£42.00,"GBP 6,979.40","245,541",credit
22/07/2023,C001,DEV,R1087,135.8,169.2,£45.00,"£6,109.23","₹277,795",BILLED
"Feb 28, 2023",C012,hd ,R6473,243.9,288.5,£22.00,"£5,364.77","₹205,158",Billed
2023-09-14,C007,cld,R4165,225.7,287.2,£48.00,"10,832.69","₹436,551",billed
17/09/2023,C999,Dev,R6089,17.5,22.1,£45.00,787.43,"₹36,695",BILLED
2023.08.27,C004,SOC,R2619,702.0,899.6,42.00,"GBP 29,484.78","₹1,014,652",draft
18/04/2023,C006,soc ,R3579,52.9,65.5,£42.00,"GBP 2,222.04","INR 76,373",Draft
04/05/2023,C009,NOC,R5043,136.0,163.0,£28.00,"3,807.89","INR 145,627",billed
08/12/2023,C001,DEV,R1164,206.7,260.2,£45.00,"9,300.76","₹418,082",Billed
13/07/2023,C005,cld,R3126,63.4,78.3,48.00,"£3,043.27","₹120,963",Credit
"Sep 27, 2023",C007, HD,R4159,324.4,382.4,22.00,"7,136.93","₹273,181",draft
01/05/2023,C007, HD,R4103,297.2,347.2,£22.00,"6,537.54","₹242,327",credit
"Sep 13, 2023",C010,SOC,R5608,42.5,51.5,£42.00,"1,783.97","₹63,539",credit
2023-10-13,C008,Noc ,R4595,450.1,556.8,28.00,"12,601.46","₹485,129",BILLED
2023-10-13,C011,ofp ,R6103,209.5,246.0,16.00,"£3,352.49","137,006",Credit
16/03/2023,C009,Noc ,R5013,313.0,372.4,28.00,"£8,764.68","340,556",Draft
13/06/2023,C007,Noc ,R4120,181.6,209.0,£28.00,"£5,083.80","₹193,047",Billed
"Aug 24, 2023",C012,Soc,R6541,27.8,35.6,42.00,"1,165.78","₹41,246",billed
02/01/2023,C005,ofp ,R3039,211.4,238.5,NA,"£3,383.15","138,954",BILLED
2023.01.21,C007,Dev,R4052,133.7,172.3,£45.00,"6,015.34","275,021",BILLED
2023-07-02,C006,NOC,R3624,124.4,151.0,£28.00,#N/A,"133,605",Billed
11/01/2023,C999,hd ,R2511,645.6,756.0,22.00,"(£4,260.88)","₹509,039",Billed
2023-12-26,C002,cld,R1668,131.9,156.6,48.00,"6,329.80","253,802",credit
2023.04.02,C008,cld,R4515,51.8,62.0,£48.00,"£2,485.36","₹100,640",Credit
04/11/2023,C010,SOC,R5629,16.3,19.3,42.00,£685.74,"24,437",Billed
2023-09-02,C006,ofp ,R3661,384.9,453.4,£16.00,"6,157.73","₹256,492",Credit
01/02/2023,C011,noc,R5994,46.8,57.7,28.00,"£1,309.72","49,270",Billed
"Nov 10, 2023",C008,aut,R4614,32.3,41.8,£52.00,"GBP 1,680.54","INR 61,547",Credit
2023-02-28,C003,ofp ,R2045,167.7,195.1,GBP 16.00,"£2,683.54","INR 110,897",draft
11/12/2023,C005,ofp ,R3190,425.0,511.1,£16.00,"6,799.25","₹279,258",billed
02/02/2023,C004,Noc ,R2527,255.7,298.8,GBP 28.00,"£7,159.27","₹274,291",draft
05/02/2023,C012,Ofp,R6483,222.2,265.7,16.00,"£3,555.20","₹145,048",credit
2023-05-24,C004, HD,R2565,386.6,460.0,£22.00,"8,505.69","₹314,598",credit
03/04/2023,C006,HD,R3575,699.7,825.6,£22.00,"£15,394.34","₹562,901",Credit
"Dec 21, 2023",C009,NOC,R5141,105.5,130.6,£28.00,"2,953.50","110,845",Billed
2023-11-19,C005,Aut ,R3178,54.6,67.5,£52.00,"£2,841.26","₹104,286",credit
2023-06-10,C012,CLD,R6520,15.6,19.4,£48.00,746.58,"₹30,151",billed
2023-05-07,C006,CLD,R3598,101.7,130.0,£48.00,"4,880.28","₹192,212",Draft
"Jul 6, 2023",C009,aut,R5077,26.7,34.2,£52.00,"£1,389.59","49,515",draft
2023-01-15,C011,Cld ,R5983,14.3,18.1,48.00,£685.09,"INR 27,565",credit
24/04/2023,C010,aut,R5545,10.0,12.7,£52.00,£521.10,"INR 19,640",credit
2023-08-26,C012,Hd,R6539,154.1,172.9,22.00,"£3,389.59","₹127,855",draft
2023-03-10,C011,soc ,R6011,14.7,17.7,42.00,618.15,"₹21,461",Billed
2023.05.01,C006,noc,R3593,208.4,245.5,£28.00,"5,836.45","₹224,940",billed
2023-06-16,C003,Dev,R2106,127.6,164.4,£45.00,"GBP 5,740.28","260,902",BILLED
19/12/2023,C003,hd ,R2179,1253.9,1467.3,£22.00,"£27,584.90","1,021,191",billed
2023-11-01,C003,AUT,R2176,147.2,189.6,52.00,error,"279,768",billed
2023-05-22,C012,soc ,R6508,11.1,13.9,£42.00,£467.23,"₹16,285",draft
19/04/2023,C004,NOC,R2555,425.2,487.1,28.00,"£11,906.03","452,148",billed
2023-01-12,C006,noc,R3537,201.6,247.2,28.00,"5,643.85","₹213,987",Billed
2023-03-20,C008,CLD,R4501,171.2,216.8,£48.00,"£8,217.63","₹333,016",Credit
2023-02-12,C010,OFP,R5523,132.2,161.4,£16.00,"£2,114.54","85,719",Billed
02/01/2023,C007,CLD,R4049,71.0,91.3,£48.00,"3,406.80","135,786",billed
2023-01-08,C005,CLD,R3033,98.6,123.4,48.00,"£4,731.37","188,239",BILLED
2023-07-21,C008,Cld ,R4558,61.7,80.3,48.00,"2,959.34","120,239",Draft
19/01/2023,C012,Cld ,R6468,16.3,20.3,GBP 48.00,GBP 782.15,"31,257",billed
04/02/2023,C010,Cld ,R5515,25.0,32.7,48.00,"1,197.71","₹48,497",credit
2023-11-21,C005,SOC,R3172,189.4,239.1,£42.00,"7,955.00","₹276,881",credit
06/05/2023,C004,noc,R2569,288.8,338.9,£28.00,"GBP 8,085.10","₹309,668",BILLED
2023.10.20,C008,dev ,R4600,235.0,299.7,45.00,"GBP 10,573.30","₹495,325",Draft
16/08/2023,C008,Dev,R4572,121.7,155.2,£45.00,"5,476.46","256,374",Draft
25/09/2023,C004,Aut ,R2639,112.5,139.2,£52.00,"5,850.83","₹218,225",Billed
2023-07-08,C010,NOC,R5580,73.3,88.9,28.00,"£2,052.34","78,439",BILLED
12/12/2023,C011,aut,R6127,5.8,7.4,£52.00,£301.33,"₹11,648",draft
08/03/2023,C002,Dev,R1553,134.1,168.3,£45.00,"£6,033.10","270,168",Credit
2023.02.08,C012,soc ,R6476,13.4,17.0,£42.00,560.91,"₹19,652",Draft
2023-08-07,C010,Aut ,R5600,9.0,11.2,£52.00,GBP 467.54,"17,150",Billed
"Dec 28, 2023",C006, HD,R3688,733.0,862.6,£22.00,"£16,126.41","INR 590,628",draft
"Jul 5, 2023",C009,dev ,R5076,92.8,118.5,45.00,"£4,176.62","191,769",Draft
2023-02-07,C004,Noc ,R2526,296.7,346.7,£28.00,"£8,308.93","₹305,795",BILLED
"Apr 7, 2023",C009,noc,R5026,160.0,187.3,28.00,#REF!,"172,522",draft
2023-05-25,C006,AUT,R3603,27.0,34.1,£52.00,"£1,405.27","₹50,965",Billed
"Feb 12, 2023",C007,noc,R4059,120.4,140.9,£28.00,"(1,011.45)","₹125,969",credit
25/09/2023,C999,Soc,R3654,100.8,123.1,£42.00,"£4,233.04","₹144,228",draft
2023-08-04,C999,cld,R2620,458.1,574.2,48.00,"21,987.36","₹877,771",BILLED
14/02/2023,C009,Cld ,R5001,44.9,56.1,48.00,"£2,155.35","₹88,920",Credit
2023-02-28,C011,dev ,R6002,19.5,24.5,45.00,£877.66,"41,047",Draft
2023-08-10,C007, HD,R4144,364.9,433.4,22.00,"8,028.65","₹288,944",BILLED
2023-10-11,C001,Ofp,R1136,202.3,237.8,£16.00,"GBP 3,237.28",null,draft
10/08/2023,C009,Aut ,R5093,16.8,20.6,GBP 52.00,GBP 873.85,"INR 32,596",draft
27/06/2023,C001,dev ,R1075,166.6,208.8,£45.00,"7,498.51","₹337,141",Billed
"Oct 28, 2023",C003,hd ,R2152,603.3,710.7,£22.00,"£13,272.67","₹490,782",draft
2023-08-04,C004,Noc ,R2618,416.2,498.1,n/a,"£11,654.83","432,729",Credit
2023.02.22,C003,Aut ,R2043,122.6,149.0,£52.00,"6,377.12","₹237,031",Billed
2023-04-08,C004,Soc,R2557,229.8,291.2,£42.00,"£9,652.12","₹326,029",BILLED
"Feb 11, 2023",C009,aut,R5008,27.7,35.8,£52.00,"£1,442.75","55,271",BILLED
2023-12-26,C001,Aut ,R1167,155.8,189.1,£52.00,"8,102.87","₹292,795",BILLED
2023-12-09,C002,AUT,R1674,106.0,134.0,£52.00,"5,512.79","₹202,417",credit
2023-11-03,C011,CLD,R6111,19.3,24.6,£48.00,£924.60,"₹37,174",billed
08/07/2023,C011,NOC,R6060,95.2,117.7,28.00,"2,666.74","₹102,641",Draft
"Jul 13, 2023",C001,Noc ,R1080,692.4,790.1,28.00,"GBP 19,386.37","701,485",Draft
2023-03-08,C007,soc ,R4076,170.7,211.3,£42.00,"£7,168.48","₹244,433",billed
2023.12.12,C001,Hd,R1156,528.6,622.1,22.00,"£11,629.13","₹428,847",BILLED
2023-04-05,C002,OFP,R1571,234.3,269.6,16.00,,"₹157,663",Draft
2023.09.20,C004,ofp ,R2642,300.7,353.3,£16.00,"£4,811.79","₹194,315",Draft
13/07/2023,C005,Ofp,R3132,223.3,254.0,£16.00,"£3,573.21","₹146,639",Draft
2023-08-09,C010,OFP,R5602,105.9,120.6,null,"£1,693.81","₹69,812",billed
18/04/2023,C008,HD,R4506,284.4,336.5,£22.00,"£6,256.15",,Draft
27/11/2023,C004,soc ,R2660,723.3,940.4,£42.00,"30,379.27","INR 1,053,240",BILLED
13/04/2023,C008,noc,R4511,140.9,167.2,£28.00,"£3,945.58","₹153,816",BILLED
2023.12.13,C003,Cld ,R2185,230.3,295.7,£48.00,"11,056.56","INR 437,681",draft
28/07/2023,C012,CLD,R6531,22.8,29.2,£48.00,"£1,094.52","44,360",credit
2023-06-10,C006,Dev,R3613,71.6,96.8,£45.00,"£3,221.52","153,701",Credit
"Jun 11, 2023",C010,OFP,R5577,171.5,196.2,£16.00,"£2,743.91","₹110,362",BILLED
26/01/2023,C003,Aut ,R2029,79.4,102.1,£52.00,"(£1,238.04)","₹148,441",billed
2023-08-10,C012,noc,R6540,118.3,152.3,28.00,"3,312.50","127,730",Draft
27/10/2023,C010,soc ,R5616,13.9,17.0,42.00,£585.41,"19,826",BILLED
28/10/2023,C005,OFP,R3169,195.7,222.6,16.00,"GBP 3,130.80","130,673",Credit
2023-02-17,C004,OFP,R2540,620.0,690.1,£16.00,"9,920.56","405,412",Credit
2023.02.08,C011,CLD,R5999,43.9,54.4,£48.00,(632.82),"₹84,248",Draft
"Jun 1, 2023",C005,Hd,R3100,400.5,464.3,£22.00,"£8,810.06","₹329,062",Draft
2023-08-08,C010,noc,R5593,57.8,67.2,28.00,"£1,619.48","63,249",billed
24/05/2023,C001,SOC,R1057,343.2,428.7,£42.00,"£14,414.45","500,337",Credit
2023-06-13,C003,Soc,R2098,156.8,194.1,£42.00,"£6,586.01","₹228,116",draft
2023-10-24,C010,AUT,R5620,10.0,12.0,52.00,£522.30,"19,249",BILLED
07/06/2023,C007,Dev,R4126,133.9,166.4,GBP 45.00,"£6,025.26","272,794",BILLED
2023-10-02,C006,noc,R3663,238.4,290.7,£28.00,"£6,675.85","257,897",credit
08/01/2023,C009,NOC,R4987,335.2,409.9,£28.00,"9,386.56","354,157",Draft
2023-04-13,C003,OFP,R2077,181.6,203.2,£16.00,"£2,905.47","120,842",Credit
"Dec 2, 2023",C010,Noc ,R5643,87.2,104.1,£28.00,"£2,441.45","₹90,203",billed
18/04/2023,C006,dev ,R3585,67.5,84.1,£45.00,"3,036.67","₹135,497",draft
"Mar 16, 2023",C001,Soc,R1033,203.4,254.3,£42.00,"£8,543.22","₹295,824",Credit
20/02/2023,C010, HD,R5508,193.1,223.7,22.00,"4,248.69","INR 152,807",BILLED
2023-03-16,C005,SOC,R3058,54.5,70.6,GBP 42.00,"£2,289.90","₹80,641",credit
2023-12-25,C008,noc,R4621,148.3,176.5,28.00,"£4,152.61","155,672",Credit
27/03/2023,C004,Aut ,R2549,79.2,99.9,£52.00,"4,118.25","₹147,503",Credit
"Jun 15, 2023",C010,AUT,R5574,9.2,11.8,52.00,GBP 475.86,"₹17,797",BILLED
11/02/2023,C009,Dev,R5004,44.0,,GBP 45.00,"1,980.68","₹90,377",Billed
2023-05-28,C010,cld,R5556,29.0,35.8,£48.00,"GBP 1,391.24","INR 56,596",draft
"Oct 13, 2023",C012,ofp ,R6574,129.6,149.5,£16.00,"2,072.94","INR 82,780",billed
2023-03-23,C010,Noc ,R5525,156.6,n/a,£28.00,"£4,383.76","₹161,398",credit
2023-07-22,C012,DEV,R6535,14.4,17.7,£45.00,(£194.08),"29,653",draft
2023-09-23,C009,hd ,R5097,256.5,295.3,£22.00,"£5,643.58","205,443",Billed
21/04/2023,C008, HD,R4507,330.1,390.5,£22.00,"£7,261.34","INR 273,749",Billed
2023-08-10,C001,hd ,R1094,452.6,513.5,£22.00,"£9,957.43","₹362,276",credit
2023-04-10,C001,Noc ,R1045,883.2,1054.3,£28.00,"£24,729.00","₹956,078",billed
13/07/2023,C001,ofp ,R1091,685.9,792.0,16.00,"£10,974.30","₹451,360",billed
2023-01-04,C011,hd ,R5976,144.1,170.7,22.00,"3,169.57","114,471",billed
2023.10.24,C006,CLD,R3668,83.3,103.8,£48.00,"£3,997.15","160,975",Draft
15/05/2023,C008,Aut ,R4532,59.3,73.8,£52.00,"3,084.01","117,127",billed
27/06/2023,C999,cld,R2102,139.2,182.8,£48.00,"£6,680.16","₹261,637",billed
10/11/2023,C011,NOC,R6107,208.8,263.5,28.00,"5,846.99","223,819",billed
11/03/2023,C002, HD,R1547,627.3,749.8,22.00,"13,800.56","₹517,389",Draft
2023-09-20,C009,aut,R5108,29.3,36.8,52.00,"1,524.66","INR 54,410",credit
2023-04-28,C012,NOC,R6495,157.3,-,GBP 28.00,"£4,403.23","₹174,661",billed
"Apr 1, 2023",C005,Soc,R3073,48.8,62.1,GBP 42.00,"2,051.38","₹71,352",draft
"Feb 23, 2023",C011,DEV,R6000,18.4,23.1,£45.00,827.12,"38,507",Billed
05/10/2023,C007,Dev,R4180,133.6,173.1,£45.00,"GBP 6,011.10","₹281,372",draft
2023-02-24,C009,DEV,R5006,57.6,75.1,45.00,(777.62),"120,336",Draft
"Aug 9, 2023",C012, HD,R6538,163.1,183.0,22.00,"3,587.50","133,910",draft
23/08/2023,C008,SOC,R4569,48.4,61.4,42.00,"£2,033.40","₹70,344",billed
27/03/2023,C005,cld,R3060,117.2,145.9,48.00,"£5,625.10","231,453",billed
2023-11-05,C003,Ofp,R2178,193.9,222.1,£16.00,"3,101.88","₹124,822",BILLED
2023-05-01,C010,Soc,R5554,13.0,15.4,£42.00,546.97,"₹19,052",Credit
14/11/2023,C004,AUT,R2665,272.2,329.9,GBP 52.00,"14,154.78",n/a,BILLED
2023.06.21,C008,OFP,R4547,121.9,146.8,£16.00,"1,950.11","79,829",Billed
2023.08.11,C001,dev ,R1104,229.8,299.2,45.00,"10,342.47","₹464,174",billed
"Sep 11, 2023",C002,soc ,R1629,342.8,427.8,42.00,"14,396.56","₹503,547",Draft
"Nov 9, 2023",C002,Dev,R1661,116.1,149.6,£45.00,"£5,222.28","₹240,630",credit
"Apr 9, 2023",C008,DEV,R4517,80.0,103.9,£45.00,"(1,079.56)","₹166,897",draft
2023-10-09,C004,HD,R2643,624.9,736.2,£22.00,"£13,747.47","INR 500,477",billed
"Nov 3, 2023",C002,noc,R1654,1071.8,1338.6,£28.00,"£30,009.36","INR 1,139,959",BILLED
2023.05.28,C008,SOC,R4526,40.7,49.0,42.00,"£1,710.09","₹57,837",Draft
2023.07.09,C010, HD,R5578,587.2,689.1,n/a,"£12,917.58","₹469,268",BILLED
2023.07.06,C004,DEV,R2609,234.8,294.6,45.00,"£10,568.25","₹493,207",Draft
"Aug 27, 2023",C010,Dev,R5599,14.2,18.1,£45.00,£636.96,"₹29,027",Draft
2023-09-24,C007,Ofp,R4170,,240.4,£16.00,"£3,345.14","133,442",Billed
"Nov 10, 2023",C006,dev ,R3682,90.2,118.4,45.00,NA,"INR 191,816",credit
2023.01.23,C010,Soc,R5499,21.8,26.5,£42.00,GBP 915.39,"₹33,020",Credit
2023-11-17,C010,DEV,R5634,NA,31.4,£45.00,#N/A,"₹48,144",credit
2023-09-15,C002,NOC,R1628,450.4,554.1,£28.00,"£12,610.12",null,BILLED
2023-12-08,C012,Cld ,R6595,48.9,61.7,£48.00,"2,349.31","92,633",Draft
2023.12.24,C002,hd ,R1664,1283.7,1559.5,22.00,"£28,240.63","₹1,042,233",draft
2023-08-16,C005,OFP,R3142,208.8,245.0,16.00,"£3,340.77","140,493",Draft
2023-09-12,C001,aut,R1123,120.0,-,52.00,"£6,238.64","₹232,493",draft
"Sep 22, 2023",C009,Soc,R5102,42.8,54.4,£42.00,"1,796.49","62,970",draft
"May 20, 2023",C006,DEV,R3599,67.5,86.1,45.00,"£3,037.16","143,300",credit
04/07/2023,C003,Ofp,R2126,176.9,199.3,GBP 16.00,"2,829.70","118,488",Draft
16/06/2023,C001,SOC,R1070,209.8,255.3,42.00,#REF!,"307,623",BILLED
2023-06-18,C006,Soc,R3609,195.7,244.0,£42.00,"£8,218.97","INR 281,784",credit
2023-09-24,C001,Hd,R1112,622.6,729.1,22.00,"GBP 13,697.74","₹495,852",Draft
2023-03-06,C003,HD,R2047,574.2,683.1,22.00,"(£3,789.67)","₹464,743",Billed
2023.05.03,C010,NOC,R5549,49.4,59.5,£28.00,"£1,383.02","53,259",Draft
23/06/2023,C012,DEV,R6521,46.9,60.0,45.00,"2,112.53","97,884",BILLED
2023.10.20,C006,OFP,R3673,142.1,161.4,£16.00,"£2,273.89","₹95,100",credit
05/12/2023,C008,cld,R4626,75.6,95.7,£48.00,"GBP 3,628.29","151,400",draft
18/05/2023,C005,OFP,R3097,147.1,177.4,£16.00,"2,353.21","₹96,212",Draft
2023.06.20,C005,HD,R3099,402.6,466.8,22.00,"8,857.11","317,414",billed
"Feb 19, 2023",C011,SOC,R5996,11.2,13.2,£42.00,£471.44,"₹16,360",credit
2023-02-06,C003,aut,R2044,122.4,148.7,£52.00,"£6,362.89","233,043",billed
2023-10-06,C009,dev ,R5119,n/a,120.1,£45.00,"£4,139.01","192,035",credit
24/05/2023,C001,SOC,R1057,343.2,428.7,£42.00,"£14,414.45","500,337",Credit
2023-11-21,C005,DEV,R3175,110.9,135.4,45.00,"4,991.52","INR 234,777",credit
22/11/2023,C009,cld,R5131,48.5,60.7,48.00,"£2,328.78",,billed
"Jan 26, 2023",C007,ofp ,R4056,467.8,542.6,16.00,"(2,245.53)","₹310,065",BILLED
2023-12-18,C002,cld,R1670,164.3,195.2,48.00,"£7,887.84","₹316,947",credit
2023-05-07,C002,NOC,R1575,326.0,410.2,28.00,"£9,129.33","348,658",Credit
2023-02-11,C008,hd ,R4480,299.5,null,£22.00,"£6,588.91","235,339",BILLED
2023.02.24,C012,soc ,R6477,12.3,15.7,42.00,517.75,"18,268",credit
2023-09-09,C003,Cld ,R2144,130.4,165.2,GBP 48.00,"£6,258.20","₹250,006",credit
"Oct 4, 2023",C009,Cld ,R5116,47.7,59.8,48.00,"£2,291.10","91,825",Draft
"May 6, 2023",C001,dev ,R1064,161.1,206.3,£45.00,"(£2,174.42)","₹337,703",billed
2023.10.20,C001,Cld ,R1132,420.6,546.3,£48.00,"£20,190.11","809,190",BILLED
19/08/2023,C007,cld,R4152,63.4,80.0,48.00,"3,041.11","₹128,053",draft
19/02/2023,C999,hd ,R3551,318.7,388.9,£22.00,"£7,012.16","272,298",Draft
02/01/2023,C002,Dev,R1527,196.5,253.1,£45.00,"8,840.94","420,886",draft
2023-07-02,C003,Aut ,R2123,129.5,160.6,52.00,"£6,731.66","252,765",Credit
19/11/2023,C008,Aut ,R4615,38.1,49.2,£52.00,"£1,980.49","₹74,373",Billed
09/03/2023,C001,OFP,R1041,230.3,264.2,16.00,"£3,684.40","155,727",Billed
2023.04.17,C005,Soc,R3074,52.1,66.3,£42.00,"2,189.81","INR 75,668",Credit
2023-08-24,C001,cld,R1100,145.2,180.9,£48.00,-,"277,663",Credit
2023.12.23,C004,DEV,R2676,490.8,611.6,45.00,"22,087.85","₹998,295",Draft
2023.08.11,C011,NOC,R6071,163.3,195.3,£28.00,"£4,571.77","₹172,147",Credit
2023-05-22,C009,cld,R5047,41.9,53.4,48.00,"2,011.23","81,845",billed
2023.08.23,C004,Aut ,R2623,233.4,298.2,£52.00,"£12,135.16","₹457,571",Credit
24/04/2023,C012,hd ,R6494,479.6,554.6,£22.00,"10,550.62","₹395,517",Draft
"Dec 5, 2023",C004,Soc,R2673,288.9,354.2,£42.00,"£12,131.85","435,187",Billed
2023-02-13,C012,Dev,R6481,26.1,33.4,45.00,"1,173.07","₹54,184",credit
2023-04-22,C002,NOC,R1561,384.8,445.5,£28.00,"10,773.46","₹406,492",Credit
2023.07.22,C003,hd ,R2114,586.1,668.0,£22.00,"£12,894.69","INR 476,748",draft
2023-09-11,C009,Dev,R5106,177.1,226.2,£45.00,"£7,970.15","382,442",draft
19/11/2023,C007,AUT,R4194,30.5,38.9,£52.00,"£1,586.98","₹57,852",Credit
10/11/2023,C001,cld,R1145,241.0,311.9,null,"GBP 11,569.53","457,196",credit
2023-12-16,C002,Aut ,R1673,107.0,135.2,£52.00,"£5,563.61","₹206,244",Billed
21/08/2023,C007,ofp ,R4157,411.8,463.7,£16.00,"£6,589.48","₹278,376",Billed
2023-09-20,C008,Soc,R4582,57.2,71.3,£42.00,"2,400.59","84,919",credit
"Dec 19, 2023",C010,HD,R5640,n/a,263.9,22.00,"£4,948.17","INR 185,298",draft
08/08/2023,C012,dev ,R6545,25.4,33.1,45.00,"£1,143.67","₹52,588",Billed
26/12/2023,C012, HD,R6589,173.6,205.9,22.00,"3,820.27","₹143,633",draft
"Jun 27, 2023",C001,Hd,R1067,1811.4,2177.6,£22.00,"£39,850.72","1,481,545",billed
2023-11-27,C008,Noc ,R4605,215.6,256.0,£28.00,"£6,036.18","235,058",Billed
2023-01-01,C012,Cld ,R6466,15.7,19.5,£48.00,GBP 752.66,"30,083",billed
25/10/2023,C008,CLD,R4598,61.7,81.4,£48.00,"£2,959.40","₹119,951",Credit
2023-04-28,C007,Aut ,R4098,47.0,58.9,£52.00,"2,442.30","₹89,061",credit
2023-06-27,C009,dev ,R5062,50.5,64.1,45.00,"2,270.29","₹104,489",draft
2023-04-03,C003,NOC,R2065,387.3,459.9,£28.00,"£10,843.45","₹416,193",Billed
2023-04-13,C003,Cld ,R2071,119.6,148.6,48.00,"5,742.47","231,234",Credit
14/03/2023,C008,Aut ,R4504,54.0,67.5,£52.00,"2,806.08","102,256",Credit
"Mar 14, 2023",C008,hd ,R4495,339.0,390.7,£22.00,"£7,456.94","₹284,749",BILLED
2023-01-14,C011,noc,R5980,60.1,73.8,£28.00,"£1,681.86","64,926",credit
2023-08-09,C008,AUT,R4574,17.6,22.5,GBP 52.00,917.75,"₹34,311",BILLED
2023-04-13,C003,hd ,R2064,523.2,615.3,£22.00,"11,509.44","₹444,601",Credit
2023-04-25,C010,Noc ,R5537,149.6,184.9,£28.00,"£4,188.75","₹161,540",draft
"Apr 21, 2023",C003,DEV,R2073,216.9,289.3,45.00,"£9,759.12","₹458,894",BILLED
"Aug 13, 2023",C999, HD,R3134,548.1,632.8,22.00,"£12,058.33","INR 449,006",billed
2023.12.22,C010, HD,R5642,180.6,211.8,£22.00,"£3,972.15","145,951",Billed
2023.02.13,C007,soc ,R4061,49.9,65.4,£42.00,"2,093.96","75,275",Billed
2023-12-17,C001,aut,R1166,171.0,207.4,£52.00,"8,890.43","328,611",Credit
2023-12-22,C008,aut,R4630,71.1,87.3,GBP 52.00,"£3,696.53","134,309",Credit
2023-11-18,C010,aut,R5637,10.7,13.3,£52.00,£558.72,"₹21,073",credit
2023-10-03,C002,soc ,R1646,340.9,453.4,GBP 42.00,"£14,317.35","527,685",billed
"Sep 4, 2023",C012,cld,R6554,14.0,17.5,£48.00,£671.48,"26,606",credit
"Jul 19, 2023",C011,soc ,R6061,16.2,20.0,£42.00,null,"₹23,813",Billed
2023-11-18,C009,hd ,R5124,221.3,258.0,£22.00,"4,867.91","₹182,807",BILLED
13/04/2023,C008,HD,R4508,290.6,343.9,£22.00,"£6,394.05","₹240,102",draft
13/06/2023,C008,aut,R4546,18.7,23.9,52.00,£972.03,"36,529",Credit
24/05/2023,C005,Dev,R3092,119.8,148.1,£45.00,"£5,391.01","₹247,635",Credit
2023-02-08,C005,aut,R3050,44.3,54.7,GBP 52.00,"GBP 2,303.83","86,958",draft
2023-08-21,C008,cld,R4571,156.0,204.2,£48.00,"£7,487.16","INR 305,715",draft
"Dec 13, 2023",C009,noc,R5142,126.6,156.8,28.00,"£3,545.90","137,700",Billed
2023.10.23,C001, HD,R1128,913.5,1023.7,£22.00,"20,097.04","760,728",credit
2023-08-17,C003,Noc ,R2129,411.0,480.9,n/a,"£11,506.67","₹442,908",credit
"Feb 5, 2023",C007,SOC,R4063,62.1,81.4,£42.00,"GBP 2,607.74","₹88,510",BILLED
27/03/2023,C003,soc ,R2054,198.3,240.2,GBP 42.00,"8,329.78","₹286,016",draft
04/11/2023,C004,DEV,R2664,143.3,178.7,£45.00,"6,449.22","₹296,725",Billed
2023.10.05,C009, HD,R5111,799.2,917.4,£22.00,#N/A,"667,251",draft
"Sep 11, 2023",C011,hd ,R6082,136.0,163.2,£22.00,(£897.35),"110,593",BILLED
2023-02-26,C999,Ofp,R6005,127.1,148.6,£16.00,"2,034.24","84,930",Draft
2023-09-12,C001,SOC,R1117,381.2,NA,£42.00,"16,010.91","₹565,118",Billed
04/03/2023,C009,hd ,R5011,251.7,295.4,£22.00,"5,538.36","₹204,389",Draft
2023-02-19,C003,Cld ,R2041,128.3,168.3,£48.00,"£6,158.65","₹245,245",BILLED
2023-11-19,C006,aut,R3684,24.8,31.1,£52.00,"1,289.15","48,038",Draft
15/10/2023,C009,DEV,R5118,96.8,126.4,£45.00,"£4,354.44","₹196,127",Credit
"Jul 11, 2023",C012,Soc,R6528,10.8,13.8,£42.00,£453.25,"₹15,583",Credit
2023-07-03,C004,ofp ,R2614,197.7,232.6,16.00,"£3,162.85","₹129,792",Billed
2023-02-07,C002,Soc,R1539,346.8,437.9,£42.00,"14,564.31","507,185",credit
"Jun 25, 2023",C005,Dev,R3112,74.8,98.3,GBP 45.00,"£3,367.49","₹154,407",credit
12/06/2023,C001,SOC,R1072,199.0,242.1,42.00,"GBP 8,356.08","₹301,466",Billed
2023-03-09,C005,AUT,R3063,30.5,37.5,52.00,"£1,585.01","57,761",Credit
"Jan 5, 2023",C012,soc ,R6465,34.3,43.8,42.00,"1,442.10","₹49,981",Billed
2023-07-25,C009,hd ,R5068,211.2,255.7,£22.00,"4,646.49","170,579",BILLED
2023-05-22,C009,Cld ,R5049,50.9,64.9,48.00,"2,444.59","₹99,016",credit
2023-01-18,C010,AUT,R5504,5.9,7.5,52.00,£306.09,"₹11,249",Billed
2023.01.04,C004,HD,R2512,643.4,753.5,£22.00,n/a,"534,412",draft
2023-03-14,C004,ofp ,R2552,295.5,349.4,16.00,"4,728.03","₹199,736",draft
25/12/2023,C005,DEV,R3187,119.4,151.7,45.00,"5,371.06","₹255,307",credit
2023-08-07,C007,dev ,R4153,85.4,108.3,£45.00,"£3,841.98","178,671",Billed
2023-04-09,C012,Dev,R6500,23.9,31.3,45.00,"£1,073.86","₹50,203",Billed
23/07/2023,C007,HD,R4133,241.2,286.7,22.00,"5,306.06","₹200,418",Draft
2023-09-27,C006,dev ,R3658,123.1,154.0,45.00,"£5,538.84","₹242,037",credit
"Apr 1, 2023",C006,SOC,R3581,48.6,60.2,£42.00,"2,041.60","₹72,224",draft
2023.05.27,C001,cld,R1060,174.8,218.1,£48.00,"8,392.69","341,150",billed
2023-05-05,C003,Aut ,R2090,136.8,177.3,£52.00,"£7,114.35","261,519",credit
06/09/2023,C002,Aut ,R1637,99.9,121.8,52.00,"£5,197.18","193,559",credit
25/11/2023,C005,Aut ,R3177,47.6,58.7,£52.00,"2,472.68","88,433",Credit
"Apr 16, 2023",C005,Soc,R3075,59.5,75.6,42.00,"2,497.02","₹85,724",draft
25/02/2023,C007,dev ,R4065,109.5,148.2,45.00,"(GBP 1,478.52)","₹221,952",Billed
"Jul 17, 2023",C999,Aut ,R3630,21.0,26.2,52.00,"1,089.52","40,860",Billed
2023-03-23,C009,Dev,R5017,59.0,76.0,45.00,"2,654.12","₹121,422",draft
2023-06-11,C003,ofp ,R2111,107.2,126.0,£16.00,"£1,715.74","69,059",credit
2023-04-26,C003,SOC,R2069,175.4,213.7,£42.00,"£7,367.08","₹255,670",Billed
"Mar 15, 2023",C011,NOC,R6009,89.7,108.3,£28.00,"2,512.81","INR 95,174",draft
19/06/2023,C008,aut,R4544,18.0,23.0,52.00,£937.16,"₹34,270",credit
01/07/2023,C999,SOC,R3625,59.7,76.0,£42.00,"£2,505.59","88,162",Billed
2023-02-07,C008,dev ,R4488,73.9,92.5,£45.00,"3,324.63","154,813",Billed
2023-05-03,C012,Soc,R6506,10.0,12.5,£42.00,£420.52,"14,304",Draft
"Oct 23, 2023",C008, HD,R4594,336.5,393.6,£22.00,"£7,403.83","₹274,074",Billed
2023-12-05,C005,aut,R3188,50.9,61.2,£52.00,"£2,646.03","100,580",Draft
"Sep 27, 2023",C001,NOC,R1113,null,406.4,28.00,"9,229.43","358,965",Billed
"Jun 16, 2023",C008,NOC,R4537,422.8,502.3,£28.00,"11,839.40","₹447,217",Credit
06/11/2023,C999,Dev,R1149,141.8,187.9,£45.00,"£6,380.42","301,044",Draft
28/07/2023,C006,cld,R3628,260.4,342.7,£48.00,"GBP 12,500.33","₹506,490",billed
2023-06-22,C002,Cld ,R1591,220.5,263.7,£48.00,"£10,581.77","₹422,268",draft
"Dec 23, 2023",C002,aut,R1675,111.9,141.4,£52.00,"5,817.55","221,256",Draft
2023.03.04,C012,Noc ,R6485,132.4,159.7,£28.00,"3,706.21","₹136,031",draft
"Feb 14, 2023",C005,Hd,R3040,499.7,579.1,£22.00,"10,992.42","409,696",BILLED
"Jul 8, 2023",C005,OFP,R3131,207.3,235.8,£16.00,"£3,316.35","₹136,821",Credit
22/01/2023,C010,noc,R5497,59.1,75.8,28.00,"£1,653.87","INR 61,629",Draft
2023-01-27,C002,CLD,R1524,216.7,267.7,£48.00,"10,401.56","₹427,569",draft
09/07/2023,C011,CLD,R6065,17.5,22.8,48.00,£842.19,"33,495",BILLED
"Jun 22, 2023",C002,Ofp,R1598,159.8,186.9,£16.00,"2,556.39","103,414",Draft
2023.06.21,C007,hd ,R4119,919.0,1111.4,GBP 22.00,"£20,218.46","728,646",billed
"Oct 25, 2023",C001,AUT,R1135,346.9,429.3,£52.00,#REF!,"₹672,276",billed
19/05/2023,C004,Hd,R2567,474.3,564.3,£22.00,"£10,434.43","₹387,742",credit
2023.09.24,C006,soc ,R3655,101.3,123.8,42.00,"£4,255.40","₹147,401",Credit
25/11/2023,C003,SOC,R2171,230.6,295.2,42.00,"9,686.27","₹333,473",credit
2023.01.13,C008,Aut ,R4474,18.0,22.7,£52.00,£938.12,"INR 34,120",Billed
2023-07-12,C012,Noc ,R6527,41.1,48.8,£28.00,"£1,150.18","44,024",billed
2023-02-08,C006,Aut ,R3559,56.3,72.1,£52.00,"£2,927.83","₹109,578",Credit
2023.08.16,C011,Soc,R6072,16.6,20.9,42.00,696.98,"24,711",credit
20/06/2023,C012,noc,R6515,157.1,192.9,£28.00,"£4,398.28","₹168,235",Credit
2023.09.01,C010,Cld ,R5609,49.6,61.2,£48.00,"2,379.30","₹93,838",credit
2023.06.07,C002,AUT,R1595,89.3,115.3,52.00,"4,645.11","INR 174,429",Billed
2023-05-25,C007,Aut ,R4116,29.1,37.3,52.00,"1,512.97","₹58,511",Billed
2023-09-26,C010,Aut ,R5611,17.8,22.8,52.00,£924.27,"34,944",Draft
"Jun 28, 2023",C009,NOC,R5057,121.3,143.6,£28.00,"£3,395.45","129,991",draft
2023.05.04,C008,hd ,R4521,489.8,561.2,£22.00,"£10,774.59","₹400,441",BILLED
"Nov 18, 2023",C002,hd ,R1653,1346.7,1553.4,£22.00,"£29,627.89","₹1,083,799",billed
01/04/2023,C001,CLD,R1047,200.9,270.0,£48.00,"9,643.95","₹376,996",credit
19/02/2023,C002,soc ,R1538,306.8,387.4,42.00,"12,885.80","458,086",credit
11/06/2023,C005,Dev,R3111,72.5,95.3,45.00,"3,262.94","150,850",BILLED
2023.05.26,C005,Cld ,R3090,121.8,146.8,£48.00,"5,844.08","₹230,195",Draft
2023-09-01,C002,Cld ,R1633,141.8,170.4,£48.00,"6,804.34","₹263,916",Credit
2023.02.14,C006,soc ,R3554,174.7,216.3,£42.00,"£7,337.42","256,258",Billed
2023-12-10,C010,cld,R5649,16.0,20.8,48.00,767.26,"₹30,864",credit
"Dec 26, 2023",C007,AUT,R4203,40.4,49.0,52.00,(GBP 630.91),"₹78,132",credit
2023.05.06,C002,HD,R1572,1303.3,1482.0,£22.00,"28,673.55","INR 1,086,234",BILLED
2023-06-07,C010,Dev,R5573,19.5,24.9,45.00,(£263.83),"₹40,042",Draft
2023.02.06,C004,noc,R2528,243.9,285.0,28.00,"£6,829.92",-,credit
"Jan 24, 2023",C008,HD,R4463,415.0,480.4,£22.00,"£9,130.72","₹329,305",draft
2023-11-11,C007,aut,R4196,29.9,38.1,52.00,"1,555.77","₹59,121",credit
2023-05-24,C007,NOC,R4106,320.2,388.4,£28.00,"£8,966.97","₹344,147",Draft
24/07/2023,C009,hd ,R5070,259.9,314.6,£22.00,"5,717.86","₹214,424",Billed
2023.09.24,C006,AUT,R3660,77.3,96.3,£52.00,"4,019.34","148,078",draft
2023.01.23,C007,Aut ,R4054,29.1,35.9,£52.00,"£1,514.66","56,239",Billed
13/01/2023,C003,soc ,R2022,166.0,206.3,£42.00,"£6,973.55","248,481",credit
2023-02-05,C007,OFP,R4069,135.3,160.4,16.00,"£2,164.64",-,Credit
"Mar 16, 2023",C003,AUT,R2059,69.7,86.9,£52.00,"£3,621.97","135,733",Draft
2023-01-04,C012,CLD,R6467,14.7,18.3,48.00,704.21,"₹28,065",Credit
2023-01-17,C005,ofp ,R3038,188.2,212.3,£16.00,"£3,011.41","₹122,782",Draft
2023-04-18,C002,hd ,R1558,506.6,615.6,£22.00,"£11,144.19","414,381",draft
2023-11-04,C011,Cld ,R6112,16.4,21.0,£48.00,£787.22,"₹32,232",Draft
2023.06.21,C011,cld,R6050,25.0,30.9,£48.00,"£1,199.55","48,158",draft
21/06/2023,C006,ofp ,R3618,178.9,204.7,£16.00,(£858.75),"118,794",credit
2023-07-18,C001,CLD,R1084,210.1,259.3,£48.00,"£10,084.18","₹412,119",Billed
2023-11-20,C007,noc,R4186,207.0,249.2,28.00,"£5,794.93","₹215,426",draft
"Feb 27, 2023",C005,soc ,R3047,53.0,64.7,42.00,"£2,225.43","INR 80,527",Billed
"Jun 1, 2023",C004,Noc ,R2584,395.1,480.9,GBP 28.00,"£11,061.95","413,397",Draft
"May 26, 2023",C011,Cld ,R6036,22.8,28.5,48.00,"1,093.48","44,360",Draft
2023-06-28,C008,dev ,R4542,106.5,141.4,45.00,"£4,791.52","₹220,936",billed
2023-12-05,C005,hd ,R3180,596.7,704.2,22.00,"£13,127.49","496,134",Credit
16/12/2023,C999,Dev,R1672,174.2,229.4,£45.00,"7,838.35","360,753",Credit
2023-12-05,C009,aut,R5149,27.7,33.3,£52.00,"£1,438.15","₹54,422",Billed
28/03/2023,C001,Noc ,R1031,692.4,838.5,28.00,"£19,386.70","764,716",Credit
2023-03-19,C004,noc,R2543,848.8,1018.8,28.00,"£23,766.21","898,754",Billed
"Oct 7, 2023",C003,AUT,R2160,83.9,111.8,£52.00,"4,360.99","159,104",BILLED
2023.02.18,C007,dev ,R4066,126.6,171.3,45.00,"£5,695.01","262,226",Billed
2023.04.04,C011,DEV,R6026,26.3,33.1,£45.00,"£1,182.41","₹55,293",Credit
"Aug 19, 2023",C002,aut,R1620,154.4,196.2,52.00,"£8,030.16","294,854",Draft
13/03/2023,C007,NOC,R4073,129.5,154.1,£28.00,"£3,626.58","INR 140,807",Draft
20/02/2023,C002,Noc ,R1537,290.5,358.5,£28.00,"£8,132.75","₹316,774",BILLED
15/07/2023,C012,DEV,R6533,NA,17.2,£45.00,n/a,"₹29,594",BILLED
23/11/2023,C008,Cld ,R4611,103.7,130.3,48.00,"GBP 4,975.67",,Credit
"Dec 11, 2023",C011,hd ,R6120,183.6,212.9,£22.00,NA,"₹151,424",billed
2023-08-26,C001,AUT,R1105,120.0,147.2,£52.00,"£6,238.74","INR 229,236",Billed
2023-10-10,C011,SOC,R6094,15.1,18.6,42.00,635.21,"₹23,089",Draft
2023-07-24,C006,aut,R3631,19.8,24.8,GBP 52.00,"£1,030.67","38,433",BILLED
26/05/2023,C002,OFP,R1585,191.8,226.5,n/a,"£3,069.00","INR 128,915",Billed
2023.10.14,C012,hd ,R6563,157.9,177.9,22.00,"3,474.49",null,Credit
2023-04-06,C012,OFP,R6503,124.9,142.2,£16.00,"1,997.99","81,073",billed
04/01/2023,C011,ofp ,R5990,118.5,138.9,£16.00,"£1,895.25","₹79,014",billed
"Apr 21, 2023",C005,noc,R3070,128.3,153.3,28.00,"£3,591.35","₹136,354",credit
"Jan 8, 2023",C012,hd ,R6461,369.5,429.7,n/a,"(2,438.47)","295,499",Draft
2023-03-09,C005,aut,R3064,31.9,39.2,-,"1,657.80","₹62,126",draft
"Sep 8, 2023",C005,ofp ,R3153,184.7,212.4,16.00,"2,955.35","121,394",Billed
2023-11-21,C006,aut,R3683,21.7,27.2,52.00,"£1,125.90","₹43,069",BILLED
2023.05.16,C004,AUT,R2576,n/a,321.9,£52.00,"£13,262.44","INR 485,044",Billed
2023-01-12,C002,aut,R1528,105.6,131.3,£52.00,"5,489.93","₹198,333",credit
16/01/2023,C006,dev ,R3543,91.7,122.3,£45.00,"4,127.60","198,520",credit
13/05/2023,C005,Hd,R3082,368.2,437.2,£22.00,"£8,099.33","311,158",Draft
"Jan 21, 2023",C008,Dev,R4472,112.9,144.5,£45.00,"5,080.66","232,200",Draft
2023-07-22,C004,soc ,R2604,236.1,300.5,42.00,"£9,915.63","₹349,056",billed
2023-04-20,C011, HD,R6018,223.2,264.6,£22.00,"£4,909.40","INR 173,441",draft
2023-01-09,C001,dev ,R1009,154.1,210.2,£45.00,"GBP 6,935.35","₹320,765",Billed
11/11/2023,C005,CLD,R3174,140.4,176.9,£48.00,"£6,740.51","INR 267,570",Draft
2023-10-24,C007, HD,R4173,335.8,400.8,£22.00,"7,388.07","280,031",Draft
"Nov 22, 2023",C012,Ofp,R6587,431.6,495.4,£16.00,"£6,905.91","₹277,804",draft
2023.11.19,C006,DEV,R3681,88.0,115.5,£45.00,"3,959.66","₹180,028",draft
2023-07-21,C006,SOC,R3626,52.1,66.4,42.00,"£2,189.25","₹76,955",Credit
05/04/2023,C006,Aut ,R3587,37.3,46.4,£52.00,"£1,940.54","69,521",BILLED
2023.02.21,C008,ofp ,R4492,177.1,203.6,£16.00,"2,833.11","₹111,567",Draft
2023-03-19,C004,noc,R2543,848.8,1018.8,28.00,"£23,766.21","898,754",Billed
24/02/2023,C003,soc ,R2037,186.3,239.2,£42.00,"£7,823.74","278,827",credit
"Jul 8, 2023",C007,cld,R4137,95.2,120.1,£48.00,,"185,646",Credit
2023-09-09,C012,NOC,R6550,68.7,83.8,£28.00,"£1,923.08","₹73,092",Billed
2023-12-24,C009,CLD,R5145,79.1,102.8,48.00,"£3,794.71","₹149,103",Credit
2023-10-17,C009,soc ,R5114,78.1,98.6,42.00,"3,281.07","112,174",BILLED
2023-05-22,C005,DEV,R3093,null,159.9,GBP 45.00,"5,822.04","₹265,699",BILLED
2023-05-26,C003,noc,R2079,790.4,940.4,28.00,"£22,132.24","₹870,550",Billed
"Aug 27, 2023",C005,Aut ,R3141,92.1,109.4,52.00,"£4,789.03","₹180,383",Credit
2023.05.13,C007,ofp ,R4118,414.3,465.6,£16.00,"6,629.19","273,077",Credit
2023-12-12,C008, HD,R4618,1146.0,1359.1,£22.00,"£25,212.06","931,023",Draft
2023-02-27,C002,Noc ,R1536,251.9,310.9,£28.00,"7,053.33","INR 262,152",draft
2023-04-02,C003,Noc ,R2066,397.9,472.5,28.00,"11,140.34","₹426,875",BILLED
17/03/2023,C007,DEV,R4081,74.0,96.9,45.00,"£3,330.46","₹155,607",Billed
2023-10-12,C001,OFP,R1138,201.4,236.6,GBP 16.00,#REF!,"₹139,243",billed
"Jul 7, 2023",C002,SOC,R1606,226.2,292.9,£42.00,"GBP 9,500.49","₹333,108",Credit
"Sep 21, 2023",C011,Ofp,R6091,213.8,255.6,£16.00,"£3,420.41","₹138,989",BILLED
"Oct 11, 2023",C012,Ofp,R6573,136.1,157.0,n/a,"2,177.05","90,034",Billed
2023.07.06,C006,HD,R3621,335.4,391.7,£22.00,"7,379.23","275,563",Credit
2023-03-09,C012,cld,R6488,20.9,26.2,48.00,"1,005.03","₹40,924",credit
2023-08-07,C005,Dev,R3139,65.5,81.5,£45.00,"£2,945.66","₹133,098",billed
2023-07-13,C012,Cld ,R6532,22.1,28.3,NA,"1,059.06","40,964",draft
11/06/2023,C010,OFP,R5576,170.2,194.7,£16.00,"2,722.91","107,125",credit
"Oct 24, 2023",C011,Ofp,R6102,234.4,275.2,£16.00,"3,750.29","152,582",Credit
2023-09-07,C009,Aut ,R5107,null,39.8,£52.00,"£1,648.73","₹61,999",Billed
2023-06-10,C003,Noc ,R2096,234.3,294.3,£28.00,"6,560.23","₹249,747",Draft
2023-05-10,C002,NOC,R1573,279.7,351.8,GBP 28.00,"£7,830.55","295,996",Credit
"Nov 20, 2023",C011,Ofp,R6117,223.3,262.7,£16.00,"£3,573.17","148,599",BILLED
2023.04.10,C999,soc ,R4512,127.5,159.0,n/a,"£5,355.67","INR 191,542",billed
2023-12-05,C008,NOC,R4619,141.6,168.5,GBP 28.00,"£3,965.15","₹153,268",Billed
2023.03.23,C008,dev ,R4503,103.9,130.4,45.00,"£4,675.72","219,369",credit
2023-05-12,C012,SOC,R6507,10.1,12.7,42.00,425.26,"₹14,956",Draft
2023-12-01,C007,Ofp,R4205,169.7,null,£16.00,"2,715.29","₹111,424",Draft
2023.02.05,C999,SOC,R2038,213.0,273.5,42.00,"£8,944.71","311,461",BILLED
2023.10.01,C008,cld,R4597,62.0,81.8,48.00,-,"₹124,333",Credit
05/05/2023,C006, HD,R3592,731.1,873.8,£22.00,"16,085.03","601,687",Credit
"Jan 12, 2023",C999, HD,R2015,353.7,410.5,£22.00,"£7,781.77","₹284,416",Billed
22/01/2023,C004,soc ,R2515,652.9,795.9,£42.00,"27,421.50","₹966,964",BILLED
2023-11-16,C009,Aut ,R5136,33.5,42.1,52.00,"£1,741.12","₹63,270",credit
2023-06-11,C004,aut,R2593,68.1,83.2,52.00,"3,541.64","127,667",Draft
2023-03-14,C008,soc ,R4500,48.2,58.8,42.00,"2,024.74","₹72,657",BILLED
2023-03-12,C010,DEV,R5530,22.2,27.6,£45.00,999.75,"₹44,908",Draft
2023-01-04,C002,Soc,R1522,301.0,383.3,£42.00,"£12,641.85","₹447,897",BILLED
2023.03.21,C006,OFP,R3573,188.9,217.6,GBP 16.00,"GBP 3,022.86","INR 124,035",Credit
2023-08-13,C001,noc,R1096,370.2,457.6,£28.00,"£10,366.78","₹386,464",Credit
11/07/2023,C001,AUT,R1088,117.0,145.9,£52.00,"6,084.50","₹232,088",credit
2023-09-01,C001,Aut ,R1125,97.5,120.8,52.00,"£5,070.13","INR 183,472",billed
2023.11.08,C008,Noc ,R4606,233.8,277.7,£28.00,"(1,963.75)","₹246,720",BILLED
2023.04.14,C007,soc ,R4092,64.4,80.5,£42.00,"2,705.16","₹93,894",draft
"Jul 13, 2023",C003,Noc ,R2116,367.6,426.9,£28.00,"£10,292.46","₹385,047",BILLED
"Oct 19, 2023",C001,DEV,R1133,213.1,261.4,£45.00,"£9,591.13","₹447,683",Draft
26/04/2023,C002,Hd,R1559,418.3,508.4,22.00,"£9,203.42","₹352,512",credit
2023-03-21,C003,CLD,R2057,158.3,,£48.00,"7,596.73","298,671",BILLED
"Jun 23, 2023",C004,SOC,R2585,233.3,296.8,£42.00,"9,796.75","357,571",credit
2023-02-12,C004,DEV,R2534,140.5,180.8,GBP 45.00,"(1,896.35)","INR 288,071",BILLED
2023.12.27,C012,SOC,R6593,10.1,12.7,42.00,£425.94,"14,399",credit
2023-08-08,C012,DEV,R6544,22.7,29.6,45.00,"£1,021.88","₹47,022",BILLED
2023-03-20,C999,cld,R1552,171.8,217.4,£48.00,"£8,247.08","₹326,356",billed
2023-08-14,C002,OFP,R1622,276.4,319.1,£16.00,"£4,422.59","185,098",Draft
26/07/2023,C002,noc,R1603,981.3,1147.0,£28.00,"27,475.41","1,047,250",BILLED
2023-04-22,C007,Noc ,R4090,363.6,446.2,28.00,"£10,181.39","₹378,745",credit
2023-04-23,C010,HD,R5536,647.8,760.9,£22.00,"14,251.75","₹534,273",BILLED
2023-08-17,C004,Ofp,R2625,178.6,208.8,16.00,"£2,856.94","₹119,679",Draft
"Jan 23, 2023",C999,aut,R4991,18.2,22.6,£52.00,£944.22,"34,483",Draft
"Feb 11, 2023",C011,OFP,R6003,131.3,153.5,£16.00,"£2,100.31","86,806",billed
2023-12-20,C004,Soc,R2674,383.6,470.4,£42.00,"16,109.68","INR 563,873",billed
2023.07.22,C008,aut,R4563,33.4,41.6,52.00,"£1,738.59","63,978",draft
2023-12-25,C004,Cld ,R2675,484.8,624.9,48.00,"£23,269.35","₹927,427",BILLED
2023-11-03,C999,noc,R2659,455.9,543.8,£28.00,,"₹507,944",draft
26/07/2023,C007,Hd,R4131,265.7,315.9,£22.00,"GBP 5,845.08","220,890",BILLED
"Feb 3, 2023",C008,ofp ,R4493,164.9,189.7,16.00,"£2,638.73","₹110,299",billed
2023-06-01,C009,DEV,R5061,-,61.2,45.00,(650.07),"98,958",Credit
2023.03.18,C005,DEV,R3062,118.2,155.3,£45.00,"5,320.90","252,324",Billed
"Jan 15, 2023",C006,OFP,R3548,149.4,168.4,£16.00,"£2,390.11","₹99,441",credit
2023-04-06,C999,Dev,R3584,71.7,89.4,45.00,"£3,226.60","INR 146,378",BILLED
"Jun 16, 2023",C010,noc,R5565,51.0,60.6,£28.00,"£1,426.93","54,810",draft
2023-03-02,C005,Soc,R3056,47.6,61.7,£42.00,"1,999.71","₹69,594",Draft
2023-06-09,C003,Aut ,R2108,71.0,88.8,52.00,"£3,691.59","₹133,700",Draft
2023.05.08,C004,ofp ,R2577,208.4,246.9,16.00,"£3,333.65","₹134,970",Draft
2023.03.18,C007,hd ,R4071,431.4,492.0,22.00,"(£2,847.17)","353,089",Credit
2023-11-27,C011,hd ,R6106,156.0,183.4,GBP 22.00,"£3,432.65","INR 127,252",Draft
2023-08-09,C010,Noc ,R5594,46.9,54.5,28.00,"£1,313.60","50,129",BILLED
11/06/2023,C009,OFP,R5067,99.7,116.6,£16.00,"£1,595.11","INR 65,164",Billed
2023-05-06,C012,Hd,R6504,445.5,533.5,£22.00,"£9,801.88","367,329",credit
04/06/2023,C999,Ofp,R6055,444.4,520.2,16.00,"£7,111.02","₹296,118",Credit
2023-04-16,C008,Noc ,R4510,135.8,161.2,28.00,"3,803.04","142,533",Credit
05/08/2023,C007,soc ,R4149,93.2,114.0,£42.00,"3,912.68","141,548",billed
"Jan 25, 2023",C002,SOC,R1523,322.4,410.6,42.00,"13,542.58","₹479,880",draft
2023-05-20,C005,hd ,R3084,377.6,448.4,22.00,"8,306.13","₹311,116",credit
2023.12.04,C005,DEV,R3186,102.4,130.1,£45.00,"£4,608.29","213,197",BILLED
2023.06.08,C002,Dev,R1593,198.6,254.8,45.00,"£8,935.46","₹428,802",draft
13/08/2023,C009,AUT,R5091,18.0,22.1,£52.00,936.45,"33,628",draft
24/11/2023,C012,hd ,R6577,232.8,285.7,GBP 22.00,"5,120.82","194,915",Credit
2023-06-10,C010,hd ,R5563,281.3,327.0,£22.00,"£6,189.05","₹227,634",Draft
2023-05-13,C003,ofp ,R2093,109.5,124.4,16.00,"£1,752.46","71,329",Draft
22/01/2023,C004,Dev,R2518,236.8,314.8,£45.00,"10,656.02","INR 485,737",draft
"May 6, 2023",C007,aut,R4115,31.5,40.4,£52.00,error,"60,372",Draft
2023-02-18,C008,cld,R4486,46.8,58.2,£48.00,"£2,247.93","90,307",credit
11/04/2023,C006,cld,R3582,118.5,150.5,GBP 48.00,"5,688.37","240,817",BILLED
"Mar 21, 2023",C006,Soc,R3566,53.1,66.0,42.00,"£2,229.96","₹76,436",billed
2023-12-24,C009,dev ,R5148,96.2,124.2,£45.00,"4,329.02","209,261",billed
2023-06-18,C005,Soc,R3104,55.1,68.8,42.00,"£2,314.94","81,017",Credit
2023.12.23,C007,Ofp,R4206,128.0,152.3,£16.00,"2,048.01","84,030",Billed
2023-05-18,C006,cld,R3597,107.0,136.8,£48.00,"£5,133.84","₹206,753",Draft
"Oct 17, 2023",C006,cld,R3666,96.2,119.9,£48.00,"£4,618.46","₹191,598",Credit
"Aug 15, 2023",C001,SOC,R1099,262.1,328.8,42.00,"£11,006.56","400,950",BILLED
01/12/2023,C012,Soc,R6594,9.6,12.0,42.00,401.89,"14,354",Billed
2023-12-23,C004,ofp ,R2679,656.7,754.0,16.00,"10,506.99","₹437,009",draft
2023-11-10,C006,Ofp,R3687,172.6,202.2,£16.00,"2,762.36","114,829",credit
21/10/2023,C005,NOC,R3158,243.2,291.0,£28.00,"GBP 6,809.24","INR 266,054",billed
"Jan 20, 2023",C007,soc ,R4047,148.8,187.9,42.00,"6,250.22","226,918",BILLED
2023-03-13,C006,Soc,R3567,49.9,62.0,42.00,"2,096.37","₹73,485",Draft
2023.03.11,C007,noc,R4074,102.1,121.4,28.00,"£2,857.69","110,678",billed
15/06/2023,C004, HD,R2582,394.3,456.6,£22.00,"£8,673.92","₹315,086",draft
2023.11.21,C003,Ofp,R2177,206.3,236.3,£16.00,"GBP 3,300.64","INR 133,852",draft
2023.01.18,C006,cld,R3540,76.2,97.7,£48.00,"3,657.05","₹146,838",BILLED
"Feb 15, 2023",C011,soc ,R5997,,16.1,GBP 42.00,£572.56,"₹19,977",Billed
2023-01-21,C006,NOC,R3538,194.7,238.8,GBP 28.00,NA,"207,093",Billed
2023-01-25,C005,aut,R3037,null,98.2,GBP 52.00,"£3,958.76","INR 146,841",Billed
25/12/2023,C008,Dev,R4629,129.4,164.2,£45.00,"£5,825.09","₹258,947",draft
2023-12-10,C005,aut,R3189,42.3,50.9,NA,"2,201.49","₹84,939",Billed
2023.10.08,C007,Hd,R4172,297.9,355.6,£22.00,"£6,553.24","243,650",Credit
2023-07-18,C001,Aut ,R1090,115.8,144.4,null,"6,021.78","₹222,500",billed
2023-10-06,C001,noc,R1130,812.0,986.2,£28.00,"GBP 22,737.17","₹855,669",credit
2023-08-15,C008,OFP,R4578,120.9,141.7,16.00,n/a,"₹80,223",credit
20/01/2023,C011,CLD,R5984,16.6,21.1,GBP 48.00,£798.21,"₹32,775",credit
2023-02-12,C010,soc ,R5514,10.8,13.3,£42.00,£453.54,"15,504",credit
2023-08-26,C008,Hd,R4565,906.2,1070.3,£22.00,"19,937.22","747,404",credit
20/03/2023,C001,AUT,R1039,165.1,211.6,52.00,"GBP 8,583.51","313,702",BILLED
2023.04.05,C007,HD,R4089,735.2,840.5,22.00,"(£4,852.22)","612,986",draft
"Jun 28, 2023",C012,Soc,R6516,11.3,13.9,£42.00,£475.22,"₹16,939",billed
2023-10-28,C004,DEV,R2653,268.3,359.5,£45.00,"12,074.40","548,634",BILLED
2023-03-01,C003,NOC,R2050,252.3,292.4,£28.00,"£7,063.06","282,541",Billed
10/08/2023,C011,Ofp,R6078,142.5,169.9,£16.00,"2,279.99","₹94,391",credit
2023-06-22,C001,CLD,R1073,390.3,483.0,48.00,"£18,732.17","INR 737,938",Billed
2023.05.28,C008,SOC,R4526,40.7,49.0,42.00,"£1,710.09","₹57,837",Draft
2023.10.11,C004,AUT,R2654,n/a,157.7,52.00,"6,504.30","₹248,103",draft
2023-04-03,C005,ofp ,R3081,405.1,487.2,16.00,"6,482.11","INR 270,321",BILLED
27/01/2023,C003,ofp ,R2030,196.9,220.8,16.00,"£3,151.09","128,704",BILLED
"Sep 27, 2023",C005,dev ,R3150,244.6,299.8,£45.00,NA,"₹516,520",Credit
2023-08-24,C006,aut,R3645,22.3,28.0,52.00,"£1,162.05","44,015",Credit
2023.06.21,C008,HD,R4535,319.8,375.0,£22.00,NA,"₹262,123",Credit
19/08/2023,C002,cld,R1616,117.8,146.3,48.00,"5,656.57","₹228,006",Draft
2023-05-11,C004,Soc,R2571,782.0,989.2,£42.00,"£32,845.99","₹1,163,021",billed
2023-11-04,C003,Hd,R2167,353.4,409.5,22.00,"7,774.15","₹287,695",Billed
2023-05-24,C003,Dev,R2086,125.4,161.5,£45.00,"5,641.83",NA,Credit
17/04/2023,C001,ofp ,R1053,546.1,652.6,£16.00,"GBP 8,737.76","₹351,826",credit
2023.01.23,C004,CLD,R2516,257.7,319.7,£48.00,"12,371.54","496,956",Credit
2023-07-02,C006,SOC,R3627,56.4,71.8,null,"2,367.92","₹83,330",Draft
18/04/2023,C007,Ofp,R4101,125.4,145.7,£16.00,"£2,006.65","81,705",Draft
2023.01.14,C008,ofp ,R4478,101.6,119.2,£16.00,"1,625.79","66,257",billed
01/03/2023,C005,OFP,R3067,139.6,172.0,16.00,"2,233.58","92,883",billed
2023.09.01,C008,hd ,R4580,942.4,1096.4,22.00,"20,732.83","₹794,551",Credit
"Jan 5, 2023",C008,cld,R4471,49.6,59.7,£48.00,"GBP 2,380.23","₹100,830",billed
"Aug 4, 2023",C006,DEV,R3644,177.0,218.8,45.00,"GBP 7,964.91","₹364,240",draft
2023-05-25,C010,aut,R5559,17.0,21.8,52.00,£883.93,"33,312",BILLED
"Feb 8, 2023",C004,hd ,R2525,385.1,454.2,£22.00,"£8,471.31",,Billed
16/01/2023,C001,OFP,R1014,187.5,216.0,£16.00,"3,000.66","₹120,413",Billed
"Jul 24, 2023",C008,CLD,R4560,53.6,69.8,£48.00,"2,570.44","₹105,803",billed
2023-07-15,C010,Noc ,R5579,84.8,102.8,28.00,"2,374.76","₹90,880",BILLED
24/11/2023,C009,NOC,R5126,130.2,152.4,GBP 28.00,"3,646.34","136,937",Draft
24/07/2023,C010,CLD,R5585,16.9,22.0,GBP 48.00,£809.62,"INR 32,383",Credit
17/01/2023,C001,Noc ,R1004,767.9,879.0,£28.00,"£21,501.01","INR 818,006",draft
2023-12-04,C010,hd ,R5641,212.1,248.8,22.00,"£4,665.69","₹172,276",billed
27/01/2023,C001,HD,R1002,484.3,557.7,22.00,"£10,653.64","₹408,942",Billed
"Apr 7, 2023",C004,ofp ,R2564,618.6,715.5,GBP 16.00,"£9,897.50","INR 404,670",Billed
2023-11-03,C006,soc ,R3678,62.9,79.3,42.00,"£2,642.77","₹95,782",Credit
2023.08.08,C005,cld,R3137,205.5,265.1,£48.00,"9,863.70","₹399,650",BILLED
"Jan 1, 2023",C003,HD,R2017,387.6,449.7,£22.00,"£8,526.23","₹321,993",Credit
2023-06-21,C008, HD,R4534,338.4,396.8,£22.00,"£7,444.48",NA,Billed
17/08/2023,C001,NOC,R1095,442.6,547.1,NA,"(£3,718.17)","466,041",BILLED
2023.03.03,C002,Soc,R1550,611.8,781.0,42.00,"25,697.68","₹895,081",billed
"Jan 13, 2023",C010,HD,R5492,176.0,203.3,£22.00,"(1,161.31)","141,219",BILLED
2023-05-04,C008,dev ,R4531,100.1,130.1,n/a,"£4,505.54","213,946",billed
2023.05.13,C005,soc ,R3088,85.6,105.1,42.00,"3,594.92","124,708",Draft
"Jul 17, 2023",C004,soc ,R2605,202.5,257.7,42.00,"8,504.79","₹299,558",Billed
27/06/2023,C003,soc ,R2100,160.9,199.2,£42.00,"6,758.05","236,972",Billed
"Jun 23, 2023",C008,OFP,R4549,114.5,137.9,£16.00,"1,832.01","₹74,237",Credit
28/08/2023,C003,ofp ,R2138,408.0,464.8,£16.00,"6,528.07","₹267,718",credit
2023-10-25,C010,NOC,R5614,185.3,208.4,28.00,"£5,187.50","201,296",Credit
20/07/2023,C007,AUT,R4141,39.6,50.9,£52.00,"£2,060.74","₹76,117",BILLED
2023.08.16,C011,Soc,R6072,16.6,20.9,42.00,696.98,"24,711",credit
2023.02.24,C004,Aut ,R2539,null,85.3,£52.00,"3,428.64","INR 125,132",credit
2023-03-28,C007,AUT,R4084,31.3,39.2,£52.00,"GBP 1,625.03","61,551",billed
2023-12-23,C001,Soc,R1160,381.7,467.0,£42.00,"£16,032.12","₹577,477",credit
2023-07-27,C004,ofp ,R2612,171.0,201.2,GBP 16.00,"£2,735.84","112,163",Credit
"Jul 26, 2023",C005,HD,R3118,435.6,518.3,22.00,"£9,584.03","₹350,819",Draft
2023-01-17,C004,ofp ,R2522,314.5,373.5,£16.00,"5,032.28","₹211,782",billed
2023-06-10,C004,SOC,R2587,200.8,255.5,£42.00,"£8,434.30","288,675",Credit
28/07/2023,C011, HD,R6057,156.6,185.7,£22.00,"£3,444.22","₹128,381",Billed
18/12/2023,C011,Aut ,R6128,5.1,6.5,£52.00,262.61,"9,707",BILLED
2023-02-21,C003,Soc,R2036,196.4,-,£42.00,"GBP 8,246.76","₹285,586",draft
"Aug 28, 2023",C006,cld,R3643,80.8,103.4,£48.00,"(1,162.93)","₹157,232",Billed
14/04/2023,C003, HD,R2063,457.1,537.6,£22.00,"10,056.57","₹372,901",BILLED
2023-10-17,C004,cld,R2651,241.3,303.0,£48.00,"£11,580.26","₹457,090",credit
2023-09-14,C002,CLD,R1632,151.2,181.7,£48.00,"7,257.53","297,769",credit
"Dec 20, 2023",C010,cld,R5648,18.2,23.6,48.00,£871.35,"₹35,153",BILLED
2023-02-06,C011,DEV,R6001,19.1,24.0,45.00,861.09,"40,007",Billed
2023-12-23,C006,Cld ,R3693,127.7,161.6,£48.00,"£6,130.96","₹250,644",Credit
2023-02-16,C010,SOC,R5512,13.3,16.4,£42.00,£556.69,"₹19,565",Billed
2023-08-26,C007,Noc ,R4145,120.4,145.3,£28.00,"3,370.89","133,134",draft
2023-01-04,C002,NOC,R1521,493.5,591.3,£28.00,"£13,819.08",null,credit
"Sep 6, 2023",C009,cld,R5105,65.0,80.8,48.00,"£3,119.89","123,591",credit
"Feb 12, 2023",C010,Hd,R5509,187.9,217.7,GBP 22.00,"£4,134.80","154,242",credit
2023-12-14,C006,Ofp,R3698,400.7,481.6,16.00,"6,411.56","INR 260,347",draft
"Dec 23, 2023",C003,noc,R2180,397.7,450.3,£28.00,"£11,136.61","INR 432,421",Credit
"Nov 7, 2023",C009,Soc,R5130,73.5,92.4,42.00,"£3,088.73","₹104,328",draft
2023.08.27,C003,Hd,R2127,932.4,1208.6,22.00,"20,512.61","761,016",Billed
"Apr 10, 2023",C010,CLD,R5540,18.7,23.1,48.00,GBP 898.94,"INR 36,159",billed
"Mar 21, 2023",C011,dev ,R6015,53.8,70.4,45.00,"2,421.76","INR 111,973",credit
2023-08-16,C007,Noc ,R4146,129.7,156.5,28.00,"£3,630.83","₹137,185",billed
20/07/2023,C011,cld,R6064,19.0,24.7,£48.00,911.22,"36,353",billed
2023.06.15,C005,ofp ,R3115,149.4,173.6,£16.00,"2,390.78","₹99,059",credit
2023.09.17,C001,CLD,R1118,175.4,222.0,£48.00,"£8,418.49","331,386",Billed
2023-09-25,C004,AUT,R2640,110.6,136.8,£52.00,"£5,753.49","211,835",BILLED
2023-04-09,C011,Cld ,R6025,23.0,28.3,£48.00,"£1,104.44","₹45,449",Draft
2023-06-26,C004,DEV,R2592,136.7,180.8,45.00,"£6,152.33","₹282,762",credit
2023.06.06,C004,ofp ,R2598,190.7,218.9,16.00,"£3,050.43","₹126,274",Billed
"Oct 2, 2023",C004,Aut ,R2655,143.5,180.9,£52.00,#REF!,"270,745",BILLED
"Aug 5, 2023",C006,NOC,R3638,138.8,170.3,28.00,"3,887.29","₹144,639",BILLED
07/07/2023,C006,NOC,R3622,147.8,179.5,GBP 28.00,"4,137.23","₹160,510",BILLED
2023-02-27,C002,NOC,R1535,267.2,329.9,NA,"7,482.70","280,031",BILLED
2023.05.01,C008,Soc,R4528,41.1,49.5,GBP 42.00,"£1,726.95","₹61,990",Draft
12/11/2023,C011,ofp ,R6116,221.0,259.9,£16.00,"3,536.33","₹141,383",Draft
03/02/2023,C004,AUT,R2538,82.4,106.6,52.00,"GBP 4,286.24","156,847",draft
"Mar 11, 2023",C009,DEV,R5018,61.6,79.4,£45.00,"£2,773.13","126,180",billed
2023-12-15,C011,Dev,R6125,31.0,39.9,£45.00,"£1,393.81","₹64,184",credit
"Sep 21, 2023",C008,OFP,R4591,121.5,138.7,£16.00,"£1,943.64","78,219",credit
2023-09-19,C009,OFP,R5109,178.6,203.0,£16.00,,"₹115,275",credit
"Apr 13, 2023",C009,DEV,R5035,53.5,69.7,£45.00,"GBP 2,409.50","₹111,374",credit
2023-09-21,C010,DEV,R5610,42.6,55.7,£45.00,"1,918.09","₹90,365",BILLED
"Nov 7, 2023",C002,Cld ,R1658,212.0,268.9,£48.00,"£10,173.64","399,813",billed
2023-04-03,C011,soc ,R6021,11.6,14.8,£42.00,GBP 488.16,"₹17,382",credit
2023-04-01,C002,dev ,R1566,199.4,253.8,£45.00,"£8,973.81","₹416,465",Billed
2023-09-11,C001,dev ,R1122,n/a,331.4,£45.00,"£11,738.86","544,746",BILLED
2023-06-10,C002,HD,R1586,1286.4,1508.4,£22.00,"£28,301.85","INR 1,042,149",Credit
28/07/2023,C012, HD,R6524,211.2,248.7,£22.00,"£4,645.66","171,502",Billed
2023-01-27,C008,OFP,R4479,94.9,111.3,16.00,"1,518.21","₹62,768",Billed
2023-04-01,C009,soc ,R5028,-,72.8,£42.00,"2,423.54","₹86,310",billed
2023-08-27,C010,ofp ,R5604,121.9,138.8,16.00,"£1,949.86","₹81,274",Billed
"Jan 4, 2023",C004,noc,R2514,394.2,489.5,£28.00,"11,037.27","420,582",Billed
2023.09.24,C003, HD,R2139,478.2,564.5,£22.00,"10,520.62","₹390,629",draft
2023-02-27,C012,OFP,R6482,186.0,222.5,16.00,(£892.90),"125,558",credit
2023.03.10,C003,HD,R2048,593.6,706.1,22.00,"£13,058.36","₹494,350",Billed
28/07/2023,C011,Cld ,R6063,18.7,24.3,48.00,£896.81,"₹35,635",BILLED
28/11/2023,C008,DEV,R4612,133.5,164.3,GBP 45.00,"£6,005.54","₹275,326",draft
"Dec 24, 2023",C006,Dev,R3696,66.5,82.8,45.00,"£2,991.65","143,873",Credit
"Sep 1, 2023",C012,soc ,R6552,13.3,17.1,42.00,£560.62,"INR 19,728",billed
2023.06.24,C010,AUT,R5575,8.7,11.2,£52.00,£453.82,"₹16,522",Credit
"Apr 24, 2023",C007,Aut ,R4099,38.3,48.0,52.00,"£1,991.72","73,544",Billed
17/06/2023,C999,NOC,R3103,185.0,216.1,28.00,"5,178.69","193,157",Billed
2023.07.03,C007,Ofp,R4142,443.6,531.5,£16.00,"7,097.12","₹298,561",Billed
"Apr 16, 2023",C003,Aut ,R2075,249.8,298.5,£52.00,"12,990.73","₹480,701",billed
05/07/2023,C011,HD,R6058,160.5,190.3,GBP 22.00,"£3,529.99","127,547",Draft
2023.06.05,C008,CLD,R4541,148.7,184.5,48.00,"7,135.80","₹276,888",BILLED
2023.03.09,C001,ofp ,R1042,201.4,231.1,£16.00,"GBP 3,222.98","131,471",BILLED
"Aug 17, 2023",C009,Cld ,R5089,45.8,57.4,48.00,"£2,197.74","₹88,170",billed
2023.01.25,C002,ofp ,R1532,160.7,187.6,£16.00,"£2,571.91","105,801",BILLED
